run,rollout,reward_mean,zero_std_group_ratio,trunc_ratio,response_len_mean,parity_absdiff_mean,parity_absdiff_max
grpo-s11,1,0.140625,0.4375,0.01953125,842.998,0.0193122,0.46114
grpo-s11,2,0.1328125,0.5,0.013671875,856.105,0.0122044,1.35402
grpo-s11,3,0.19140625,0.484375,0.00390625,924.863,0.0148297,1.81684
grpo-s11,4,0.140625,0.53125,0.0078125,993.986,0.0149826,0.760118
grpo-s11,5,0.16796875,0.5,0.0078125,1052.57,0.0140753,0.463499
grpo-s11,6,0.17382812,0.5,0.005859375,951.215,0.0116674,0.632084
grpo-s11,7,0.19726562,0.4375,0.009765625,1125.23,0.00748375,0.49412
grpo-s11,8,0.1875,0.546875,0.005859375,1106.94,0.00988133,0.727294
grpo-s11,9,0.19726562,0.46875,0.005859375,1145.33,0.00988058,1.08248
grpo-s11,10,0.22851562,0.4375,0.005859375,1152.52,0.00957935,0.479898
grpo-s11,11,0.17578125,0.53125,0.005859375,1187.49,0.0101089,0.497321
grpo-s11,12,0.26367188,0.375,0.0078125,1175.2,0.010328,0.493792
grpo-s11,13,0.24023438,0.359375,0.009765625,1178.28,0.0128723,0.379542
grpo-s11,14,0.3046875,0.40625,0.013671875,1268.73,0.0151333,0.450052
grpo-s11,15,0.3359375,0.34375,0.013671875,1258.6,0.00776902,0.415343
grpo-s11,16,0.24804688,0.421875,0.005859375,1189.04,0.00711071,0.480031
grpo-s11,17,0.234375,0.421875,0.009765625,1324.15,0.00939242,0.479847
grpo-s11,18,0.24023438,0.484375,0.01171875,1260.55,0.00786754,0.420002
grpo-s11,19,0.29101562,0.453125,0.0078125,1293.49,0.00656631,0.415774
grpo-s11,20,0.33398438,0.265625,0.013671875,1382.32,0.00419153,0.423195
grpo-s11,21,0.31835938,0.375,0.0234375,1370.38,0.00868693,0.475547
grpo-s11,22,0.27148438,0.46875,0.0078125,1208.6,0.00883688,0.487126
grpo-s11,23,0.22851562,0.40625,0.01953125,1447.97,0.00634675,0.498917
grpo-s11,24,0.30664062,0.5625,0.013671875,1347.54,0.00694479,0.5588
grpo-s11,25,0.32421875,0.421875,0.017578125,1330.18,0.0063663,0.463717
grpo-s11,26,0.21484375,0.546875,0.015625,1441.29,0.0071081,0.401242
grpo-s11,27,0.27734375,0.421875,0.013671875,1422.17,0.00614144,0.499811
grpo-s11,28,0.37890625,0.25,0.01171875,1225.29,0.00550873,0.566282
grpo-s11,29,0.28125,0.5,0.02734375,1544.2,0.0100347,0.363213
grpo-s11,30,0.27929688,0.5,0.04296875,1670.9,0.00710514,0.722864
grpo-s11,31,0.265625,0.484375,0.025390625,1459.56,0.00876734,0.499242
grpo-s11,32,0.26171875,0.53125,0.041015625,1668.41,0.00344387,0.469692
grpo-s11,33,0.32617188,0.421875,0.021484375,1481.36,0.0033164,0.461762
grpo-s11,34,0.33789062,0.453125,0.029296875,1613.78,0.00518726,0.388153
grpo-s11,35,0.328125,0.453125,0.05078125,1899.05,0.00783897,0.448621
grpo-s11,36,0.34570312,0.359375,0.037109375,1785.92,0.00434193,0.485203
grpo-s11,37,0.3046875,0.53125,0.056640625,1885.57,0.00688042,0.408201
grpo-s11,38,0.26953125,0.4375,0.048828125,1803.39,0.00557321,0.439984
grpo-s11,39,0.375,0.484375,0.044921875,1651.15,0.00418842,0.319873
grpo-s11,40,0.34570312,0.453125,0.05078125,2003.79,0.00482833,0.46955
grpo-s11,41,0.29296875,0.375,0.048828125,1965,0.00568989,0.391763
grpo-s11,42,0.35742188,0.359375,0.05078125,1758.8,0.00477561,0.735637
grpo-s11,43,0.31835938,0.578125,0.041015625,1815.94,0.00547631,0.487122
grpo-s11,44,0.30664062,0.5,0.04296875,1752.89,0.00539488,0.698028
grpo-s11,45,0.328125,0.5,0.03125,1889.59,0.00380705,0.497613
grpo-s11,46,0.35351562,0.390625,0.056640625,2064.35,0.00499194,0.492372
grpo-s11,47,0.25585938,0.515625,0.0703125,2007.69,0.00376447,0.485179
grpo-s11,48,0.25976562,0.375,0.04296875,2172.49,0.00994764,0.439938
grpo-s11,49,0.33398438,0.359375,0.05859375,2293.42,0.0035553,0.516006
grpo-s11,50,0.27929688,0.578125,0.048828125,1923.8,0.00554511,0.495651
grpo-s11,51,0.35742188,0.421875,0.064453125,2173.89,0.0047104,0.493549
grpo-s11,52,0.30664062,0.4375,0.083984375,2280.66,0.00390537,0.469536
grpo-s11,53,0.37304688,0.421875,0.068359375,2015.71,0.00295122,0.833709
grpo-s11,54,0.41015625,0.375,0.060546875,1797.7,0.00620377,0.495621
grpo-s11,55,0.29101562,0.546875,0.0625,2320.55,0.00324295,0.848277
grpo-s11,56,0.37304688,0.453125,0.0859375,2289.94,0.00646261,0.47607
grpo-s11,57,0.37109375,0.484375,0.05859375,2066.12,0.00437695,0.469661
grpo-s11,58,0.37695312,0.453125,0.08203125,2298.25,0.00255668,0.469696
grpo-s11,59,0.38085938,0.5,0.07421875,1935.38,0.00411087,0.461653
grpo-s11,60,0.38476562,0.453125,0.078125,2289.1,0.00469226,0.461122
grpo-s11,61,0.35742188,0.53125,0.12695312,2523.59,0.00469063,0.74255
grpo-s11,62,0.41015625,0.53125,0.09765625,2499.67,0.00568319,0.481162
grpo-s11,63,0.41601562,0.421875,0.064453125,2286.91,0.0045696,0.564543
grpo-s11,64,0.4453125,0.375,0.068359375,2188.68,0.00339396,0.4831
grpo-s11,65,0.33007812,0.375,0.08203125,2249.03,0.00489978,0.560464
grpo-s11,66,0.40429688,0.359375,0.10351562,2474.09,0.00395402,0.895347
grpo-s11,67,0.3125,0.515625,0.13867188,3033.88,0.00276783,0.545462
grpo-s11,68,0.37890625,0.453125,0.10742188,2745.82,0.00375173,0.70915
grpo-s11,69,0.34375,0.5625,0.11914062,3076.95,0.00623975,1.17598
grpo-s11,70,0.38476562,0.5,0.13085938,2767.38,0.00374223,0.624035
grpo-s11,71,0.453125,0.53125,0.1015625,2606.3,0.00544205,0.708963
grpo-s11,72,0.39648438,0.5,0.12304688,2713.43,0.00470544,0.488649
grpo-s11,73,0.40429688,0.40625,0.11132812,2743,0.00406957,0.988202
grpo-s11,74,0.30078125,0.46875,0.15039062,3177.27,0.0045117,0.709094
grpo-s11,75,0.43945312,0.546875,0.080078125,2346.29,0.00367336,0.990246
grpo-s11,76,0.38476562,0.53125,0.11523438,3008.99,0.00482583,0.593017
grpo-s11,77,0.34570312,0.4375,0.11914062,3069.41,0.00485499,0.717448
grpo-s11,78,0.30859375,0.53125,0.140625,3131.22,0.00473192,0.596218
grpo-s11,79,0.34570312,0.421875,0.16210938,3271.43,0.0051028,0.496622
grpo-s11,80,0.39257812,0.59375,0.14648438,2790.28,0.00688826,0.744265
grpo-s11,81,0.3828125,0.421875,0.14648438,3355.26,0.00204896,0.616577
grpo-s11,82,0.34960938,0.40625,0.14257812,3128.83,0.00452744,0.747242
grpo-s11,83,0.37695312,0.5,0.12890625,2744.63,0.00232815,0.64282
grpo-s11,84,0.42773438,0.359375,0.1328125,2981.13,0.00457238,0.485205
grpo-s11,85,0.35546875,0.53125,0.13671875,2983.22,0.00280963,0.586097
grpo-s11,86,0.375,0.46875,0.14257812,2851.02,0.00389714,0.779629
grpo-s11,87,0.35742188,0.46875,0.11523438,2953.91,0.00389385,0.66866
grpo-s11,88,0.33789062,0.4375,0.1171875,3005.88,0.00271351,1.08545
grpo-s11,89,0.29882812,0.46875,0.11132812,3018.11,0.00343729,0.747852
grpo-s11,90,0.38476562,0.546875,0.11328125,2948.34,0.00336205,0.562426
grpo-s11,91,0.35546875,0.53125,0.109375,2814.29,0.00669522,0.950929
grpo-s11,92,0.45507812,0.40625,0.087890625,2584.41,0.00453195,0.57525
grpo-s11,93,0.44921875,0.40625,0.12304688,2743.41,0.00301114,1.11733
grpo-s11,94,0.38085938,0.40625,0.10742188,2614.14,0.00402389,0.749362
grpo-s11,95,0.41210938,0.46875,0.109375,2670.67,0.00254299,0.877476
grpo-s11,96,0.38867188,0.4375,0.13671875,3007.78,0.00737315,0.648793
grpo-s11,97,0.31835938,0.46875,0.11328125,2817.61,0.00392456,5.02977
grpo-s11,98,0.4140625,0.515625,0.09375,2529.82,0.00556797,0.936126
grpo-s11,99,0.39453125,0.5,0.083984375,2242.84,0.00337325,1.13228
grpo-s11,100,0.2890625,0.53125,0.10351562,2717.95,0.00248889,1.12313
grpo-s11,101,0.37304688,0.421875,0.0859375,2385.4,0.00562155,0.492894
grpo-s11,102,0.35351562,0.4375,0.11523438,2791.71,0.00375996,0.737512
grpo-s11,103,0.3359375,0.53125,0.10742188,2638.61,0.00544611,0.698185
grpo-s11,104,0.30859375,0.5625,0.05859375,2107.73,0.00442117,0.533959
grpo-s11,105,0.43359375,0.53125,0.099609375,2189.22,0.0030786,0.788287
grpo-s11,106,0.37304688,0.46875,0.091796875,2446.98,0.00382816,0.737802
grpo-s11,107,0.37890625,0.421875,0.12109375,2904.39,0.00391705,0.789892
grpo-s11,108,0.32617188,0.5625,0.109375,2534.49,0.00516457,0.620756
grpo-s11,109,0.34375,0.546875,0.1171875,2798.08,0.00323419,0.846955
grpo-s11,110,0.3671875,0.4375,0.10742188,2862.82,0.00257021,3.67498
grpo-s11,111,0.38085938,0.484375,0.14257812,2864.48,0.00491401,0.934069
grpo-s11,112,0.45703125,0.4375,0.0859375,2431.33,0.00519462,0.937833
grpo-s11,113,0.421875,0.5625,0.11523438,2518.12,0.00319212,0.810764
grpo-s11,114,0.3359375,0.53125,0.11132812,2768.05,0.00201979,0.813667
grpo-s11,115,0.50976562,0.515625,0.099609375,2649.12,0.00246245,1.00827
grpo-s11,116,0.44335938,0.453125,0.11132812,2642.62,0.00400406,1.09942
grpo-s11,117,0.39453125,0.5,0.13085938,2711.37,0.00669464,0.86933
grpo-s11,118,0.2265625,0.609375,0.15820312,3170.7,0.00454507,0.685041
grpo-s11,119,0.44140625,0.421875,0.10546875,2516.19,0.0030279,0.740408
grpo-s11,120,0.421875,0.4375,0.09765625,2372.07,0.00440081,1.14631
grpo-s11,121,0.35351562,0.5,0.12304688,2640.27,0.00414984,0.701026
grpo-s11,122,0.40234375,0.5,0.10546875,2594.34,0.0028899,1.18867
grpo-s11,123,0.36523438,0.578125,0.078125,2119.07,0.00242054,0.692305
grpo-s11,124,0.328125,0.515625,0.0859375,2470.57,0.00441078,1.0732
grpo-s11,125,0.36132812,0.46875,0.076171875,2310.71,0.00498181,0.998263
grpo-s11,126,0.38867188,0.515625,0.078125,2068.65,0.00441909,0.842814
grpo-s11,127,0.3828125,0.453125,0.109375,2650.28,0.00491717,0.499546
grpo-s11,128,0.40429688,0.421875,0.109375,2619.89,0.00568018,0.997994
grpo-s11,129,0.4296875,0.53125,0.080078125,2238,0.00311712,1.12671
grpo-s11,130,0.36523438,0.46875,0.09765625,2317.86,0.00227391,1.22886
grpo-s11,131,0.35351562,0.53125,0.1015625,2379.9,0.00696001,1.22288
grpo-s11,132,0.46289062,0.4375,0.1328125,2688.86,0.00738201,0.977501
grpo-s11,133,0.38476562,0.46875,0.091796875,2072.68,0.00404572,1.56202
grpo-s11,134,0.42773438,0.515625,0.078125,2171.05,0.00479776,0.944058
grpo-s11,135,0.40039062,0.484375,0.09375,2326.5,0.00432369,2.73533
grpo-s11,136,0.3984375,0.546875,0.06640625,2028.29,0.00153053,0.998055
grpo-s11,137,0.36132812,0.484375,0.09375,2175.36,0.00358212,0.698381
grpo-s11,138,0.40039062,0.390625,0.10351562,2445.24,0.00183261,1.37782
grpo-s11,139,0.33789062,0.53125,0.12890625,2842.59,0.00287099,0.874566
grpo-s11,140,0.39453125,0.515625,0.12695312,2704.76,0.00295618,1.07724
grpo-s11,141,0.49414062,0.46875,0.064453125,1988.43,0.00222269,0.69838
grpo-s11,142,0.30664062,0.578125,0.10742188,2784.04,0.00319027,1.21531
grpo-s11,143,0.390625,0.5,0.1015625,2415.41,0.00226755,1.22301
grpo-s11,144,0.37890625,0.5625,0.09765625,2310.12,0.00336381,0.813667
grpo-s11,145,0.37109375,0.46875,0.10546875,2660.43,0.00407678,1.4987
grpo-s11,146,0.33789062,0.546875,0.13476562,2798.45,0.00280297,1.61953
grpo-s11,147,0.39648438,0.40625,0.083984375,2138.1,0.0024175,0.935285
grpo-s11,148,0.37109375,0.609375,0.099609375,2440.21,0.00499118,0.848277
grpo-s11,149,0.3359375,0.4375,0.12304688,2715.97,0.00352747,1.08429
grpo-s11,150,0.390625,0.4375,0.091796875,2453.12,0.00182971,1.66721
grpo-s11,151,0.49609375,0.453125,0.099609375,2328.32,0.00337458,6.32172
grpo-s11,152,0.32226562,0.484375,0.12304688,2598.25,0.00372022,0.773353
grpo-s11,153,0.41992188,0.53125,0.125,2447.44,0.00270518,0.977194
grpo-s11,154,0.42382812,0.53125,0.1171875,2340.05,0.00424447,1.15349
grpo-s11,155,0.43164062,0.5,0.11914062,2185.53,0.00442472,1.32707
grpo-s11,156,0.40429688,0.53125,0.13476562,2711.88,0.00379417,0.73761
grpo-s11,157,0.4375,0.640625,0.0859375,2226.75,0.0046512,0.596961
grpo-s11,158,0.36523438,0.53125,0.1328125,2691.54,0.00464572,1.09947
grpo-s11,159,0.3671875,0.484375,0.13085938,2690.22,0.0036503,0.98579
grpo-s11,160,0.44140625,0.515625,0.12109375,2264.2,0.00319884,0.937833
grpo-s11,161,0.27929688,0.515625,0.18359375,3243.61,0.00326346,1.37613
grpo-s11,162,0.27539062,0.46875,0.12109375,2461.71,0.00285718,1.08427
grpo-s11,163,0.3984375,0.4375,0.12109375,2394.36,0.00584328,0.993524
grpo-s11,164,0.37304688,0.453125,0.083984375,2159.39,0.00414637,1.02448
grpo-s11,165,0.3359375,0.578125,0.15234375,2845.22,0.0078166,1.5368
grpo-s11,166,0.42382812,0.515625,0.109375,2363.71,0.00258551,1.17193
grpo-s11,167,0.40039062,0.46875,0.11328125,2206.54,0.00347111,1.04107
grpo-s11,168,0.34960938,0.515625,0.1484375,2766.54,0.00182365,1.0467
grpo-s11,169,0.45703125,0.484375,0.1015625,2296.34,0.00382708,0.958997
grpo-s11,170,0.29101562,0.53125,0.16992188,2862.16,0.00276457,0.875472
grpo-s11,171,0.3125,0.484375,0.10546875,2428.74,0.00288223,1.43548
grpo-s11,172,0.35351562,0.4375,0.10742188,2527.57,0.00382722,1.22301
grpo-s11,173,0.38867188,0.5,0.1015625,2363.09,0.00291223,2.10793
grpo-s11,174,0.375,0.5,0.12890625,2699.86,0.00329696,1.62032
grpo-s11,175,0.3046875,0.703125,0.10351562,2430.85,0.00477624,0.999318
grpo-s11,176,0.43554688,0.390625,0.10742188,2269,0.00380509,1.54666
grpo-s11,177,0.48632812,0.546875,0.10351562,2380.36,0.00311856,0.877478
grpo-s11,178,0.37109375,0.53125,0.1015625,2539.79,0.00288661,1.03694
grpo-s11,179,0.4453125,0.390625,0.08984375,2430.03,0.00279265,1.2325
grpo-s11,180,0.390625,0.5,0.083984375,2071.9,0.00484156,0.846372
grpo-s11,181,0.33984375,0.453125,0.125,2542.86,0.00627984,0.987056
grpo-s11,182,0.40820312,0.484375,0.1015625,2409.75,0.00368904,1.11055
grpo-s11,183,0.36914062,0.5625,0.15234375,2720.7,0.00547868,3.17449
grpo-s11,184,0.40820312,0.515625,0.12890625,2619.22,0.00376935,1.31443
grpo-s11,185,0.38671875,0.546875,0.11523438,2306.12,0.00315212,1.25
grpo-s11,186,0.34179688,0.328125,0.1015625,2337.46,0.00213345,1.47963
grpo-s11,187,0.2890625,0.5625,0.11914062,2351.63,0.00486234,1.32948
grpo-s11,188,0.30078125,0.515625,0.095703125,2200.31,0.00465585,1.82477
grpo-s11,189,0.30664062,0.46875,0.095703125,2099.09,0.00424727,0.771174
grpo-s11,190,0.28710938,0.453125,0.125,2429.47,0.00326262,1.80495
grpo-s11,191,0.3671875,0.421875,0.09375,2144.77,0.00667857,1.08773
grpo-s11,192,0.24023438,0.546875,0.14648438,2580.75,0.00166033,1.34709
grpo-s11,193,0.28710938,0.59375,0.083984375,2062.36,0.00550395,1.31003
grpo-s11,194,0.32421875,0.5,0.125,2363.53,0.00469047,1.15285
grpo-s11,195,0.37695312,0.546875,0.0859375,1869.13,0.00727955,0.908821
grpo-s11,196,0.36132812,0.5625,0.12304688,2372.89,0.00494492,1.40282
grpo-s11,197,0.3359375,0.453125,0.125,2424.62,0.00491657,0.625001
grpo-s11,198,0.27929688,0.625,0.1015625,2133.55,0.00443753,1.30099
grpo-s11,199,0.37304688,0.625,0.09375,2320.21,0.002388,1.20245
grpo-s11,200,0.4453125,0.390625,0.091796875,2042.52,0.00522036,2.57451
grpo-s11,201,0.30664062,0.546875,0.13867188,2579.75,0.00576153,0.907267
grpo-s11,202,0.31445312,0.578125,0.1640625,2734.43,0.00318702,0.980615
grpo-s11,203,0.42578125,0.4375,0.08984375,2007.92,0.0050664,0.877088
grpo-s11,204,0.3984375,0.53125,0.060546875,1691.39,0.00298735,0.625676
grpo-s11,205,0.32421875,0.578125,0.13867188,2444.25,0.00359858,1.37527
grpo-s11,206,0.45898438,0.515625,0.11523438,2209.07,0.00188998,1.31004
grpo-s11,207,0.34179688,0.5625,0.17578125,2778.86,0.0026321,1.16111
grpo-s11,208,0.33398438,0.453125,0.1171875,2490.26,0.0030306,1.26563
grpo-s11,209,0.390625,0.46875,0.11914062,2283.6,0.0031873,1.05844
grpo-s11,210,0.28125,0.515625,0.14648438,2759.13,0.00274243,1.48176
grpo-s11,211,0.38476562,0.546875,0.1171875,2378.24,0.00588365,0.597917
grpo-s11,212,0.27148438,0.609375,0.18945312,2936.83,0.00392207,1.53542
grpo-s11,213,0.33789062,0.515625,0.14648438,2572.54,0.00268245,1.09616
grpo-s11,214,0.37109375,0.609375,0.13671875,2453.71,0.00851945,2.23738
grpo-s11,215,0.3671875,0.609375,0.109375,2214.87,0.0041099,1.01168
grpo-s11,216,0.41015625,0.46875,0.11328125,2263.82,0.00393724,1.38095
grpo-s11,217,0.39257812,0.5625,0.11328125,2089.32,0.00503099,0.707708
grpo-s11,218,0.41992188,0.625,0.13476562,2274.71,0.00243467,1.17984
grpo-s11,219,0.42382812,0.421875,0.12304688,2425.43,0.00687208,1.03695
grpo-s11,220,0.36914062,0.53125,0.12109375,2356.83,0.00387298,1.05844
grpo-s11,221,0.328125,0.53125,0.15625,2563.6,0.00593176,1.01366
grpo-s11,222,0.41992188,0.5625,0.11132812,2253.16,0.0040799,1.08394
grpo-s11,223,0.36523438,0.546875,0.21484375,3053.66,0.00701045,1.44194
grpo-s11,224,0.37695312,0.578125,0.16796875,2831.85,0.00481069,1.54463
grpo-s11,225,0.390625,0.640625,0.15429688,2684.94,0.00338334,1.9558
grpo-s11,226,0.43359375,0.53125,0.140625,2456.54,0.00265725,1.79299
grpo-s11,227,0.35351562,0.515625,0.16601562,2770.63,0.0059077,1.93012
grpo-s11,228,0.3515625,0.484375,0.19921875,2946.67,0.0053912,8.17422
grpo-s11,229,0.33789062,0.546875,0.12890625,2363.62,0.00437553,4.22101
grpo-s11,230,0.34570312,0.5,0.21875,3097.23,0.004071,1.47149
grpo-s11,231,0.35351562,0.53125,0.20898438,3012.67,0.00394732,1.23991
grpo-s11,232,0.31445312,0.5,0.19335938,2912.99,0.00474548,1.26562
grpo-s11,233,0.41015625,0.484375,0.16015625,2516.23,0.00566057,1.11055
grpo-s11,234,0.27734375,0.453125,0.203125,3030.2,0.00366419,1.27036
grpo-s11,235,0.29882812,0.53125,0.15429688,2480.01,0.00407234,1.87786
grpo-s11,236,0.36132812,0.5625,0.19335938,2794.06,0.00417915,1.60522
grpo-s11,237,0.2734375,0.609375,0.23632812,3189.32,0.00375489,1.14439
grpo-s11,238,0.32421875,0.5,0.16796875,2702.45,0.00434613,1.1708
grpo-s11,239,0.34765625,0.546875,0.26171875,3306.4,0.00358991,1.01423
grpo-s11,240,0.40039062,0.640625,0.171875,2775.23,0.00428096,1.13836
grpo-s11,241,0.3828125,0.515625,0.20507812,3068.2,0.00298846,1.64099
grpo-s11,242,0.38867188,0.609375,0.19921875,2906.87,0.00391318,2.89109
grpo-s11,243,0.35351562,0.5625,0.1484375,2588.84,0.00414548,1.58895
grpo-s11,244,0.35351562,0.515625,0.24804688,3472.26,0.00363522,0.873876
grpo-s11,245,0.33984375,0.546875,0.21484375,3268.72,0.00429047,1.6048
grpo-s11,246,0.38476562,0.46875,0.24414062,3493.32,0.00267946,2.21649
grpo-s11,247,0.40234375,0.46875,0.18359375,3132.64,0.0050145,1.81496
grpo-s11,248,0.48828125,0.46875,0.22265625,3502.66,0.00614778,1.82514
grpo-s11,249,0.359375,0.5,0.21875,3228.62,0.00244101,1.3124
grpo-s11,250,0.328125,0.5,0.27539062,3641.45,0.004212,1.24999
grpo-s11,251,0.3203125,0.609375,0.2421875,3511.8,0.00257066,1.37782
grpo-s11,252,0.36132812,0.484375,0.20703125,3247.11,0.00514177,1.0918
grpo-s11,253,0.36914062,0.5,0.20117188,3144.34,0.00392097,1.2243
grpo-s11,254,0.3828125,0.484375,0.24023438,3664.02,0.00332305,0.988128
grpo-s11,255,0.40039062,0.546875,0.21875,3258.56,0.00262074,1.47686
grpo-s11,256,0.26953125,0.5625,0.22851562,3236.17,0.00378264,0.749998
grpo-s11,257,0.30664062,0.703125,0.27148438,3602.31,0.00383168,1.77427
grpo-s11,258,0.29492188,0.546875,0.28320312,4030.39,0.00380591,1.17171
grpo-s11,259,0.38476562,0.453125,0.20507812,3253.97,0.00490952,0.84061
grpo-s11,260,0.33007812,0.484375,0.22265625,3304.54,0.00371266,1.48329
grpo-s11,261,0.39453125,0.40625,0.18164062,2908.19,0.00327533,0.874227
grpo-s11,262,0.43164062,0.546875,0.15625,2594.22,0.00389674,1.21333
grpo-s11,263,0.37109375,0.453125,0.26171875,3602.08,0.00301301,1.81347
grpo-s11,264,0.45507812,0.484375,0.20117188,3114.52,0.00428109,1.0783
grpo-s11,265,0.296875,0.6875,0.23242188,3364.28,0.00231999,1.20618
grpo-s11,266,0.3828125,0.59375,0.24023438,3521.25,0.00356983,1.03694
grpo-s11,267,0.37890625,0.453125,0.24609375,3572.99,0.0044603,3.76622
grpo-s11,268,0.38085938,0.515625,0.25390625,3612.33,0.00517384,0.937834
grpo-s11,269,0.421875,0.546875,0.21289062,3287.56,0.00212067,1.12676
grpo-s11,270,0.29296875,0.546875,0.25195312,3661.11,0.00566594,3.07331
grpo-s11,271,0.39453125,0.453125,0.24414062,3470.24,0.00348727,1.00827
grpo-s11,272,0.43945312,0.453125,0.2265625,3259.92,0.00514786,1.03695
grpo-s11,273,0.37695312,0.484375,0.24804688,3515.95,0.00638583,1.19435
grpo-s11,274,0.41210938,0.4375,0.22265625,3399.14,0.00283214,1.7044
grpo-s11,275,0.36914062,0.515625,0.2421875,3745.43,0.00377634,1.54666
grpo-s11,276,0.38867188,0.53125,0.21679688,3231.94,0.00258944,1.90536
grpo-s11,277,0.39648438,0.4375,0.2421875,3587.92,0.00247569,1.15285
grpo-s11,278,0.33203125,0.578125,0.29492188,4143.63,0.00332749,3.90533
grpo-s11,279,0.33984375,0.59375,0.2421875,3566.95,0.00232573,2.31396
grpo-s11,280,0.36328125,0.578125,0.17578125,3096.7,0.00158117,1.1328
grpo-s11,281,0.41601562,0.4375,0.20117188,3338.51,0.00392814,1.89123
grpo-s11,282,0.38867188,0.515625,0.1875,3066.2,0.00339542,1.09236
grpo-s11,283,0.38671875,0.484375,0.26757812,3875.94,0.00279422,1.49433
grpo-s11,284,0.40625,0.53125,0.1953125,3280.08,0.00274894,1.26563
grpo-s11,285,0.41992188,0.53125,0.23046875,3427.09,0.0034626,1.41673
grpo-s11,286,0.32617188,0.53125,0.25390625,3775.88,0.00288083,1.33041
grpo-s11,287,0.4375,0.59375,0.26367188,3731.52,0.00415493,1.79681
grpo-s11,288,0.43164062,0.40625,0.21484375,3514.49,0.00333143,1.69908
grpo-s11,289,0.31640625,0.5625,0.27929688,3828.22,0.00335059,0.990058
grpo-s11,290,0.35351562,0.5,0.24609375,3671.24,0.00275782,1.16685
grpo-s11,291,0.328125,0.609375,0.22851562,3678.07,0.00443537,1.37613
grpo-s11,292,0.33203125,0.40625,0.27929688,4013.07,0.00218122,1.31454
grpo-s11,293,0.4375,0.375,0.23046875,3608.92,0.00281741,2.6586
grpo-s11,294,0.34570312,0.484375,0.33398438,4445.31,0.00263851,9.23354
grpo-s11,295,0.35546875,0.484375,0.31835938,4305.55,0.00302078,1.32452
grpo-s11,296,0.37890625,0.421875,0.27539062,3837.29,0.00277277,2.16084
grpo-s11,297,0.38671875,0.5,0.26953125,3780.26,0.00411102,1.32947
grpo-s11,298,0.38671875,0.3125,0.25390625,3798.48,0.00315242,1.73497
grpo-s11,299,0.36523438,0.515625,0.2265625,3724.65,0.00309612,1.75
grpo-s11,300,0.36914062,0.5,0.30078125,4074.99,0.003688,1.49455
grpo-s11,301,0.34375,0.5,0.296875,4082.34,0.00260819,3.37604
grpo-s11,302,0.32421875,0.484375,0.2890625,4131.1,0.0027253,1.11506
grpo-s11,303,0.33007812,0.578125,0.23632812,3743.3,0.00274836,1.59456
grpo-s11,304,0.41015625,0.53125,0.29492188,4123.94,0.00289231,11.3526
grpo-s11,305,0.34765625,0.515625,0.28320312,4265.9,0.00295282,1.11116
grpo-s11,306,0.42382812,0.4375,0.24609375,3732.53,0.00193769,2.119
grpo-s11,307,0.45507812,0.484375,0.2890625,4167.72,0.00340005,1.73532
grpo-s11,308,0.3359375,0.484375,0.3125,4387.42,0.00253442,1.4987
grpo-s11,309,0.3515625,0.484375,0.29492188,4060.57,0.00241491,1.78879
grpo-s11,310,0.3359375,0.53125,0.34179688,4700.8,0.00470955,1.59261
grpo-s11,311,0.29101562,0.515625,0.35351562,4807.01,0.0029649,1.49455
grpo-s11,312,0.30273438,0.53125,0.359375,4624.39,0.00240734,1.65701
grpo-s11,313,0.37695312,0.625,0.26757812,3936.69,0.0033271,2.09538
grpo-s11,314,0.46875,0.59375,0.2890625,4029.11,0.00177293,2.30162
grpo-s11,315,0.4453125,0.4375,0.3359375,4293.64,0.00321828,1.15254
grpo-s11,316,0.36328125,0.578125,0.36523438,4762.1,0.0024699,1.95813
grpo-s11,317,0.31835938,0.53125,0.35546875,4763.33,0.00417147,2.28721
grpo-s11,318,0.31835938,0.5625,0.3203125,4590.22,0.00325267,1.70827
grpo-s11,319,0.34179688,0.46875,0.37890625,4778.19,0.00275258,1.92534
grpo-s11,320,0.41992188,0.46875,0.26757812,4382.98,0.00196202,1.94912
grpo-s11,321,0.38085938,0.578125,0.33789062,4922.18,0.00244185,3.43817
grpo-s11,322,0.33007812,0.53125,0.3046875,4492.51,0.00330134,2.56275
grpo-s11,323,0.515625,0.453125,0.29101562,4411.18,0.00207546,2.33821
grpo-s11,324,0.39648438,0.546875,0.25,4055.77,0.00311618,2.07436
grpo-s11,325,0.3359375,0.5625,0.32226562,4447.23,0.00269732,1.26563
grpo-s11,326,0.33984375,0.515625,0.33984375,4720.24,0.00329737,1.52432
grpo-s11,327,0.41210938,0.53125,0.25390625,3996.57,0.00378463,1.26562
grpo-s11,328,0.35351562,0.484375,0.33789062,4840.57,0.00252166,3.57487
grpo-s11,329,0.38476562,0.546875,0.31835938,4427.4,0.00246386,2.07451
grpo-s11,330,0.31445312,0.484375,0.32226562,4422.86,0.00271611,1.44203
grpo-s11,331,0.37304688,0.515625,0.3203125,4568.02,0.00367161,0.99452
grpo-s11,332,0.38867188,0.46875,0.328125,4478.71,0.00179038,2.11834
grpo-s11,333,0.359375,0.484375,0.25585938,4037.98,0.00470702,1.66938
grpo-s11,334,0.3671875,0.59375,0.296875,4366.72,0.00218751,2.12482
grpo-s11,335,0.3046875,0.5625,0.34960938,4761.14,0.0027684,1.60121
grpo-s11,336,0.33789062,0.5625,0.30273438,4533.16,0.00176277,1.33429
grpo-s11,337,0.4453125,0.59375,0.27148438,4029.62,0.00335473,1.88575
grpo-s11,338,0.28710938,0.53125,0.33203125,4596.76,0.00192619,1.74594
grpo-s11,339,0.4375,0.59375,0.29492188,4166.3,0.00388724,3.54331
grpo-s11,340,0.390625,0.546875,0.2109375,3681.48,0.00609045,4.44452
grpo-s11,341,0.36328125,0.578125,0.29296875,4165.51,0.00210463,1.3696
grpo-s11,342,0.40820312,0.484375,0.27539062,4284.02,0.00367788,2.09828
grpo-s11,343,0.328125,0.515625,0.33789062,4600.68,0.00220888,1.94514
grpo-s11,344,0.33007812,0.515625,0.38867188,4861.99,0.00324113,2.34046
grpo-s11,345,0.36914062,0.40625,0.29101562,4202.83,0.00540888,2.07834
grpo-s11,346,0.3671875,0.484375,0.28515625,4092.37,0.00287786,4.5613
grpo-s11,347,0.33007812,0.609375,0.30273438,4448.23,0.00390749,1.31004
grpo-s11,348,0.44140625,0.546875,0.18945312,3543.65,0.00209548,2.48122
grpo-s11,349,0.43554688,0.5,0.25976562,4076.39,0.00405699,1.52427
grpo-s11,350,0.34765625,0.546875,0.27929688,4223.83,0.00251917,1.62078
grpo-s11,351,0.38085938,0.609375,0.25195312,3921.58,0.00249477,2.19202
grpo-s11,352,0.41796875,0.53125,0.23242188,3771.31,0.00366362,5.49997
grpo-s11,353,0.40625,0.5625,0.27929688,4147.42,0.00349065,3.26569
grpo-s11,354,0.35742188,0.59375,0.3125,4313.02,0.0038142,1.78398
grpo-s11,355,0.28515625,0.671875,0.31445312,4399.93,0.00203007,1.14769
grpo-s11,356,0.41796875,0.5625,0.26171875,3925.12,0.00245411,1.44174
grpo-s11,357,0.40429688,0.421875,0.25390625,4135.2,0.00394832,2.18159
grpo-s11,358,0.3515625,0.515625,0.26367188,4102.6,0.00421892,1.25777
grpo-s11,359,0.39648438,0.5625,0.22265625,3615.78,0.00335797,1.54533
grpo-s11,360,0.45117188,0.515625,0.1953125,3276.2,0.00364637,0.890193
grpo-s11,361,0.35742188,0.5,0.203125,3481.69,0.00191137,5.22252
grpo-s11,362,0.37890625,0.484375,0.24023438,4085.07,0.00164848,1.6308
grpo-s11,363,0.3046875,0.5625,0.27929688,4054.66,0.00363399,1.60681
grpo-s11,364,0.31054688,0.625,0.21484375,3521.61,0.00383617,2.31174
grpo-s11,365,0.375,0.421875,0.26757812,4128,0.00452655,2.38955
grpo-s11,366,0.35742188,0.453125,0.22070312,3688.47,0.00165624,1.73532
grpo-s11,367,0.31054688,0.625,0.32617188,4370.34,0.00558331,2.45999
grpo-s11,368,0.3984375,0.5625,0.23046875,3587.04,0.00277447,2.1757
grpo-s11,369,0.390625,0.5,0.27148438,4059.68,0.0035031,1.46246
grpo-s11,370,0.3515625,0.5,0.30078125,4079.25,0.00462588,1.476
grpo-s11,371,0.37109375,0.53125,0.26757812,3905.43,0.00525656,1.73503
grpo-s11,372,0.44726562,0.4375,0.21679688,3518.71,0.00265809,1.05844
grpo-s11,373,0.36523438,0.53125,0.29101562,4025.27,0.00321332,3.95881
grpo-s11,374,0.3046875,0.609375,0.26757812,4129.79,0.00120385,1.58663
grpo-s11,375,0.31445312,0.546875,0.25585938,3862.08,0.00357346,0.978165
grpo-s11,376,0.2890625,0.5,0.296875,4068.9,0.00319301,1.66794
grpo-s11,377,0.3046875,0.625,0.27929688,4202.98,0.00174863,3.6144
grpo-s11,378,0.35546875,0.421875,0.24023438,4098.63,0.00457952,1.92622
grpo-s11,379,0.33789062,0.59375,0.28320312,4137.31,0.00211757,1.47696
grpo-s11,380,0.34570312,0.515625,0.26757812,3868.95,0.00424547,1.75903
grpo-s11,381,0.36132812,0.484375,0.23632812,3893.21,0.00196377,4.73332
grpo-s11,382,0.30664062,0.515625,0.2578125,4155.85,0.00127323,1.62907
grpo-s11,383,0.26757812,0.5625,0.31640625,4599.83,0.00221349,2.72359
grpo-s11,384,0.34960938,0.46875,0.25195312,3962.63,0.00223114,1.94556
grpo-s11,385,0.35546875,0.5,0.30078125,4303.87,0.00270808,2.38403
grpo-s11,386,0.3671875,0.515625,0.28320312,4098.7,0.00296323,1.30099
grpo-s11,387,0.33007812,0.5625,0.21875,3754.45,0.00292835,1.80823
grpo-s11,388,0.36914062,0.453125,0.22851562,3819.2,0.00176695,2.75152
grpo-s11,389,0.38085938,0.546875,0.21484375,3697.8,0.00258035,1.82161
grpo-s11,390,0.27539062,0.453125,0.26757812,4227.61,0.00383975,2.63116
grpo-s11,391,0.296875,0.5625,0.2734375,4137.93,0.00401897,1.07323
grpo-s11,392,0.30273438,0.515625,0.25390625,4183.04,0.00226163,3.20137
grpo-s11,393,0.33203125,0.453125,0.21679688,3792.4,0.00253967,2.31393
grpo-s11,394,0.33007812,0.5,0.21484375,3655.21,0.00564401,18.8863
grpo-s11,395,0.29296875,0.578125,0.25976562,4164.43,0.00264159,1.40281
grpo-s11,396,0.33203125,0.578125,0.26171875,3972.82,0.00248471,1.88468
grpo-s11,397,0.33007812,0.546875,0.25195312,3970.09,0.00301917,1.40641
grpo-s11,398,0.34960938,0.484375,0.21875,3591.77,0.00297208,2.35492
grpo-s11,399,0.31054688,0.5625,0.18164062,3627.64,0.00245172,1.15055
grpo-s11,400,0.37109375,0.40625,0.16015625,3034.3,0.00310757,3.50831
grpo-s11,401,0.33398438,0.59375,0.22460938,3889.17,0.0020909,3.70487
grpo-s11,402,0.34570312,0.4375,0.20507812,3518.54,0.00326015,2.87931
grpo-s11,403,0.36523438,0.46875,0.22460938,3737.62,0.0031568,1.73531
grpo-s11,404,0.33984375,0.546875,0.20898438,3673.32,0.00665786,3.3053
grpo-s11,405,0.28710938,0.59375,0.265625,4165.68,0.00325757,1.5436
grpo-s11,406,0.33789062,0.609375,0.14648438,3382.81,0.00284098,1.85278
grpo-s11,407,0.390625,0.484375,0.15429688,3223.34,0.00198551,3.37106
grpo-s11,408,0.34570312,0.484375,0.21289062,3723.52,0.00458188,4.06751
grpo-s11,409,0.29296875,0.546875,0.21484375,3836.86,0.0026217,1.6751
grpo-s11,410,0.3671875,0.546875,0.23242188,3480.63,0.00295987,1.9083
grpo-s11,411,0.32421875,0.59375,0.20117188,3541.65,0.00263465,1.88175
grpo-s11,412,0.34375,0.578125,0.2265625,3605.91,0.00305489,1.21708
grpo-s11,413,0.23828125,0.546875,0.30078125,4313.14,0.00229706,3.43213
grpo-s11,414,0.41601562,0.65625,0.21679688,3582.11,0.00305748,2.09525
grpo-s11,415,0.4453125,0.421875,0.1796875,3385.79,0.00172346,1.65254
grpo-s11,416,0.19140625,0.609375,0.31054688,4880.76,0.00313273,2.91961
grpo-s11,417,0.40429688,0.40625,0.21484375,3850.31,0.00511915,8.81784
grpo-s11,418,0.2734375,0.5,0.27734375,4270.08,0.00231505,2.22343
grpo-s11,419,0.37695312,0.515625,0.19921875,3520.4,0.00436009,1.5
grpo-s11,420,0.35742188,0.5625,0.26367188,4008.09,0.00308596,2.24507
grpo-s11,421,0.33398438,0.578125,0.234375,3745.16,0.00346891,1.86128
grpo-s11,422,0.28710938,0.703125,0.25,4132.56,0.0036186,2.47265
grpo-s11,423,0.34765625,0.59375,0.22070312,3782.27,0.00321205,3.08843
grpo-s11,424,0.27539062,0.53125,0.26171875,4410.56,0.00247565,1.60254
grpo-s11,425,0.234375,0.578125,0.234375,4085.15,0.0031476,3.15387
grpo-s11,426,0.36523438,0.484375,0.1875,3562.23,0.0021134,1.55097
grpo-s11,427,0.25976562,0.640625,0.26171875,4172.13,0.00309616,2.22923
grpo-s11,428,0.28515625,0.625,0.22460938,3894.88,0.00201117,2.23603
grpo-s11,429,0.32617188,0.484375,0.25195312,4024.51,0.00279037,2.82824
grpo-s11,430,0.28515625,0.53125,0.26367188,4102.63,0.00424627,3.09384
grpo-s11,431,0.30273438,0.53125,0.20898438,3582.71,0.00379045,1.71003
grpo-s11,432,0.375,0.609375,0.24804688,3575,0.00472421,1.072
grpo-s11,433,0.2890625,0.46875,0.2890625,4319.23,0.00295663,2.94912
grpo-s11,434,0.30859375,0.578125,0.29101562,4127.74,0.0018243,2.26552
grpo-s11,435,0.25976562,0.578125,0.26367188,4099.05,0.00344881,1.99443
grpo-s11,436,0.35546875,0.5625,0.23242188,3588.23,0.00532938,1.06322
grpo-s11,437,0.29101562,0.609375,0.26953125,3945.07,0.00277296,1.66065
grpo-s11,438,0.2734375,0.65625,0.27734375,3889.14,0.00193034,2.69392
grpo-s11,439,0.24023438,0.59375,0.2578125,3990.55,0.00304204,1.52433
grpo-s11,440,0.30273438,0.546875,0.28515625,4172.38,0.00213368,3.17717
grpo-s11,441,0.1953125,0.59375,0.24609375,3889.08,0.00181726,1.37782
grpo-s11,442,0.35742188,0.53125,0.26171875,3764.67,0.00244378,1.68527
grpo-s11,443,0.22070312,0.515625,0.30664062,4165.41,0.00261368,2.55565
grpo-s11,444,0.25976562,0.6875,0.25585938,3838.22,0.00168423,1.15285
grpo-s11,445,0.30273438,0.453125,0.2109375,3555.2,0.00428477,1.37782
grpo-s11,446,0.30859375,0.59375,0.29492188,4053.27,0.00256776,2.14879
grpo-s11,447,0.29101562,0.53125,0.22460938,3660.07,0.00383278,3.11281
grpo-s11,448,0.18945312,0.703125,0.31640625,4274.92,0.00244338,4.18766
grpo-s11,449,0.30664062,0.59375,0.31640625,4143.06,0.00471672,2.59206
grpo-s11,450,0.2890625,0.5625,0.31640625,4281.17,0.00275079,0.771018
grpo-s11,451,0.1875,0.65625,0.36523438,4752.47,0.00180396,1.75295
grpo-s11,452,0.23828125,0.640625,0.359375,4523.86,0.00303695,1.68527
grpo-s11,453,0.22851562,0.53125,0.3515625,4499.99,0.00358729,2.7121
grpo-s11,454,0.203125,0.484375,0.31640625,4397.86,0.00275485,3.12765
grpo-s11,455,0.28125,0.5,0.32421875,4370.97,0.00436906,1.34717
grpo-s11,456,0.24414062,0.625,0.33203125,4312.48,0.0055796,1.41217
grpo-s11,457,0.20898438,0.484375,0.38476562,4819.99,0.00167152,1.30099
grpo-s11,458,0.23046875,0.546875,0.40234375,5055.52,0.00336399,1.62414
grpo-s11,459,0.29296875,0.625,0.296875,4257.58,0.00182366,1.33067
grpo-s11,460,0.25390625,0.484375,0.3359375,4377.57,0.00218005,1.68527
grpo-s11,461,0.2734375,0.640625,0.3046875,4156.32,0.00268376,1.58116
grpo-s11,462,0.30273438,0.59375,0.31054688,4264.26,0.00205207,1.12161
grpo-s11,463,0.2265625,0.5625,0.375,4663.36,0.00431334,1.07426
grpo-s11,464,0.34960938,0.4375,0.296875,4062.08,0.0042647,1.70427
grpo-s11,465,0.27929688,0.640625,0.39648438,4837.59,0.00459143,1.54666
grpo-s11,466,0.19140625,0.671875,0.359375,4568.43,0.0019999,1.43378
grpo-s11,467,0.30078125,0.65625,0.30078125,3937.73,0.00237155,2.11639
grpo-s11,468,0.21875,0.546875,0.31640625,4378.88,0.00153645,1.38467
grpo-s11,469,0.29882812,0.5,0.26367188,3956.51,0.00454131,2.09538
grpo-s11,470,0.31054688,0.546875,0.26171875,4098.05,0.00266208,1.97777
grpo-s11,471,0.24414062,0.515625,0.38085938,4885.97,0.00206446,2.19458
grpo-s11,472,0.1875,0.625,0.34765625,4621.41,0.00216936,1.79083
grpo-s11,473,0.34179688,0.53125,0.24414062,3736.33,0.00163284,1.47923
grpo-s11,474,0.20117188,0.6875,0.34375,4627,0.00133525,1.01428
grpo-s11,475,0.23828125,0.625,0.27539062,4165.73,0.00480544,1.83789
grpo-s11,476,0.23632812,0.640625,0.35742188,4826.45,0.00455688,1.78595
grpo-s11,477,0.28515625,0.609375,0.31445312,4363.55,0.00344061,1.37694
grpo-s11,478,0.30664062,0.515625,0.24414062,3841.51,0.00297901,1.75295
grpo-s11,479,0.3125,0.484375,0.30273438,4254.81,0.00584506,1.9929
grpo-s11,480,0.17578125,0.703125,0.30859375,4518.8,0.00356527,2.02782
grpo-s11,481,0.2734375,0.640625,0.32226562,4482.51,0.00226453,1.43377
grpo-s11,482,0.26171875,0.625,0.29882812,4354.33,0.00217839,6.42494
grpo-s11,483,0.2265625,0.65625,0.29492188,4310.18,0.00158538,1.44204
grpo-s11,484,0.24414062,0.6875,0.33984375,4624.89,0.00276741,1.49897
grpo-s11,485,0.3203125,0.453125,0.25195312,4071.59,0.00252469,2.70489
grpo-s11,486,0.24023438,0.65625,0.3125,4590.12,0.00207488,1.5298
grpo-s11,487,0.35351562,0.546875,0.25,3912.85,0.00266268,2.55197
grpo-s11,488,0.26757812,0.546875,0.34179688,4680.45,0.00297841,1.62032
grpo-s11,489,0.26757812,0.5625,0.26367188,4067.94,0.0044306,2.46903
grpo-s11,490,0.2578125,0.640625,0.28125,4166.96,0.00281195,2.95381
grpo-s11,491,0.2109375,0.65625,0.28125,4166.87,0.00335645,2.5324
grpo-s11,492,0.24023438,0.546875,0.29296875,4375.92,0.00364868,1.19429
grpo-s11,493,0.23242188,0.546875,0.2734375,3945.84,0.00497988,5.8683
grpo-s11,494,0.32226562,0.5625,0.265625,4125.43,0.00238791,1.48986
grpo-s11,495,0.30078125,0.578125,0.21484375,3766.38,0.00333664,1.30041
grpo-s11,496,0.33789062,0.65625,0.23242188,3686.91,0.00296954,1.48954
grpo-s11,497,0.25195312,0.59375,0.25976562,3998.83,0.0047696,1.90574
grpo-s11,498,0.28710938,0.59375,0.26367188,4119.81,0.0025108,2.59614
grpo-s11,499,0.27148438,0.546875,0.20703125,3434.65,0.00413211,2.98276
grpo-s11,500,0.30273438,0.65625,0.25,3758.7,0.0034487,7.35015
grpo-s11,501,0.27929688,0.625,0.2578125,3972.22,0.00319625,2.11899
grpo-s11,502,0.25,0.703125,0.26367188,4061.16,0.00307797,1.6577
grpo-s11,503,0.296875,0.515625,0.26171875,4037.13,0.00411347,2.93134
grpo-s11,504,0.2421875,0.515625,0.296875,4306.63,0.00339539,2.00003
grpo-s11,505,0.24804688,0.546875,0.29492188,4107.13,0.00410465,1.67482
grpo-s11,506,0.27929688,0.546875,0.296875,4243.33,0.00348657,1.90667
grpo-s11,507,0.27148438,0.578125,0.28515625,4020.46,0.00265521,2.84678
grpo-s11,508,0.23828125,0.5625,0.375,4831.64,0.00149069,1.21334
grpo-s11,509,0.265625,0.640625,0.29882812,4337.5,0.00298487,1.60108
grpo-s11,510,0.2109375,0.59375,0.27734375,4246.75,0.00368327,0.925989
grpo-s11,511,0.20117188,0.703125,0.3046875,4363.23,0.00154718,1.20133
grpo-s11,512,0.24414062,0.546875,0.2890625,4229.22,0.00317982,1.97346
grpo-s11,513,0.1875,0.640625,0.31054688,4363.31,0.00699441,1.10745
grpo-s11,514,0.25585938,0.59375,0.31445312,4327.14,0.00138023,2.23673
grpo-s11,515,0.234375,0.578125,0.34960938,4575.54,0.00345473,1.21333
grpo-s11,516,0.22460938,0.671875,0.31445312,4467.26,0.0025819,1.21334
grpo-s11,517,0.22265625,0.625,0.33789062,4656.27,0.00241594,2.59486
grpo-s11,518,0.3203125,0.515625,0.32421875,4570.88,0.00462157,1.42306
grpo-s11,519,0.15039062,0.6875,0.37109375,4969.48,0.00141263,1.80903
grpo-s11,520,0.25195312,0.71875,0.2890625,4359.26,0.00361133,2.22265
grpo-s11,521,0.19726562,0.671875,0.30078125,4497.21,0.00360618,2.27132
grpo-s11,522,0.1953125,0.640625,0.35351562,4793.03,0.00212887,1.66607
grpo-s11,523,0.1328125,0.75,0.39257812,5002.74,0.00407525,1.23844
grpo-s11,524,0.14648438,0.671875,0.37109375,5211.56,0.00246817,2.75264
grpo-s11,525,0.17382812,0.59375,0.359375,4838.33,0.00207249,1.65706
grpo-s11,526,0.20507812,0.640625,0.30078125,4655.24,0.00282963,1.67506
grpo-s11,527,0.203125,0.59375,0.36914062,5011.45,0.00105268,1.69908
grpo-s11,528,0.1796875,0.640625,0.34765625,5041.25,0.00227467,1.73529
grpo-s11,529,0.1484375,0.71875,0.37695312,5053.96,0.00316464,1.44202
grpo-s11,530,0.18945312,0.640625,0.42578125,5290.54,0.00260615,1.07696
grpo-s11,531,0.23242188,0.609375,0.41796875,5254.66,0.0022653,1.24627
grpo-s11,532,0.26757812,0.609375,0.296875,4432.91,0.00353307,1.36929
grpo-s11,533,0.20703125,0.640625,0.29882812,4407.95,0.0046122,1.21656
grpo-s11,534,0.2109375,0.53125,0.32617188,4697.36,0.00133579,1.43615
grpo-s11,535,0.15039062,0.640625,0.37304688,5029.82,0.00621106,1.26007
grpo-s11,536,0.24804688,0.578125,0.2890625,4724.56,0.000844262,1.22883
grpo-s11,537,0.28515625,0.546875,0.34179688,4949.44,0.0018379,2.57996
grpo-s11,538,0.19140625,0.625,0.34765625,5101.05,0.00247489,4.04253
grpo-s11,539,0.16796875,0.65625,0.390625,5437.77,0.00139522,1.32707
grpo-s11,540,0.13085938,0.71875,0.390625,5198.64,0.0022771,2.81024
grpo-s11,541,0.234375,0.609375,0.3125,4700.81,0.00362096,1.22505
grpo-s11,542,0.20117188,0.703125,0.34960938,5074.28,0.00242296,1.31002
grpo-s11,543,0.14257812,0.71875,0.3046875,4890.12,0.00327021,1.31421
grpo-s11,544,0.15234375,0.734375,0.33789062,4773.83,0.00181794,1.19301
grpo-s11,545,0.15039062,0.6875,0.33398438,5117.73,0.00247679,1.73831
grpo-s11,546,0.23242188,0.640625,0.33203125,4678.76,0.00526791,1.10487
grpo-s11,547,0.20703125,0.6875,0.34179688,4946.21,0.00171869,2.88128
grpo-s11,548,0.23046875,0.609375,0.34960938,4864.13,0.00164248,1.74088
grpo-s11,549,0.19921875,0.625,0.34179688,4924.19,0.00292397,1.15285
grpo-s11,550,0.26953125,0.609375,0.29882812,4652.8,0.00322309,2.03176
grpo-s11,551,0.19140625,0.65625,0.359375,4950.67,0.00136259,1.51657
grpo-s11,552,0.140625,0.671875,0.29882812,4787.87,0.00275982,1.54638
grpo-s11,553,0.21875,0.609375,0.24414062,4572.03,0.00427224,2.04018
grpo-s11,554,0.203125,0.59375,0.30273438,4670.29,0.00194705,2.55988
grpo-s11,555,0.1953125,0.71875,0.34570312,5103.66,0.00109258,1.34716
grpo-s11,556,0.2265625,0.609375,0.31640625,4825.03,0.00487327,1.40282
grpo-s11,557,0.15234375,0.65625,0.3359375,5203.37,0.00156313,2.19277
grpo-s11,558,0.16992188,0.703125,0.32421875,5008.57,0.00219918,1.91396
grpo-s11,559,0.16601562,0.765625,0.40820312,5404.96,0.00345999,3.21648
grpo-s11,560,0.24609375,0.640625,0.32226562,4777.22,0.0022175,1.71867
grpo-s11,561,0.234375,0.609375,0.375,4935.47,0.00429327,0.925991
grpo-s11,562,0.21875,0.671875,0.34375,5105.15,0.00146583,1.99999
grpo-s11,563,0.18945312,0.609375,0.32421875,5037.23,0.00113408,1.5898
grpo-s11,564,0.21289062,0.578125,0.31835938,4981.28,0.00315538,1.20618
grpo-s11,565,0.15429688,0.765625,0.36914062,5363.23,0.00266908,1.07696
grpo-s11,566,0.17578125,0.625,0.359375,5204.42,0.00212919,1.64632
grpo-s11,567,0.17578125,0.59375,0.34960938,5296.2,0.00168012,5.24957
grpo-s11,568,0.1796875,0.59375,0.36132812,5213.28,0.0015772,1.26561
grpo-s11,569,0.19921875,0.625,0.33007812,5147.87,0.00155565,2.07722
grpo-s11,570,0.17773438,0.609375,0.28125,4789.46,0.00140795,0.969537
grpo-s11,571,0.20117188,0.640625,0.28320312,4791.53,0.00291308,1.23708
grpo-s11,572,0.234375,0.640625,0.31835938,4790.8,0.00307712,1.30099
grpo-s11,573,0.17382812,0.609375,0.29492188,4730.18,0.00153547,1.20596
grpo-s11,574,0.19726562,0.75,0.28710938,4741.21,0.0022559,1.04434
grpo-s11,575,0.19921875,0.671875,0.27539062,4721.59,0.00200565,1.25622
grpo-s11,576,0.1796875,0.671875,0.24609375,4554.78,0.00126584,1.75295
grpo-s11,577,0.15820312,0.71875,0.3046875,5025.96,0.00122049,1.11056
grpo-s11,578,0.16992188,0.671875,0.31835938,5288.38,0.00140791,1.35047
grpo-s11,579,0.16992188,0.78125,0.27148438,5033.03,0.00217502,3.9631
grpo-s11,580,0.22460938,0.53125,0.26757812,4665.68,0.00206306,1.61809
grpo-s11,581,0.234375,0.59375,0.29101562,4684.22,0.00165531,1.10095
grpo-s11,582,0.21289062,0.578125,0.25585938,4569.74,0.00341524,1.12547
grpo-s11,583,0.27539062,0.640625,0.26171875,4446.97,0.00214217,1.22297
grpo-s11,584,0.22265625,0.609375,0.2578125,4601.26,0.00241635,1.23708
grpo-s11,585,0.16210938,0.75,0.31640625,5197.21,0.00200624,0.937834
grpo-s11,586,0.18164062,0.734375,0.30664062,4924.31,0.00301668,1.98603
grpo-s11,587,0.13671875,0.65625,0.25976562,4724.11,0.0020081,8.80243
grpo-s11,588,0.17382812,0.734375,0.27539062,4903.26,0.00219368,2.21647
grpo-s11,589,0.18164062,0.59375,0.22460938,4329.91,0.00256551,0.997993
grpo-s11,590,0.16796875,0.59375,0.21484375,4746.29,0.00585909,1.9015
grpo-s11,591,0.16210938,0.6875,0.22460938,4445.39,0.00177805,2.24826
grpo-s11,592,0.3203125,0.59375,0.16796875,3877.31,0.00161679,0.93732
grpo-s11,593,0.28320312,0.5625,0.171875,4259.42,0.00269954,1.40172
grpo-s11,594,0.20703125,0.59375,0.19335938,4179.15,0.000980741,0.834607
grpo-s11,595,0.16601562,0.5625,0.2109375,4613.34,0.00286963,1.97444
grpo-s11,596,0.1875,0.578125,0.23828125,4874.13,0.0013955,1.59696
grpo-s11,597,0.16796875,0.625,0.20898438,4428.07,0.00226892,1.34171
grpo-s11,598,0.1953125,0.609375,0.24414062,4547.95,0.00358771,1.0656
grpo-s11,599,0.1953125,0.6875,0.1953125,4434.19,0.00353477,2.11882
grpo-s11,600,0.1875,0.6875,0.203125,4410.78,0.0031072,1.30098
grpo-s11,601,0.11328125,0.640625,0.203125,4401.22,0.00175341,1.46246
grpo-s11,602,0.20703125,0.671875,0.19335938,4310.73,0.00110165,1.24917
grpo-s11,603,0.16015625,0.765625,0.20117188,4517.25,0.00142484,0.950861
grpo-s11,604,0.22851562,0.671875,0.18945312,4398.82,0.0018546,1.74006
grpo-s11,605,0.16992188,0.65625,0.23242188,4489.22,0.00275808,0.846877
grpo-s11,606,0.18359375,0.625,0.22460938,4615.59,0.00249471,0.936509
grpo-s11,607,0.25976562,0.640625,0.20703125,4463.04,0.00100106,1.21334
grpo-s11,608,0.18359375,0.59375,0.2109375,4804.04,0.00216506,1.21334
grpo-s11,609,0.24804688,0.609375,0.22460938,4265.74,0.0039218,1.61952
grpo-s11,610,0.19921875,0.640625,0.1953125,4368.01,0.00123766,1.07696
grpo-s11,611,0.18554688,0.703125,0.20117188,4539.45,0.00189628,0.981298
grpo-s11,612,0.2265625,0.59375,0.15625,4368.12,0.00197801,1.63839
grpo-s11,613,0.140625,0.703125,0.23828125,4982.04,0.0016363,1.10935
grpo-s11,614,0.19726562,0.640625,0.203125,4388.63,0.00195508,0.877475
grpo-s11,615,0.1796875,0.734375,0.18164062,4207.17,0.00269026,1.02785
grpo-s11,616,0.22460938,0.609375,0.16601562,4163.62,0.00293881,1.37613
grpo-s11,617,0.18164062,0.65625,0.140625,3982.84,0.00276226,1.49966
grpo-s11,618,0.14453125,0.625,0.20117188,4333.28,0.00391065,1.56062
grpo-s11,619,0.17578125,0.65625,0.10742188,3712.56,0.00119042,1.15029
grpo-s11,620,0.18945312,0.6875,0.14648438,4019.56,0.00365924,1.09452
grpo-s11,621,0.2109375,0.609375,0.12304688,3710.57,0.00470264,1.13837
grpo-s11,622,0.20507812,0.640625,0.11132812,3781.91,0.00424578,1.1226
grpo-s11,623,0.2265625,0.578125,0.125,3926.03,0.00173399,0.967872
grpo-s11,624,0.23046875,0.53125,0.13085938,3662.2,0.00251037,1.44948
grpo-s11,625,0.24023438,0.640625,0.15820312,4205.81,0.0020631,1.86302
grpo-s11,626,0.22265625,0.59375,0.16015625,4000.6,0.00134164,1.07026
grpo-s11,627,0.22851562,0.578125,0.13085938,3955.62,0.00280026,0.930759
grpo-s11,628,0.21679688,0.59375,0.125,3785.31,0.00283829,1.22847
grpo-s11,629,0.12890625,0.65625,0.09765625,3923.18,0.00484678,1.11055
grpo-s11,630,0.17773438,0.59375,0.10742188,3816.18,0.00386438,1.11892
grpo-s11,631,0.25585938,0.609375,0.1328125,3957.54,0.00441124,1.73533
grpo-s11,632,0.10546875,0.8125,0.16210938,4107.61,0.00453815,0.824102
grpo-s11,633,0.18359375,0.625,0.12890625,4079.93,0.00600286,0.947918
grpo-s11,634,0.26171875,0.578125,0.13867188,4071.59,0.00249497,0.990055
grpo-s11,635,0.13671875,0.703125,0.20117188,4497.37,0.00232397,1.58663
grpo-s11,636,0.20117188,0.609375,0.17578125,4362.71,0.00307787,1.27037
grpo-s11,637,0.18164062,0.609375,0.22070312,4562.5,0.00216075,2.00562
grpo-s11,638,0.19726562,0.65625,0.18945312,4478.45,0.00240548,3.0572
grpo-s11,639,0.17773438,0.796875,0.19921875,4560.62,0.00311457,4.62525
grpo-s11,640,0.1796875,0.640625,0.1953125,4546.76,0.00284767,1.37463
grpo-s11,641,0.1484375,0.625,0.234375,5058.91,0.00143316,1.42828
grpo-s11,642,0.1953125,0.6875,0.22070312,4773.04,0.00207102,1.49925
grpo-s11,643,0.1484375,0.609375,0.19335938,4409.51,0.00211494,1.99962
grpo-s11,644,0.1953125,0.609375,0.1953125,4512.24,0.00177341,0.86919
grpo-s11,645,0.1953125,0.671875,0.21484375,4711.56,0.0027678,1.28731
grpo-s11,646,0.1875,0.578125,0.20703125,4470.41,0.00426569,2.07265
grpo-s11,647,0.15429688,0.671875,0.20703125,4835.48,0.00222948,1.99939
grpo-s11,648,0.17382812,0.640625,0.18554688,4277.57,0.00262736,1.07515
grpo-s11,649,0.16210938,0.609375,0.15625,4221.94,0.00299256,0.999999
grpo-s11,650,0.19726562,0.609375,0.1875,4514.46,0.00116755,1.26528
grpo-s11,651,0.23046875,0.625,0.16210938,3985.33,0.00251446,2.45562
grpo-s11,652,0.20117188,0.65625,0.11328125,3952.21,0.00160118,1.44194
grpo-s11,653,0.1640625,0.640625,0.1484375,4090.76,0.00281552,1.21708
grpo-s11,654,0.17773438,0.59375,0.16796875,3974.79,0.00345228,1.26667
grpo-s11,655,0.19335938,0.671875,0.14648438,3947.32,0.00267411,3.8753
grpo-s11,656,0.15039062,0.640625,0.17773438,4405.29,0.00197043,3.51535
grpo-s11,657,0.19726562,0.640625,0.1484375,4128.86,0.00399613,0.724506
grpo-s11,658,0.2109375,0.6875,0.15820312,4179.2,0.00725979,1.60481
grpo-s11,659,0.17773438,0.71875,0.16015625,4209.48,0.00155733,1.28875
grpo-s11,660,0.21875,0.6875,0.16210938,4148.01,0.00126642,1.36146
grpo-s11,661,0.1640625,0.734375,0.1953125,4442.09,0.00235516,1.44202
grpo-s11,662,0.19335938,0.6875,0.13476562,4181.85,0.00199107,6.7491
grpo-s11,663,0.23632812,0.625,0.12890625,4208.75,0.00229999,1.60482
grpo-s11,664,0.17382812,0.609375,0.1328125,4290.79,0.00375286,1.55282
grpo-s11,665,0.2578125,0.625,0.14257812,4057.12,0.00260331,1.52318
grpo-s11,666,0.29101562,0.59375,0.09375,3613.69,0.00122986,1.74768
grpo-s11,667,0.24023438,0.515625,0.109375,3791.29,0.00147801,1.15285
grpo-s11,668,0.2109375,0.59375,0.1015625,3902.71,0.00154198,1.07323
grpo-s11,669,0.18164062,0.71875,0.12304688,3920.79,0.00551104,1.19756
grpo-s11,670,0.2265625,0.65625,0.11523438,3777.66,0.00201069,1.31004
grpo-s11,671,0.19726562,0.671875,0.10742188,3834.2,0.00192961,1.2149
grpo-s11,672,0.20507812,0.625,0.1171875,3626.22,0.00279053,1.28491
grpo-s11,673,0.12109375,0.734375,0.12304688,3779.22,0.00103883,0.848277
grpo-s11,674,0.1953125,0.578125,0.11914062,3782.68,0.00356128,1.40282
grpo-s11,675,0.2578125,0.59375,0.11328125,3768.53,0.00190227,0.745212
grpo-s11,676,0.18554688,0.703125,0.140625,4299.77,0.00523568,1.68527
grpo-s11,677,0.18359375,0.609375,0.125,4232.47,0.00184534,9.60683
grpo-s11,678,0.20117188,0.609375,0.11328125,4087.6,0.00407831,0.795097
grpo-s11,679,0.11132812,0.703125,0.20117188,4755.66,0.00133814,0.843364
grpo-s11,680,0.26367188,0.625,0.14453125,4484.78,0.00318124,1.17792
grpo-s11,681,0.22265625,0.5625,0.14257812,4316.96,0.00227958,1.09244
grpo-s11,682,0.1484375,0.6875,0.13671875,4395.07,0.0013627,0.874894
grpo-s11,683,0.21484375,0.703125,0.140625,4254.59,0.00152611,1.37579
grpo-s11,684,0.1640625,0.640625,0.18554688,4575.33,0.00414416,2.84215
grpo-s11,685,0.22460938,0.53125,0.15820312,4635.48,0.00162896,1.24904
grpo-s11,686,0.20703125,0.703125,0.171875,4652.59,0.00232791,2.29515
grpo-s11,687,0.22460938,0.59375,0.13867188,4575.75,0.00298627,1.49477
grpo-s11,688,0.22851562,0.59375,0.13085938,4480.15,0.00159835,2.20653
grpo-s11,689,0.18164062,0.671875,0.1640625,4655.17,0.00190691,0.936148
grpo-s11,690,0.1875,0.640625,0.18359375,4663.52,0.00299627,1.3761
grpo-s11,691,0.18945312,0.65625,0.13671875,4675.73,0.000996654,1.61953
grpo-s11,692,0.2109375,0.734375,0.16796875,4567.28,0.0018766,1.77815
grpo-s11,693,0.18164062,0.640625,0.22460938,4773.12,0.00562822,1.06882
grpo-s11,694,0.21875,0.640625,0.17773438,4321.82,0.0012139,2.38412
grpo-s11,695,0.1796875,0.640625,0.21289062,4816.66,0.00114081,1.09184
grpo-s11,696,0.24609375,0.484375,0.16796875,4514.37,0.00199987,1.99256
grpo-s11,697,0.16601562,0.671875,0.13867188,4261.77,0.0039468,2.36366
grpo-s11,698,0.19921875,0.625,0.20703125,4806.55,0.00133868,1.48593
grpo-s11,699,0.203125,0.578125,0.1875,4590.59,0.00415603,1.13836
grpo-s11,700,0.23632812,0.578125,0.14257812,4556.53,0.00118556,1.21329
grpo-s11,701,0.1328125,0.640625,0.19921875,5046.29,0.00236505,1.61764
grpo-s11,702,0.18359375,0.6875,0.16210938,4598.03,0.00281332,6.0579
grpo-s11,703,0.13476562,0.71875,0.19921875,5016.29,0.00289834,2.85178
grpo-s11,704,0.21875,0.625,0.2109375,4644.01,0.00172783,1.22886
grpo-s11,705,0.15429688,0.65625,0.19335938,4827.63,0.00399891,1.52424
grpo-s11,706,0.17382812,0.609375,0.17773438,4671.13,0.00143149,0.907854
grpo-s11,707,0.21289062,0.65625,0.16992188,4553.54,0.00384489,1.19174
grpo-s11,708,0.15039062,0.71875,0.21289062,5235.79,0.00150445,1.36566
grpo-s11,709,0.2265625,0.59375,0.234375,5120.77,0.00117907,1.26468
grpo-s11,710,0.20117188,0.609375,0.22460938,5030.01,0.00464193,2.06275
grpo-s11,711,0.27734375,0.625,0.23242188,4997,0.0059266,1.54119
grpo-s11,712,0.16992188,0.6875,0.17578125,4981.7,0.00332342,2.30368
grpo-s11,713,0.15234375,0.625,0.20703125,5081.81,0.00319817,3.77967
grpo-s11,714,0.19140625,0.59375,0.17578125,4771.62,0.00119087,2.03012
grpo-s11,715,0.1953125,0.671875,0.18359375,4755.75,0.00222143,4.6248
grpo-s11,716,0.23828125,0.65625,0.16601562,4594.38,0.00154504,1.00713
grpo-s11,717,0.11132812,0.734375,0.13671875,4439.01,0.00315961,5.03
grpo-s11,718,0.20117188,0.65625,0.15234375,4423.41,0.0040014,1.25076
grpo-s11,719,0.18164062,0.734375,0.12304688,4302.92,0.00272497,1.65705
grpo-s11,720,0.2265625,0.6875,0.12109375,4284.9,0.00217076,2.02634
grpo-s11,721,0.1796875,0.671875,0.14257812,4663.96,0.00415064,1.73083
grpo-s11,722,0.24804688,0.578125,0.12304688,4432.06,0.00462174,1.07323
grpo-s11,723,0.171875,0.65625,0.1640625,4964.33,0.00276357,2.35394
grpo-s11,724,0.14257812,0.546875,0.1796875,4938.17,0.000794812,1.43912
grpo-s11,725,0.21289062,0.640625,0.20507812,4862.21,0.00483662,2.16047
grpo-s11,726,0.11132812,0.71875,0.1796875,4816.7,0.00157513,3.52991
grpo-s11,727,0.14648438,0.6875,0.21679688,4918.75,0.00327392,2.4621
grpo-s11,728,0.18359375,0.609375,0.1640625,4786.6,0.00250721,2.71208
grpo-s11,729,0.16992188,0.5625,0.21484375,4838.05,0.00162931,1.23858
grpo-s11,730,0.13671875,0.703125,0.22070312,5124.03,0.00460811,1.88855
grpo-s11,731,0.18164062,0.703125,0.140625,4493.77,0.00461624,1.92932
grpo-s11,732,0.17773438,0.609375,0.140625,4317.71,0.00419276,3.16908
grpo-s11,733,0.16992188,0.6875,0.17382812,4690.05,0.00219757,2.47265
grpo-s11,734,0.24023438,0.5625,0.19335938,4705.13,0.00121952,1.33429
grpo-s11,735,0.15625,0.703125,0.17773438,4584.54,0.00231681,2.11882
grpo-s11,736,0.1796875,0.65625,0.13085938,4239.79,0.00337371,4.99817
grpo-s11,737,0.16992188,0.6875,0.19726562,4462.3,0.00222029,1.69538
grpo-s11,738,0.23046875,0.5625,0.2109375,4773.35,0.00165351,1.55806
grpo-s11,739,0.20507812,0.609375,0.20703125,4476.72,0.00449359,6.90156
grpo-s11,740,0.17382812,0.59375,0.1875,4174.11,0.00845995,1.87613
grpo-s11,741,0.26757812,0.578125,0.1640625,4127.1,0.00440586,1.90007
grpo-s11,742,0.17773438,0.671875,0.19726562,4211.51,0.00585887,7.81198
grpo-s11,743,0.18945312,0.671875,0.18945312,4045.27,0.00238289,4.12418
grpo-s11,744,0.19726562,0.65625,0.20703125,4611.17,0.00185914,0.805384
grpo-s11,745,0.16796875,0.65625,0.18554688,4493.18,0.00373133,8.15103
grpo-s11,746,0.16210938,0.703125,0.2265625,4338.96,0.00420205,3.37241
grpo-s11,747,0.11523438,0.75,0.2109375,4708.85,0.0076993,2.15987
grpo-s11,748,0.13476562,0.65625,0.24023438,4898.25,0.00321922,1.21707
grpo-s11,749,0.18359375,0.71875,0.19726562,4485.05,0.00198459,1.34717
grpo-s11,750,0.22265625,0.65625,0.12890625,3378.6,0.00196759,1.31454
grpo-s11,751,0.24609375,0.609375,0.16796875,3867.63,0.0047588,1.54341
grpo-s11,752,0.1796875,0.65625,0.17578125,4084.53,0.00299063,2.9509
grpo-s11,753,0.15625,0.671875,0.21484375,4496.93,0.00213443,3.5369
grpo-s11,754,0.17773438,0.703125,0.18945312,4282.05,0.00498324,1.22734
grpo-s11,755,0.15820312,0.625,0.21875,4529.97,0.0055492,13.7668
grpo-s11,756,0.1484375,0.6875,0.1953125,4302.38,0.00231563,1.69506
grpo-s11,757,0.23046875,0.59375,0.14257812,3800.83,0.00383559,4.71839
grpo-s11,758,0.27148438,0.625,0.16601562,3830.34,0.00635646,1.78829
grpo-s11,759,0.1875,0.65625,0.15820312,4202.98,0.00303642,5.68312
grpo-s11,760,0.22460938,0.609375,0.12109375,3571.06,0.00281392,1.59696
grpo-s11,761,0.1484375,0.625,0.16601562,4053.32,0.00155727,1.60481
grpo-s11,762,0.12695312,0.6875,0.13476562,3467.13,0.00148019,1.4266
grpo-s11,763,0.14648438,0.640625,0.13085938,3824.36,0.00261179,1.15262
grpo-s11,764,0.2109375,0.625,0.125,3503,0.00344996,3.22938
grpo-s11,765,0.16601562,0.71875,0.1484375,3832.12,0.00461559,1.6751
grpo-s11,766,0.171875,0.671875,0.17382812,4145.22,0.008246,4.93465
grpo-s11,767,0.20117188,0.640625,0.15429688,3783.46,0.00388649,3.05567
grpo-s11,768,0.15820312,0.609375,0.10742188,3432.59,0.00290224,2.49871
grpo-s11,769,0.15429688,0.640625,0.10742188,3661.32,0.00158817,1.43378
grpo-s11,770,0.15234375,0.65625,0.10351562,3481,0.00787171,4.30502
grpo-s11,771,0.171875,0.71875,0.12695312,3675.67,0.00294636,2.79907
grpo-s11,772,0.18945312,0.640625,0.08984375,3001.89,0.00570168,2.5975
grpo-s11,773,0.16015625,0.671875,0.087890625,3124.64,0.004338,3.18472
grpo-s11,774,0.20507812,0.703125,0.095703125,2881.85,0.00457606,2.10792
grpo-s11,775,0.2109375,0.640625,0.08984375,2930.3,0.00673416,1.67256
grpo-s11,776,0.18359375,0.75,0.056640625,2419.97,0.00516027,2.21461
grpo-s11,777,0.13085938,0.703125,0.05078125,2496.3,0.00581645,1.71002
grpo-s11,778,0.19335938,0.609375,0.052734375,2589.85,0.0076497,10.9557
grpo-s11,779,0.21679688,0.671875,0.078125,2972.11,0.00144172,1.27609
grpo-s11,780,0.12109375,0.78125,0.060546875,2933.3,0.00470543,1.08429
grpo-s11,781,0.18164062,0.703125,0.095703125,2835.94,0.00485693,1.76375
grpo-s11,782,0.20507812,0.640625,0.076171875,3025.85,0.00582606,1.26504
grpo-s11,783,0.24023438,0.59375,0.078125,3223.5,0.0080379,2.55204
grpo-s11,784,0.1015625,0.734375,0.12304688,3770.15,0.00717228,7.86104
grpo-s11,785,0.1328125,0.703125,0.12890625,3800.81,0.00409649,1.48199
grpo-s11,786,0.15820312,0.609375,0.13671875,3995.44,0.00404596,5.80773
grpo-s11,787,0.16015625,0.65625,0.16015625,4161.17,0.0064708,14.88
grpo-s11,788,0.18945312,0.59375,0.14257812,3946.69,0.00148845,1.8088
grpo-s11,789,0.20703125,0.625,0.13867188,4023.33,0.00265487,1.17033
grpo-s11,790,0.18359375,0.671875,0.09765625,3818.93,0.00350204,1.8372
grpo-s11,791,0.15234375,0.671875,0.083984375,3563.59,0.004155,1.17059
grpo-s11,792,0.296875,0.546875,0.080078125,3142.35,0.00285174,1.37782
grpo-s11,793,0.24414062,0.640625,0.095703125,3629.49,0.00333327,2.15081
grpo-s11,794,0.11914062,0.6875,0.08984375,3558.66,0.00350212,1.55323
grpo-s11,795,0.15234375,0.71875,0.0703125,3020.4,0.00268496,1.46861
grpo-s11,796,0.25390625,0.65625,0.033203125,2623.45,0.00557595,2.10757
grpo-s11,797,0.20898438,0.609375,0.0625,3188.08,0.00426438,0.925984
grpo-s11,798,0.24609375,0.640625,0.048828125,2796.6,0.00481984,2.19203
grpo-s11,799,0.19921875,0.65625,0.099609375,3207.01,0.00563873,1.173
grpo-s11,800,0.14257812,0.765625,0.064453125,2968.62,0.00190575,0.947501
grpo-s22,1,0.109375,0.578125,0.015625,893.553,0.0107468,0.478691
grpo-s22,2,0.1171875,0.609375,0.009765625,898.182,0.0113644,0.888238
grpo-s22,3,0.109375,0.640625,0.009765625,973.607,0.0148544,1.72878
grpo-s22,4,0.16992188,0.421875,0.005859375,973.883,0.0105069,0.483997
grpo-s22,5,0.20507812,0.390625,0.009765625,966.637,0.0127612,0.358032
grpo-s22,6,0.17382812,0.515625,0.015625,1156.1,0.00773185,0.388156
grpo-s22,7,0.18359375,0.484375,0.005859375,1273.14,0.010807,0.479586
grpo-s22,8,0.26171875,0.375,0.017578125,1426.87,0.00784062,0.695753
grpo-s22,9,0.203125,0.515625,0.013671875,1267.62,0.0109674,0.460421
grpo-s22,10,0.21289062,0.421875,0.00390625,1254.22,0.0151824,0.46176
grpo-s22,11,0.25390625,0.515625,0.015625,1465.7,0.0109706,0.54468
grpo-s22,12,0.25,0.453125,0.005859375,1190.19,0.00702474,0.749755
grpo-s22,13,0.22070312,0.515625,0.01171875,1396.03,0.00834678,0.425208
grpo-s22,14,0.23632812,0.421875,0.0078125,1150.31,0.0104702,0.475389
grpo-s22,15,0.27929688,0.40625,0.015625,1366.93,0.00958289,0.407373
grpo-s22,16,0.25976562,0.46875,0.013671875,1322.83,0.00720624,0.475288
grpo-s22,17,0.21679688,0.484375,0.005859375,1295.73,0.00889689,0.496578
grpo-s22,18,0.29296875,0.359375,0.009765625,1309.59,0.00831253,0.390321
grpo-s22,19,0.25,0.390625,0.009765625,1310.56,0.0130158,0.518822
grpo-s22,20,0.2734375,0.40625,0.00390625,1394.27,0.00696836,0.439835
grpo-s22,21,0.24609375,0.5,0.009765625,1291.96,0.00382171,0.481063
grpo-s22,22,0.25390625,0.46875,0.01953125,1356.98,0.00622104,0.474006
grpo-s22,23,0.26757812,0.46875,0.017578125,1235.57,0.00627776,0.411046
grpo-s22,24,0.25195312,0.484375,0.01953125,1349.1,0.00513074,0.498717
grpo-s22,25,0.31835938,0.40625,0.015625,1268.02,0.00986595,0.441797
grpo-s22,26,0.27929688,0.4375,0.01953125,1497.47,0.00533917,0.467517
grpo-s22,27,0.31835938,0.421875,0.021484375,1491.5,0.00825892,0.435735
grpo-s22,28,0.19335938,0.59375,0.01953125,1397.38,0.00475334,0.459833
grpo-s22,29,0.359375,0.390625,0.0078125,1237.54,0.00451018,0.579653
grpo-s22,30,0.2890625,0.421875,0.015625,1405.29,0.00714661,0.729395
grpo-s22,31,0.31640625,0.453125,0.013671875,1270.65,0.00848403,0.496206
grpo-s22,32,0.41015625,0.390625,0.021484375,1301.37,0.00375256,0.480963
grpo-s22,33,0.27148438,0.515625,0.046875,1787.34,0.00821668,0.706105
grpo-s22,34,0.27734375,0.40625,0.025390625,1631.43,0.00630197,0.497046
grpo-s22,35,0.328125,0.5,0.033203125,1853.91,0.00806844,0.491643
grpo-s22,36,0.2578125,0.453125,0.025390625,1590.98,0.00875843,0.461091
grpo-s22,37,0.29492188,0.515625,0.03125,1769.17,0.00567288,0.478751
grpo-s22,38,0.31835938,0.375,0.048828125,2023.66,0.00599264,0.494081
grpo-s22,39,0.32421875,0.421875,0.056640625,1903.14,0.00558466,0.460108
grpo-s22,40,0.28320312,0.484375,0.04296875,1679.04,0.00731656,0.476678
grpo-s22,41,0.328125,0.5625,0.04296875,1684.43,0.00556065,0.746456
grpo-s22,42,0.3515625,0.421875,0.0234375,1673.17,0.00851565,0.564028
grpo-s22,43,0.24804688,0.5625,0.046875,1708.12,0.00654143,0.469698
grpo-s22,44,0.34375,0.53125,0.044921875,1764.68,0.00374495,0.760592
grpo-s22,45,0.31054688,0.578125,0.046875,1902,0.0035825,0.455851
grpo-s22,46,0.34179688,0.421875,0.04296875,1993.19,0.00449045,0.39938
grpo-s22,47,0.41210938,0.5,0.0390625,1829.23,0.0059546,0.469697
grpo-s22,48,0.41796875,0.359375,0.03125,1457.7,0.00767238,0.493723
grpo-s22,49,0.33007812,0.515625,0.041015625,1624.25,0.0062598,0.492507
grpo-s22,50,0.3515625,0.546875,0.04296875,1673.63,0.0124997,0.445123
grpo-s22,51,0.34375,0.390625,0.0703125,2033.45,0.00399436,0.492275
grpo-s22,52,0.359375,0.453125,0.06640625,1968.31,0.00579974,0.608321
grpo-s22,53,0.31640625,0.40625,0.048828125,2010.15,0.00509435,0.618443
grpo-s22,54,0.34375,0.515625,0.04296875,1792.94,0.00367396,0.940024
grpo-s22,55,0.43164062,0.453125,0.037109375,1798.25,0.00464589,1.44789
grpo-s22,56,0.33789062,0.390625,0.12304688,2542.92,0.00710887,0.499731
grpo-s22,57,0.29101562,0.4375,0.076171875,2389.31,0.00343378,0.460755
grpo-s22,58,0.4375,0.484375,0.0625,2086.63,0.00592825,0.549543
grpo-s22,59,0.41992188,0.328125,0.056640625,2099.87,0.0050112,0.469692
grpo-s22,60,0.3359375,0.421875,0.072265625,2111.09,0.0083809,0.49442
grpo-s22,61,0.38867188,0.421875,0.080078125,2247.3,0.00648127,0.475599
grpo-s22,62,0.34960938,0.40625,0.099609375,2532.39,0.00510487,0.480247
grpo-s22,63,0.4453125,0.5,0.064453125,2022.64,0.00362372,0.551741
grpo-s22,64,0.27539062,0.5625,0.10546875,2860.97,0.00458376,0.594206
grpo-s22,65,0.3046875,0.421875,0.10546875,2902.69,0.00539538,0.474833
grpo-s22,66,0.40039062,0.453125,0.109375,2692.34,0.00533619,0.523368
grpo-s22,67,0.47265625,0.421875,0.1015625,2520.96,0.00638616,0.786426
grpo-s22,68,0.37304688,0.453125,0.13867188,2937.27,0.00447893,0.520628
grpo-s22,69,0.34960938,0.484375,0.16015625,3114.06,0.00454608,0.73703
grpo-s22,70,0.4453125,0.53125,0.13476562,2995.9,0.00529416,0.562433
grpo-s22,71,0.41992188,0.46875,0.15039062,3065.29,0.0042166,0.659539
grpo-s22,72,0.375,0.421875,0.17382812,3469.85,0.00494509,0.564688
grpo-s22,73,0.42578125,0.5,0.1953125,3453.94,0.00343969,0.727302
grpo-s22,74,0.46679688,0.421875,0.18359375,3270.85,0.00433033,0.494801
grpo-s22,75,0.40039062,0.484375,0.171875,3536.69,0.00407157,0.498388
grpo-s22,76,0.3203125,0.46875,0.17382812,3425.88,0.0071137,0.937581
grpo-s22,77,0.453125,0.46875,0.13476562,3082.11,0.00325247,0.63583
grpo-s22,78,0.27734375,0.578125,0.2109375,3857.16,0.00303713,0.686054
grpo-s22,79,0.375,0.5,0.22851562,3760.55,0.00578179,0.773353
grpo-s22,80,0.40820312,0.578125,0.1875,3283.49,0.00416212,0.522547
grpo-s22,81,0.43359375,0.546875,0.18164062,3416.24,0.00390942,0.685317
grpo-s22,82,0.40625,0.5625,0.23242188,3821.37,0.00440954,0.724791
grpo-s22,83,0.44140625,0.4375,0.25195312,3707.32,0.00218548,0.492508
grpo-s22,84,0.3828125,0.5625,0.24804688,3830.38,0.00604154,0.663408
grpo-s22,85,0.35742188,0.6875,0.25585938,4039.48,0.00317352,1.16713
grpo-s22,86,0.44726562,0.453125,0.23046875,3811.5,0.00463181,0.587208
grpo-s22,87,0.390625,0.5,0.25195312,4023.52,0.00640791,0.724653
grpo-s22,88,0.44335938,0.546875,0.22460938,3564.13,0.00334039,0.564541
grpo-s22,89,0.44921875,0.515625,0.22460938,3742.12,0.00616269,0.745585
grpo-s22,90,0.37109375,0.359375,0.265625,4072.51,0.00421255,1.00827
grpo-s22,91,0.41015625,0.59375,0.2265625,3655.38,0.00650795,0.85299
grpo-s22,92,0.36914062,0.5,0.21484375,3760.65,0.0046109,0.588879
grpo-s22,93,0.44921875,0.515625,0.21679688,3704.83,0.00398884,0.901742
grpo-s22,94,0.55078125,0.515625,0.18164062,3210.76,0.00218908,1.07763
grpo-s22,95,0.47265625,0.515625,0.19726562,3543.37,0.00539837,0.961278
grpo-s22,96,0.4140625,0.484375,0.30273438,4237.78,0.00345997,0.709152
grpo-s22,97,0.43164062,0.5,0.1875,3422.89,0.00384989,0.879881
grpo-s22,98,0.359375,0.53125,0.22070312,3638.13,0.00526342,0.877478
grpo-s22,99,0.4375,0.484375,0.15820312,3337.08,0.00267299,1.15285
grpo-s22,100,0.515625,0.5,0.1875,3281.59,0.00295248,1.38815
grpo-s22,101,0.390625,0.6875,0.27148438,3997.38,0.00741465,0.717782
grpo-s22,102,0.47265625,0.546875,0.20507812,3522.44,0.00438432,0.873869
grpo-s22,103,0.40039062,0.390625,0.21875,3808.32,0.00310504,0.649337
grpo-s22,104,0.38085938,0.4375,0.25390625,3880.41,0.00382397,1.39576
grpo-s22,105,0.41992188,0.46875,0.20507812,3616.78,0.0051374,1.16109
grpo-s22,106,0.40234375,0.46875,0.23828125,4058.87,0.00386679,1.23708
grpo-s22,107,0.41601562,0.578125,0.21679688,3496.97,0.00545289,1.56904
grpo-s22,108,0.48242188,0.53125,0.19140625,3434.69,0.00404279,1.88182
grpo-s22,109,0.44140625,0.515625,0.2421875,3686.31,0.00332542,1.44423
grpo-s22,110,0.41210938,0.484375,0.26171875,3969.11,0.00389749,1.13854
grpo-s22,111,0.43554688,0.546875,0.24023438,3850.56,0.0019886,1.08996
grpo-s22,112,0.39257812,0.421875,0.24414062,3921.42,0.005418,1.06976
grpo-s22,113,0.44335938,0.484375,0.23242188,3863.61,0.00394016,0.950329
grpo-s22,114,0.41601562,0.5,0.296875,4110.08,0.00279924,0.813665
grpo-s22,115,0.421875,0.4375,0.24609375,3845.12,0.00349847,1.12479
grpo-s22,116,0.47460938,0.53125,0.26171875,4041.01,0.00312517,3.21628
grpo-s22,117,0.34960938,0.671875,0.30078125,4032.37,0.00241853,1.33111
grpo-s22,118,0.3984375,0.40625,0.23242188,3668.63,0.00243529,1.32907
grpo-s22,119,0.33789062,0.546875,0.28710938,4218.25,0.00226865,0.817786
grpo-s22,120,0.44140625,0.421875,0.27539062,4059.51,0.00339442,0.988566
grpo-s22,121,0.42578125,0.453125,0.24414062,3884.43,0.00652172,1.10761
grpo-s22,122,0.3203125,0.75,0.26367188,3993.62,0.00373818,0.774139
grpo-s22,123,0.50195312,0.453125,0.19140625,3559.35,0.00272418,1.33388
grpo-s22,124,0.46289062,0.515625,0.2421875,3929.21,0.00437122,0.980275
grpo-s22,125,0.45507812,0.515625,0.30664062,4241.11,0.00290062,4.37455
grpo-s22,126,0.44726562,0.421875,0.25585938,3996.71,0.00304299,1.36919
grpo-s22,127,0.45507812,0.453125,0.26367188,4114.33,0.0037248,1.14316
grpo-s22,128,0.2890625,0.546875,0.42382812,5266.18,0.00483541,1.24384
grpo-s22,129,0.41796875,0.53125,0.375,4809.55,0.00305858,1.65635
grpo-s22,130,0.46484375,0.484375,0.27148438,4099.96,0.00332948,1.82116
grpo-s22,131,0.49804688,0.390625,0.28125,4125.61,0.00299377,0.740472
grpo-s22,132,0.46484375,0.578125,0.33203125,4212.9,0.00277652,1.22685
grpo-s22,133,0.41992188,0.5625,0.27929688,4163.56,0.00404736,1.03695
grpo-s22,134,0.47265625,0.421875,0.29296875,4232.74,0.00511936,0.906863
grpo-s22,135,0.52539062,0.515625,0.28710938,3918.82,0.00433067,0.553033
grpo-s22,136,0.390625,0.4375,0.3046875,4338.22,0.00286212,1.32947
grpo-s22,137,0.37890625,0.46875,0.328125,4304.9,0.00336036,1.21708
grpo-s22,138,0.54296875,0.5,0.23828125,3882.75,0.00339831,1.08357
grpo-s22,139,0.50585938,0.40625,0.27539062,3984.11,0.00278864,1.33797
grpo-s22,140,0.42773438,0.4375,0.28125,4155.11,0.00328427,1.43488
grpo-s22,141,0.421875,0.578125,0.3203125,4254.84,0.00300009,1.37613
grpo-s22,142,0.35742188,0.375,0.3828125,4864.85,0.00424903,1.15259
grpo-s22,143,0.43554688,0.59375,0.38085938,4738.65,0.00558925,1.39047
grpo-s22,144,0.515625,0.4375,0.26171875,3940.78,0.00238095,0.872624
grpo-s22,145,0.37304688,0.515625,0.35546875,4727.63,0.00526037,0.774121
grpo-s22,146,0.45703125,0.53125,0.28320312,4192.49,0.00462339,1.76185
grpo-s22,147,0.45898438,0.546875,0.328125,4253.63,0.00272599,1.52215
grpo-s22,148,0.421875,0.625,0.34570312,4574.57,0.00291263,1.50041
grpo-s22,149,0.38085938,0.453125,0.33203125,4511.54,0.00302031,1.11055
grpo-s22,150,0.3671875,0.609375,0.39257812,4970.01,0.00368995,0.976121
grpo-s22,151,0.49804688,0.453125,0.24023438,3934.43,0.00244274,1.67801
grpo-s22,152,0.42773438,0.328125,0.3046875,4297.8,0.00416162,1.00827
grpo-s22,153,0.37890625,0.625,0.390625,4740.97,0.0024913,1.37527
grpo-s22,154,0.45117188,0.390625,0.3671875,4678.18,0.00296112,1.73532
grpo-s22,155,0.41210938,0.5,0.34570312,4488.11,0.00336756,1.2006
grpo-s22,156,0.40234375,0.5,0.33007812,4433.6,0.0029049,1.44202
grpo-s22,157,0.34960938,0.515625,0.40625,4949.4,0.00274521,1.3627
grpo-s22,158,0.3671875,0.53125,0.375,4699.06,0.00301287,1.37613
grpo-s22,159,0.35546875,0.53125,0.47265625,5219.84,0.0037678,5.06537
grpo-s22,160,0.4609375,0.453125,0.34765625,4642.95,0.00414404,1.33067
grpo-s22,161,0.44140625,0.515625,0.33789062,4479.38,0.00528209,2.15113
grpo-s22,162,0.421875,0.484375,0.38476562,4827.35,0.00342384,1.34671
grpo-s22,163,0.4609375,0.609375,0.31445312,4112.01,0.00416883,1.02785
grpo-s22,164,0.41601562,0.46875,0.41601562,4994.75,0.00408727,1.59696
grpo-s22,165,0.37304688,0.5,0.43164062,5101.91,0.00364733,1.17077
grpo-s22,166,0.39453125,0.5,0.4140625,5022.88,0.00397032,1.07696
grpo-s22,167,0.43554688,0.46875,0.40820312,4893.35,0.00502212,1.34717
grpo-s22,168,0.50976562,0.421875,0.30273438,4223.43,0.00229826,0.842813
grpo-s22,169,0.38085938,0.484375,0.3828125,4995.3,0.00326936,1.26563
grpo-s22,170,0.50976562,0.453125,0.30078125,4186.41,0.00344739,1.15304
grpo-s22,171,0.4453125,0.515625,0.33203125,4511.05,0.00259217,1.7706
grpo-s22,172,0.4296875,0.5,0.390625,4926.8,0.00245836,5.05382
grpo-s22,173,0.41992188,0.484375,0.37890625,4811.4,0.00382812,1.17946
grpo-s22,174,0.4375,0.484375,0.3671875,4566.06,0.0059337,2.42857
grpo-s22,175,0.30078125,0.5625,0.52539062,5772.41,0.00376643,1.24765
grpo-s22,176,0.40820312,0.46875,0.47070312,5513.89,0.00213418,0.982001
grpo-s22,177,0.42382812,0.578125,0.39453125,4793.24,0.00361806,1.03695
grpo-s22,178,0.30078125,0.453125,0.47070312,5403.67,0.00588621,1.54642
grpo-s22,179,0.38476562,0.453125,0.42773438,5076.82,0.00367758,1.66607
grpo-s22,180,0.41601562,0.53125,0.39453125,5023.38,0.00454764,1.87787
grpo-s22,181,0.34765625,0.65625,0.51757812,5690.83,0.00468403,2.86813
grpo-s22,182,0.4140625,0.59375,0.44140625,5209.42,0.00422863,1.22733
grpo-s22,183,0.40039062,0.421875,0.48242188,5488.67,0.00366931,2.10512
grpo-s22,184,0.421875,0.59375,0.3828125,4795.1,0.0034857,1.26563
grpo-s22,185,0.52929688,0.5,0.3203125,4329.86,0.00447525,1.63363
grpo-s22,186,0.4921875,0.453125,0.40429688,4978.78,0.00325791,1.98532
grpo-s22,187,0.35742188,0.515625,0.42773438,5323.52,0.00375388,1.30109
grpo-s22,188,0.49804688,0.375,0.33007812,4344.85,0.00429425,1.54596
grpo-s22,189,0.43359375,0.515625,0.39648438,4869.32,0.00353937,1.34305
grpo-s22,190,0.37304688,0.546875,0.43359375,4927.18,0.00494417,2.73236
grpo-s22,191,0.359375,0.453125,0.45898438,5311.63,0.00365451,1.46246
grpo-s22,192,0.33789062,0.59375,0.51953125,5560.63,0.00545518,3.58651
grpo-s22,193,0.421875,0.515625,0.40234375,4770.67,0.00716498,1.71763
grpo-s22,194,0.41210938,0.453125,0.40820312,5251.39,0.003371,22.5541
grpo-s22,195,0.3203125,0.53125,0.51367188,5695.45,0.00305441,1.223
grpo-s22,196,0.38476562,0.484375,0.46875,5395.5,0.00374112,1.42304
grpo-s22,197,0.40234375,0.578125,0.44726562,5121.65,0.00652571,3.17788
grpo-s22,198,0.45507812,0.421875,0.390625,4889.72,0.00279886,1.41787
grpo-s22,199,0.37304688,0.53125,0.47265625,5543.98,0.00551804,1.97076
grpo-s22,200,0.43359375,0.515625,0.46679688,5486.25,0.00470606,1.44202
grpo-s22,201,0.26367188,0.515625,0.58203125,6060.26,0.00405236,3.00912
grpo-s22,202,0.44921875,0.5625,0.45117188,5256.75,0.00355432,5.50125
grpo-s22,203,0.43359375,0.453125,0.42578125,5162.86,0.00303316,1.85278
grpo-s22,204,0.50585938,0.328125,0.32421875,4569.95,0.00558628,1.40282
grpo-s22,205,0.328125,0.515625,0.51953125,5791.91,0.00336289,1.21601
grpo-s22,206,0.41796875,0.453125,0.44726562,5350.89,0.00308475,1.2727
grpo-s22,207,0.36132812,0.421875,0.48828125,5557.74,0.00372145,2.6635
grpo-s22,208,0.43945312,0.5,0.47070312,5238.39,0.0044329,1.82514
grpo-s22,209,0.35546875,0.421875,0.44335938,5368.35,0.00546801,1.94664
grpo-s22,210,0.31054688,0.609375,0.57226562,5977.83,0.00491583,1.52427
grpo-s22,211,0.38476562,0.453125,0.50585938,5715.67,0.00511503,1.52427
grpo-s22,212,0.32421875,0.484375,0.54296875,5789.26,0.00278319,1.79292
grpo-s22,213,0.40234375,0.421875,0.4609375,5588.02,0.00563031,1.65285
grpo-s22,214,0.421875,0.546875,0.453125,5289.54,0.00482422,2.19361
grpo-s22,215,0.2578125,0.5625,0.52734375,5847.85,0.00285251,1.30745
grpo-s22,216,0.45898438,0.4375,0.41210938,5028.46,0.00515015,1.32835
grpo-s22,217,0.38671875,0.515625,0.46679688,5390.56,0.00504601,1.78611
grpo-s22,218,0.38867188,0.453125,0.46875,5451.23,0.00654384,1.31004
grpo-s22,219,0.30859375,0.625,0.49804688,5416.6,0.00358474,2.00161
grpo-s22,220,0.4140625,0.53125,0.45898438,5259.74,0.00349653,1.00812
grpo-s22,221,0.42382812,0.5,0.42578125,4911.25,0.0037069,2.5354
grpo-s22,222,0.359375,0.5,0.52148438,5692.04,0.00385841,1.67187
grpo-s22,223,0.3125,0.59375,0.50976562,5392.12,0.00535364,5.95389
grpo-s22,224,0.3515625,0.546875,0.49804688,5548.04,0.00303096,2.67633
grpo-s22,225,0.38476562,0.53125,0.48046875,5639.02,0.00651879,1.69817
grpo-s22,226,0.38867188,0.484375,0.43554688,5196.65,0.00408924,2.98832
grpo-s22,227,0.32617188,0.515625,0.51757812,5694.67,0.00556598,1.33429
grpo-s22,228,0.41796875,0.359375,0.40039062,5066.88,0.00377673,2.02782
grpo-s22,229,0.31835938,0.609375,0.51367188,5755.19,0.00460822,1.91395
grpo-s22,230,0.28710938,0.5,0.52539062,5636.22,0.00378144,2.17084
grpo-s22,231,0.42773438,0.359375,0.4765625,5414.34,0.00403149,1.32453
grpo-s22,232,0.3125,0.515625,0.52148438,5688.78,0.00500581,1.6045
grpo-s22,233,0.4296875,0.5,0.43945312,5239.38,0.00444104,2.0646
grpo-s22,234,0.38476562,0.546875,0.47070312,5311.6,0.00505647,1.80924
grpo-s22,235,0.40820312,0.390625,0.390625,4877.65,0.00533015,1.56581
grpo-s22,236,0.33984375,0.421875,0.53710938,5761.15,0.0032321,2.59244
grpo-s22,237,0.33203125,0.625,0.48828125,5275.12,0.00403232,1.28322
grpo-s22,238,0.32617188,0.46875,0.56640625,5989.89,0.00324949,2.50783
grpo-s22,239,0.42382812,0.4375,0.41796875,4977.14,0.0036084,1.86298
grpo-s22,240,0.35546875,0.484375,0.50976562,5587.26,0.00484325,1.37782
grpo-s22,241,0.36328125,0.484375,0.546875,6024.4,0.00339903,1.33429
grpo-s22,242,0.3828125,0.46875,0.41601562,4978.08,0.00359158,1.07775
grpo-s22,243,0.38671875,0.46875,0.4609375,5509.56,0.00408572,1.34717
grpo-s22,244,0.34375,0.515625,0.47851562,5405.62,0.00461145,1.31659
grpo-s22,245,0.37304688,0.484375,0.47265625,5631.02,0.00404028,1.32303
grpo-s22,246,0.28320312,0.65625,0.609375,6126.21,0.00354574,2.1852
grpo-s22,247,0.38867188,0.640625,0.52734375,5550.68,0.00295847,2.5165
grpo-s22,248,0.34179688,0.5,0.51953125,5808.83,0.00454634,2.93406
grpo-s22,249,0.32617188,0.515625,0.50195312,5650.24,0.00521128,2.06233
grpo-s22,250,0.34960938,0.515625,0.53515625,5793.06,0.00420272,1.90154
grpo-s22,251,0.32421875,0.484375,0.578125,6121.41,0.00483044,1.63062
grpo-s22,252,0.42382812,0.515625,0.47460938,5120.67,0.00623371,1.90321
grpo-s22,253,0.39257812,0.5,0.41796875,5128.24,0.00566232,1.44202
grpo-s22,254,0.30664062,0.515625,0.49804688,5542.89,0.00432643,1.70644
grpo-s22,255,0.30859375,0.421875,0.55273438,6007.01,0.00508824,1.94455
grpo-s22,256,0.35351562,0.484375,0.55078125,6016.21,0.00353597,1.52519
grpo-s22,257,0.24023438,0.53125,0.58203125,5976.17,0.00403823,1.70634
grpo-s22,258,0.25390625,0.5625,0.5703125,6117.9,0.00527102,1.28878
grpo-s22,259,0.3359375,0.59375,0.49414062,5574.43,0.00402548,2.11882
grpo-s22,260,0.37890625,0.515625,0.47070312,5187.85,0.00276867,1.98591
grpo-s22,261,0.29296875,0.5625,0.48828125,5419.3,0.00571829,1.86313
grpo-s22,262,0.38867188,0.484375,0.43164062,5038.09,0.00554364,2.02215
grpo-s22,263,0.38671875,0.453125,0.44921875,5158.37,0.00444359,1.76178
grpo-s22,264,0.4296875,0.453125,0.40234375,4719.44,0.00683748,2.31397
grpo-s22,265,0.29492188,0.578125,0.54296875,5884.01,0.0063867,1.48114
grpo-s22,266,0.34179688,0.5,0.50390625,5441.42,0.00538339,4.52416
grpo-s22,267,0.3359375,0.5,0.58203125,5940.14,0.00592845,2.26058
grpo-s22,268,0.390625,0.421875,0.50390625,5522.87,0.00635426,1.94351
grpo-s22,269,0.25976562,0.53125,0.58984375,6153.07,0.0034599,1.60841
grpo-s22,270,0.28320312,0.578125,0.56054688,5778,0.00592757,1.35253
grpo-s22,271,0.29882812,0.640625,0.5390625,5581.98,0.00449862,1.89122
grpo-s22,272,0.31835938,0.625,0.57421875,5958.3,0.00472155,2.73538
grpo-s22,273,0.27929688,0.65625,0.56640625,5849.56,0.00703539,1.73444
grpo-s22,274,0.34570312,0.46875,0.54101562,5951.52,0.0057911,2.31396
grpo-s22,275,0.3125,0.53125,0.5625,5920.61,0.00546811,1.70404
grpo-s22,276,0.34570312,0.5,0.5625,6017.03,0.00565271,1.46626
grpo-s22,277,0.296875,0.484375,0.515625,5806.02,0.00509322,1.9895
grpo-s22,278,0.31054688,0.546875,0.55273438,5974.82,0.00753274,1.61112
grpo-s22,279,0.36523438,0.546875,0.56445312,5938.81,0.00450862,1.36892
grpo-s22,280,0.3203125,0.484375,0.56835938,6103.01,0.00335885,2.07451
grpo-s22,281,0.375,0.515625,0.5234375,5547.14,0.0055315,2.23603
grpo-s22,282,0.33984375,0.625,0.58203125,6060.66,0.00480366,1.72952
grpo-s22,283,0.25390625,0.4375,0.5859375,6241.98,0.00574757,1.67709
grpo-s22,284,0.32617188,0.5625,0.53125,5913.69,0.0050725,2.69935
grpo-s22,285,0.33398438,0.625,0.54882812,5818.63,0.00391225,1.70426
grpo-s22,286,0.359375,0.625,0.54296875,5729.84,0.00406894,1.6751
grpo-s22,287,0.18164062,0.609375,0.67578125,6648.36,0.00440908,1.63762
grpo-s22,288,0.328125,0.609375,0.5859375,6030.85,0.00615395,8.12548
grpo-s22,289,0.38671875,0.640625,0.49609375,5625.45,0.00457766,1.54557
grpo-s22,290,0.31054688,0.515625,0.51953125,5906.47,0.00544294,1.77487
grpo-s22,291,0.3671875,0.578125,0.546875,5650.77,0.00458114,2.17444
grpo-s22,292,0.359375,0.53125,0.53515625,5751.26,0.00383967,7.73731
grpo-s22,293,0.28125,0.578125,0.609375,6349.45,0.00336217,1.91396
grpo-s22,294,0.27929688,0.578125,0.5625,6095.39,0.00431844,1.73533
grpo-s22,295,0.35742188,0.421875,0.45117188,5470.37,0.00434482,2.55562
grpo-s22,296,0.40234375,0.40625,0.49609375,5575.72,0.00308499,1.77848
grpo-s22,297,0.25585938,0.5,0.59179688,6214.01,0.00518402,2.13608
grpo-s22,298,0.28515625,0.53125,0.54296875,6020.36,0.00336285,6.12931
grpo-s22,299,0.25976562,0.546875,0.58398438,6162.33,0.00494164,1.45219
grpo-s22,300,0.20703125,0.65625,0.66015625,6468.89,0.0037268,3.96752
grpo-s22,301,0.32421875,0.578125,0.51171875,5589.16,0.00782497,2.2342
grpo-s22,302,0.23046875,0.53125,0.63867188,6476.79,0.00475358,2.88518
grpo-s22,303,0.22460938,0.578125,0.65820312,6549.38,0.00569354,2.54945
grpo-s22,304,0.32421875,0.484375,0.56640625,5963.48,0.00538776,3.12002
grpo-s22,305,0.27734375,0.640625,0.609375,6163.96,0.00473226,2.03695
grpo-s22,306,0.28710938,0.53125,0.5859375,6034.15,0.00630484,2.80619
grpo-s22,307,0.27734375,0.53125,0.5625,5897.92,0.0045952,4.24275
grpo-s22,308,0.32421875,0.515625,0.58984375,6052.68,0.00422264,1.94454
grpo-s22,309,0.24023438,0.6875,0.63671875,6300.51,0.0067306,2.96805
grpo-s22,310,0.29882812,0.578125,0.61914062,6140.28,0.00537556,6.43791
grpo-s22,311,0.26953125,0.59375,0.609375,6203.21,0.00407617,2.31369
grpo-s22,312,0.28710938,0.53125,0.5859375,6176.34,0.00627792,2.09538
grpo-s22,313,0.29492188,0.5625,0.60546875,6183.97,0.00686814,2.20104
grpo-s22,314,0.171875,0.640625,0.65820312,6534.14,0.00440891,1.60433
grpo-s22,315,0.26953125,0.609375,0.58007812,5984.63,0.0043461,4.67814
grpo-s22,316,0.24804688,0.640625,0.63671875,6358.26,0.00402479,1.64632
grpo-s22,317,0.2421875,0.59375,0.63867188,6388.29,0.00365953,2.24774
grpo-s22,318,0.25390625,0.625,0.6171875,6253.36,0.00477111,1.63595
grpo-s22,319,0.1640625,0.59375,0.6875,6792.54,0.00469748,2.13707
grpo-s22,320,0.26171875,0.53125,0.59570312,6174.63,0.00510546,2.07183
grpo-s22,321,0.20507812,0.703125,0.66210938,6538.91,0.00287117,1.95012
grpo-s22,322,0.34179688,0.53125,0.49609375,5425.12,0.00343667,2.10481
grpo-s22,323,0.35546875,0.53125,0.47460938,5535.59,0.00297213,1.85474
grpo-s22,324,0.2578125,0.59375,0.54296875,5936.63,0.00808143,2.0818
grpo-s22,325,0.25,0.59375,0.56640625,6102.32,0.00327515,2.52401
grpo-s22,326,0.27148438,0.515625,0.52929688,5878.2,0.00360423,1.73533
grpo-s22,327,0.23632812,0.65625,0.57226562,6125.24,0.00556163,2.58365
grpo-s22,328,0.21289062,0.5625,0.60546875,6259.3,0.00267454,10.4755
grpo-s22,329,0.25585938,0.625,0.56445312,5952,0.00281924,2.6391
grpo-s22,330,0.1875,0.640625,0.58007812,6277.85,0.00342361,2.53717
grpo-s22,331,0.29296875,0.484375,0.5390625,5829.36,0.00338814,2.18998
grpo-s22,332,0.19335938,0.578125,0.6015625,6394.21,0.00267315,1.9302
grpo-s22,333,0.23632812,0.515625,0.54296875,6142.56,0.0035401,1.94976
grpo-s22,334,0.24023438,0.5,0.53710938,5997.79,0.00430122,4.6507
grpo-s22,335,0.25390625,0.53125,0.5390625,5969.55,0.00503544,1.79301
grpo-s22,336,0.28125,0.46875,0.50390625,5538.84,0.00531553,3.25833
grpo-s22,337,0.18359375,0.65625,0.58984375,6218.99,0.00218119,1.54665
grpo-s22,338,0.22851562,0.453125,0.53125,5964,0.00389812,3.12809
grpo-s22,339,0.15039062,0.640625,0.53710938,6056.58,0.00288345,3.41279
grpo-s22,340,0.25195312,0.546875,0.51757812,5808.22,0.00320895,2.21649
grpo-s22,341,0.18359375,0.640625,0.53125,5863.9,0.0024591,1.99879
grpo-s22,342,0.22070312,0.65625,0.5078125,5676.15,0.00280424,1.65283
grpo-s22,343,0.22851562,0.578125,0.47460938,5577.17,0.00242445,1.95721
grpo-s22,344,0.19140625,0.59375,0.5,5863.91,0.0026232,2.07601
grpo-s22,345,0.1796875,0.640625,0.51367188,6131.88,0.00218476,2.77215
grpo-s22,346,0.1875,0.546875,0.515625,5928.14,0.00355064,2.03099
grpo-s22,347,0.19726562,0.5625,0.50976562,5852.5,0.00433458,2.19202
grpo-s22,348,0.19140625,0.65625,0.52539062,5997.58,0.00277617,2.77392
grpo-s22,349,0.29492188,0.546875,0.45117188,5333.04,0.00352481,4.36721
grpo-s22,350,0.171875,0.671875,0.46484375,5565.34,0.00218419,3.99396
grpo-s22,351,0.18945312,0.546875,0.49414062,5784.01,0.00408131,2.8621
grpo-s22,352,0.21875,0.515625,0.43164062,5332.76,0.00303912,5.34502
grpo-s22,353,0.23632812,0.53125,0.3828125,5035.32,0.00575096,1.64632
grpo-s22,354,0.21875,0.5625,0.45898438,5670.32,0.00544614,2.05089
grpo-s22,355,0.23242188,0.515625,0.43554688,5411.64,0.00336737,2.17283
grpo-s22,356,0.18164062,0.59375,0.46679688,5778.28,0.00412524,2
grpo-s22,357,0.37890625,0.59375,0.36523438,4667.49,0.00513609,2.28455
grpo-s22,358,0.24414062,0.453125,0.43554688,5424.5,0.00417446,3.39078
grpo-s22,359,0.18554688,0.59375,0.52929688,6026.12,0.00274967,3.45999
grpo-s22,360,0.25195312,0.484375,0.46875,5704.08,0.00320737,2.21776
grpo-s22,361,0.22851562,0.5625,0.52734375,5955.37,0.00230466,2.23857
grpo-s22,362,0.140625,0.625,0.5390625,6107.5,0.00400223,4.56929
grpo-s22,363,0.19335938,0.640625,0.5546875,6116.71,0.00283479,7.37362
grpo-s22,364,0.2421875,0.484375,0.48242188,5725.77,0.00366378,1.4987
grpo-s22,365,0.32226562,0.46875,0.36328125,4963.59,0.00527061,5.40373
grpo-s22,366,0.15625,0.59375,0.50976562,5902.52,0.00408562,2.15117
grpo-s22,367,0.16992188,0.5625,0.53515625,6012.64,0.00218854,3.92923
grpo-s22,368,0.22265625,0.515625,0.40234375,5188.46,0.00313166,1.70723
grpo-s22,369,0.22851562,0.5,0.44140625,5645.04,0.00260062,2.88128
grpo-s22,370,0.21679688,0.515625,0.46289062,5518.01,0.0035913,1.54533
grpo-s22,371,0.18359375,0.6875,0.51367188,6016.63,0.00200329,2.31673
grpo-s22,372,0.1796875,0.625,0.49414062,5840.61,0.00414473,1.85666
grpo-s22,373,0.27539062,0.515625,0.43945312,5425.81,0.00264246,2.10793
grpo-s22,374,0.26953125,0.53125,0.43164062,5220.99,0.00482099,3.02213
grpo-s22,375,0.234375,0.5625,0.4375,5398.3,0.00262571,1.9685
grpo-s22,376,0.21679688,0.453125,0.43164062,5377.6,0.00419387,2.54314
grpo-s22,377,0.2421875,0.515625,0.42578125,5260.35,0.00341392,1.49409
grpo-s22,378,0.2109375,0.5625,0.4296875,5638.11,0.00185685,1.31454
grpo-s22,379,0.25,0.546875,0.3671875,5146.68,0.0032809,2.39278
grpo-s22,380,0.19140625,0.609375,0.40234375,5196.07,0.00724439,1.70817
grpo-s22,381,0.16601562,0.640625,0.40039062,5479.54,0.00370572,2.00294
grpo-s22,382,0.15234375,0.59375,0.41210938,5369.41,0.00373973,1.48199
grpo-s22,383,0.234375,0.5625,0.35742188,4885.47,0.00337718,3.34668
grpo-s22,384,0.22265625,0.453125,0.3984375,5312.29,0.00666557,2.10792
grpo-s22,385,0.28125,0.453125,0.36132812,5013.94,0.00449283,2.59206
grpo-s22,386,0.17382812,0.65625,0.40820312,5307.71,0.00510555,2.35452
grpo-s22,387,0.171875,0.65625,0.37890625,5344.98,0.00393364,1.88849
grpo-s22,388,0.21289062,0.515625,0.37109375,5242.38,0.00272908,1.56782
grpo-s22,389,0.22851562,0.5625,0.33789062,5092.56,0.00417656,2.52601
grpo-s22,390,0.19726562,0.53125,0.32226562,5023.35,0.00439806,2.59123
grpo-s22,391,0.171875,0.65625,0.328125,5135.27,0.00339709,5.05187
grpo-s22,392,0.21484375,0.609375,0.33007812,4947.14,0.00401731,1.4213
grpo-s22,393,0.2265625,0.53125,0.28710938,4728.78,0.00223685,1.80645
grpo-s22,394,0.10351562,0.65625,0.30273438,5012.87,0.00242986,2.03109
grpo-s22,395,0.20703125,0.515625,0.34375,4824.89,0.00243244,4.63168
grpo-s22,396,0.1875,0.46875,0.28710938,4873.12,0.00276144,4.49173
grpo-s22,397,0.18945312,0.640625,0.30664062,5052.92,0.00278187,1.82834
grpo-s22,398,0.17382812,0.59375,0.28320312,4899.19,0.00286502,1.734
grpo-s22,399,0.1484375,0.609375,0.27734375,4856.77,0.00343261,2.00523
grpo-s22,400,0.23046875,0.46875,0.24414062,4540.25,0.00799695,1.40582
grpo-s22,401,0.140625,0.703125,0.24609375,4826.35,0.00591538,2.13724
grpo-s22,402,0.17382812,0.59375,0.25976562,4844.76,0.00306348,1.86302
grpo-s22,403,0.19335938,0.609375,0.26953125,4668.04,0.00317499,1.60481
grpo-s22,404,0.26953125,0.515625,0.2265625,4316.34,0.00453312,1.60302
grpo-s22,405,0.2265625,0.46875,0.20898438,4571.12,0.00285338,1.38779
grpo-s22,406,0.23632812,0.59375,0.2109375,4488.22,0.0038408,2.42778
grpo-s22,407,0.1875,0.484375,0.20703125,4502.68,0.002873,1.88501
grpo-s22,408,0.20117188,0.578125,0.21289062,4351.23,0.00306965,1.82831
grpo-s22,409,0.2109375,0.671875,0.2109375,4229.6,0.00151652,1.51948
grpo-s22,410,0.24609375,0.53125,0.25195312,4588.77,0.00471195,2.02761
grpo-s22,411,0.14453125,0.640625,0.2734375,5028.02,0.00334085,1.46247
grpo-s22,412,0.16601562,0.5625,0.31445312,5106.29,0.00352967,1.47941
grpo-s22,413,0.16601562,0.640625,0.2265625,4326.67,0.00511831,1.49595
grpo-s22,414,0.20117188,0.609375,0.26757812,4742.03,0.00344404,1.60481
grpo-s22,415,0.234375,0.5625,0.25976562,4776.92,0.00334966,1.82833
grpo-s22,416,0.19921875,0.5625,0.27539062,4720.86,0.00559887,3.03754
grpo-s22,417,0.18554688,0.71875,0.25,4698.25,0.0027136,2.23851
grpo-s22,418,0.16601562,0.625,0.25585938,4608.5,0.00384348,0.965774
grpo-s22,419,0.1328125,0.609375,0.328125,5075.88,0.00242475,1.74618
grpo-s22,420,0.29882812,0.46875,0.19921875,4222.61,0.0037863,1.61952
grpo-s22,421,0.18554688,0.59375,0.234375,4618.78,0.00511773,1.60476
grpo-s22,422,0.1484375,0.71875,0.30664062,4970.86,0.00405313,1.91396
grpo-s22,423,0.14648438,0.609375,0.30273438,5209.67,0.00181486,2.14887
grpo-s22,424,0.140625,0.625,0.29882812,5205.91,0.0019487,2.19202
grpo-s22,425,0.1171875,0.6875,0.29101562,4889.64,0.00232331,1.59256
grpo-s22,426,0.1484375,0.640625,0.34375,5172.37,0.00214295,1.76777
grpo-s22,427,0.19921875,0.65625,0.25976562,4531.02,0.00346998,2.14908
grpo-s22,428,0.1484375,0.65625,0.26757812,4742.53,0.00402445,2.58211
grpo-s22,429,0.18554688,0.609375,0.2734375,4776.86,0.00320319,1.25444
grpo-s22,430,0.22460938,0.609375,0.19335938,4074.71,0.0039909,2.00747
grpo-s22,431,0.13867188,0.65625,0.24414062,4888.34,0.00274856,1.34171
grpo-s22,432,0.17578125,0.625,0.3046875,4749.55,0.00478394,1.61661
grpo-s22,433,0.12695312,0.78125,0.30078125,5068.12,0.00277762,1.09616
grpo-s22,434,0.15429688,0.671875,0.26953125,4831.15,0.00456612,1.21334
grpo-s22,435,0.1640625,0.59375,0.29101562,4987.4,0.00362496,2.42047
grpo-s22,436,0.14257812,0.6875,0.27539062,4867.46,0.00522859,1.02448
grpo-s22,437,0.16992188,0.59375,0.24804688,4645.23,0.00453388,2.66315
grpo-s22,438,0.23046875,0.59375,0.29492188,4650.69,0.00377137,1.31645
grpo-s22,439,0.18359375,0.53125,0.22460938,4446.83,0.00337166,1.54659
grpo-s22,440,0.16601562,0.609375,0.2578125,4548.06,0.00428042,3.15387
grpo-s22,441,0.20507812,0.671875,0.29101562,4669.1,0.00256046,1.08427
grpo-s22,442,0.171875,0.59375,0.22460938,4403.08,0.00213437,1.6462
grpo-s22,443,0.11132812,0.59375,0.23828125,4619.47,0.0048468,1.07696
grpo-s22,444,0.21875,0.53125,0.21875,4371.3,0.00277878,1.58139
grpo-s22,445,0.20703125,0.6875,0.21289062,4194.46,0.0023674,2.27178
grpo-s22,446,0.18164062,0.609375,0.23632812,4602.71,0.00404019,1.56403
grpo-s22,447,0.20507812,0.578125,0.22851562,4515.51,0.00541555,1.02785
grpo-s22,448,0.15429688,0.6875,0.21679688,4256.86,0.00410605,1.97053
grpo-s22,449,0.15429688,0.5625,0.26367188,4666.78,0.00316921,1.44208
grpo-s22,450,0.203125,0.578125,0.18945312,3910.53,0.00660505,1.43615
grpo-s22,451,0.1953125,0.578125,0.18945312,3968.21,0.00182477,0.979903
grpo-s22,452,0.24023438,0.578125,0.17382812,3637.43,0.00594251,1.21332
grpo-s22,453,0.171875,0.578125,0.16796875,3572.96,0.00355452,2.73532
grpo-s22,454,0.18945312,0.640625,0.16210938,3690.75,0.00462388,0.94257
grpo-s22,455,0.2109375,0.65625,0.15625,3459.78,0.00648776,1.206
grpo-s22,456,0.1875,0.671875,0.15234375,3653.16,0.00209153,1.59081
grpo-s22,457,0.15039062,0.6875,0.16210938,3465.96,0.00458756,1.92131
grpo-s22,458,0.1875,0.546875,0.1640625,3655.14,0.00224231,0.740465
grpo-s22,459,0.095703125,0.703125,0.125,3409.54,0.00623561,1.29114
grpo-s22,460,0.20117188,0.625,0.1484375,3513.55,0.00466931,2.27176
grpo-s22,461,0.14453125,0.59375,0.15820312,3493.42,0.00323388,1.56246
grpo-s22,462,0.15039062,0.65625,0.15820312,3518.55,0.0027543,0.936159
grpo-s22,463,0.17382812,0.59375,0.18164062,3667.07,0.0046469,3.41125
grpo-s22,464,0.1953125,0.59375,0.1484375,3476.91,0.00270829,0.737322
grpo-s22,465,0.14648438,0.59375,0.15234375,3396.61,0.00477166,1.23998
grpo-s22,466,0.19726562,0.53125,0.1171875,3426.69,0.00404181,1.04685
grpo-s22,467,0.1875,0.65625,0.20507812,3814.23,0.0060129,2.03485
grpo-s22,468,0.14257812,0.625,0.21289062,3958.55,0.00236685,1.55281
grpo-s22,469,0.14648438,0.65625,0.17578125,3605.52,0.00569747,1.21148
grpo-s22,470,0.13867188,0.71875,0.23828125,4037.13,0.00217876,1.48901
grpo-s22,471,0.13476562,0.703125,0.171875,3474.53,0.00399083,1.44202
grpo-s22,472,0.13671875,0.703125,0.2265625,4053.6,0.00280063,1.19436
grpo-s22,473,0.15234375,0.640625,0.203125,3609.04,0.00525132,0.875394
grpo-s22,474,0.18164062,0.484375,0.1796875,3686.32,0.00476261,1.11684
grpo-s22,475,0.14257812,0.703125,0.20507812,3746.87,0.00506557,1.09839
grpo-s22,476,0.13671875,0.734375,0.16015625,3270.98,0.00370868,0.987152
grpo-s22,477,0.15234375,0.625,0.14453125,3241.79,0.0044001,1.22537
grpo-s22,478,0.14257812,0.71875,0.18945312,3472.21,0.00442555,1.83162
grpo-s22,479,0.11914062,0.65625,0.1953125,3558.94,0.00331262,1.26563
grpo-s22,480,0.13476562,0.609375,0.16796875,3281.63,0.00249918,1.49612
grpo-s22,481,0.13476562,0.703125,0.1484375,2986.49,0.00382421,1.13967
grpo-s22,482,0.1796875,0.5625,0.13671875,2902.59,0.00776814,1.4987
grpo-s22,483,0.109375,0.65625,0.16796875,3339.63,0.00595651,1.72548
grpo-s22,484,0.12890625,0.671875,0.12304688,2966.52,0.00488431,1.78894
grpo-s22,485,0.12109375,0.59375,0.14648438,3085.31,0.00600316,1.33361
grpo-s22,486,0.10742188,0.640625,0.087890625,2643.2,0.00715139,0.827806
grpo-s22,487,0.1875,0.578125,0.12304688,3008.18,0.00580724,1.20618
grpo-s22,488,0.15820312,0.609375,0.19140625,3451.79,0.0050381,1.37613
grpo-s22,489,0.10351562,0.71875,0.16796875,3460.54,0.00354546,0.976121
grpo-s22,490,0.14257812,0.6875,0.19140625,3529.52,0.00355522,1.27271
grpo-s22,491,0.12890625,0.65625,0.1484375,3149.6,0.00584427,2.49868
grpo-s22,492,0.15820312,0.71875,0.12109375,2891.66,0.00510786,1.58532
grpo-s22,493,0.13671875,0.59375,0.15234375,3169.96,0.00850525,1.67043
grpo-s22,494,0.11132812,0.65625,0.16992188,3384.23,0.00515025,1.22886
grpo-s22,495,0.15625,0.703125,0.171875,3352.26,0.0062646,0.936145
grpo-s22,496,0.16210938,0.640625,0.15625,3138.14,0.00438371,0.560864
grpo-s22,497,0.12890625,0.65625,0.17773438,3282.82,0.004249,0.737324
grpo-s22,498,0.10742188,0.734375,0.12304688,2998.66,0.00521531,1.06245
grpo-s22,499,0.15820312,0.5625,0.13671875,2970.95,0.00422807,1.77375
grpo-s22,500,0.09375,0.703125,0.16796875,3056.94,0.00657744,0.843681
grpo-s22,501,0.099609375,0.75,0.095703125,2398.44,0.00370124,1.44571
grpo-s22,502,0.1953125,0.625,0.11132812,2555.95,0.00634783,2.00295
grpo-s22,503,0.12695312,0.640625,0.10546875,2793.35,0.0058766,0.975605
grpo-s22,504,0.16210938,0.765625,0.15039062,2895.48,0.00611548,2.17128
grpo-s22,505,0.13671875,0.765625,0.1484375,3287.05,0.00611562,2.48309
grpo-s22,506,0.12109375,0.65625,0.15429688,3186.54,0.00986573,2.47241
grpo-s22,507,0.1875,0.546875,0.16601562,3229.86,0.00544091,1.40044
grpo-s22,508,0.109375,0.671875,0.19335938,3705.9,0.004227,0.74871
grpo-s22,509,0.1015625,0.765625,0.2421875,3908.54,0.00220959,0.865635
grpo-s22,510,0.1484375,0.609375,0.16992188,3499.96,0.00309465,1.22893
grpo-s22,511,0.14453125,0.578125,0.1796875,3326.92,0.0031153,1.98375
grpo-s22,512,0.15039062,0.515625,0.21484375,3692.88,0.00471706,1.06757
grpo-s22,513,0.14257812,0.671875,0.16015625,3296.03,0.00373193,0.647711
grpo-s22,514,0.0859375,0.734375,0.1953125,3557.8,0.00364197,1.13373
grpo-s22,515,0.1171875,0.71875,0.203125,3618.74,0.00358248,1.48707
grpo-s22,516,0.13867188,0.65625,0.1328125,3076.69,0.00485227,0.727328
grpo-s22,517,0.16210938,0.640625,0.13476562,2944.69,0.00453505,1.44603
grpo-s22,518,0.16992188,0.65625,0.12304688,2895.8,0.00714675,1.12452
grpo-s22,519,0.13476562,0.703125,0.11328125,3010.89,0.0041559,1.01206
grpo-s22,520,0.09375,0.75,0.19921875,3767.8,0.00365809,1.15272
grpo-s22,521,0.13671875,0.671875,0.15429688,3234.26,0.00602988,0.969563
grpo-s22,522,0.16796875,0.640625,0.16210938,3446.76,0.00265407,0.773354
grpo-s22,523,0.18554688,0.5625,0.15820312,3252.71,0.00369871,1.2227
grpo-s22,524,0.1796875,0.65625,0.16796875,3269.44,0.00425359,0.880603
grpo-s22,525,0.11132812,0.6875,0.2109375,3943.1,0.00556805,2.19475
grpo-s22,526,0.1484375,0.625,0.26953125,4348.63,0.00584766,1.01042
grpo-s22,527,0.09375,0.703125,0.23828125,4014.31,0.00273056,0.620911
grpo-s22,528,0.10546875,0.75,0.27734375,4319.21,0.00260215,1.85538
grpo-s22,529,0.16992188,0.65625,0.22070312,4138.12,0.00192013,3.08646
grpo-s22,530,0.15234375,0.65625,0.22070312,4050.12,0.00189715,0.993521
grpo-s22,531,0.16210938,0.75,0.22851562,3935.12,0.00215702,0.874864
grpo-s22,532,0.1875,0.546875,0.19921875,3792.57,0.00378385,1.98603
grpo-s22,533,0.13476562,0.65625,0.23046875,4220.02,0.00438088,2.27132
grpo-s22,534,0.11328125,0.765625,0.22070312,4056.17,0.00213169,0.857743
grpo-s22,535,0.12890625,0.671875,0.21679688,3976.07,0.00353628,0.675654
grpo-s22,536,0.11914062,0.671875,0.22265625,4045.42,0.0031703,0.991022
grpo-s22,537,0.1484375,0.625,0.13085938,3220.83,0.00295363,0.810572
grpo-s22,538,0.14257812,0.65625,0.19335938,3570.84,0.00368339,0.778466
grpo-s22,539,0.15039062,0.640625,0.16210938,3434.47,0.0042311,1.09704
grpo-s22,540,0.09375,0.765625,0.21484375,3876.22,0.00349238,0.808783
grpo-s22,541,0.109375,0.65625,0.21484375,3888.86,0.00575877,1.0066
grpo-s22,542,0.10546875,0.71875,0.18945312,3728.85,0.00375189,0.698318
grpo-s22,543,0.19335938,0.609375,0.20898438,4052.54,0.00255155,3.86201
grpo-s22,544,0.109375,0.671875,0.22265625,4064.36,0.003743,0.880795
grpo-s22,545,0.10742188,0.8125,0.22265625,3904.04,0.00340601,0.647658
grpo-s22,546,0.17578125,0.578125,0.23632812,4347.21,0.00301529,0.813627
grpo-s22,547,0.095703125,0.671875,0.23632812,4216.23,0.00334683,0.564543
grpo-s22,548,0.12890625,0.6875,0.24023438,4171.88,0.00308997,0.812448
grpo-s22,549,0.1328125,0.78125,0.21289062,4090.44,0.00227789,0.767308
grpo-s22,550,0.11523438,0.75,0.22265625,4318.14,0.00260898,0.674958
grpo-s22,551,0.18164062,0.65625,0.2421875,4292.33,0.00219972,0.772443
grpo-s22,552,0.080078125,0.75,0.23828125,4284.76,0.00217317,1.27524
grpo-s22,553,0.09765625,0.734375,0.23828125,4540.69,0.00389582,1.30594
grpo-s22,554,0.10742188,0.6875,0.24414062,4768.93,0.00274029,0.869681
grpo-s22,555,0.14257812,0.6875,0.2265625,4502.01,0.00196304,1.01419
grpo-s22,556,0.12890625,0.6875,0.2109375,4472.17,0.00544727,0.921715
grpo-s22,557,0.10351562,0.78125,0.28320312,4738.92,0.00200712,1.37373
grpo-s22,558,0.10742188,0.734375,0.19726562,4252.6,0.00373679,1.59909
grpo-s22,559,0.09765625,0.765625,0.25195312,4803.8,0.00357068,1.37782
grpo-s22,560,0.091796875,0.75,0.3125,5071.56,0.00183875,0.596678
grpo-s22,561,0.07421875,0.78125,0.30273438,5088.18,0.00118616,1.47218
grpo-s22,562,0.0703125,0.71875,0.28710938,5045.79,0.00222454,0.85299
grpo-s22,563,0.1640625,0.734375,0.31835938,5053.23,0.00162925,4.12449
grpo-s22,564,0.125,0.78125,0.31445312,4836.62,0.000992385,0.843319
grpo-s22,565,0.18359375,0.609375,0.24414062,4404.94,0.00144647,1.33757
grpo-s22,566,0.1640625,0.578125,0.29882812,4971.63,0.0022637,3.82587
grpo-s22,567,0.09765625,0.75,0.28320312,4879.07,0.00136896,0.861507
grpo-s22,568,0.171875,0.53125,0.25195312,4522.04,0.00336661,1.3909
grpo-s22,569,0.12109375,0.6875,0.25195312,4669.73,0.00148774,0.773354
grpo-s22,570,0.1640625,0.65625,0.234375,4556.97,0.00157529,0.978479
grpo-s22,571,0.09765625,0.671875,0.26171875,4764.22,0.00385181,1.23059
grpo-s22,572,0.10351562,0.703125,0.23242188,4436.36,0.00201805,0.726851
grpo-s22,573,0.13671875,0.703125,0.27539062,4795.63,0.00287031,4.39615
grpo-s22,574,0.13671875,0.75,0.21484375,4758.02,0.00131386,3.29009
grpo-s22,575,0.068359375,0.796875,0.24414062,4611.2,0.00172623,0.972452
grpo-s22,576,0.10351562,0.703125,0.21679688,4140.6,0.00221354,0.868971
grpo-s22,577,0.10351562,0.703125,0.25,4710.93,0.00257787,1.28238
grpo-s22,578,0.1484375,0.640625,0.24023438,4785.42,0.0025345,1.31212
grpo-s22,579,0.095703125,0.75,0.20703125,4264.54,0.00133906,1.25752
grpo-s22,580,0.07421875,0.8125,0.20507812,4287.55,0.00313381,0.675989
grpo-s22,581,0.099609375,0.78125,0.24023438,4553.33,0.00152978,1.30168
grpo-s22,582,0.13867188,0.671875,0.29101562,5031.42,0.00449856,3.75087
grpo-s22,583,0.109375,0.71875,0.28320312,5094.11,0.00213842,0.746418
grpo-s22,584,0.08203125,0.734375,0.31054688,5175.97,0.00136516,1.34664
grpo-s22,585,0.10351562,0.71875,0.2421875,4766.79,0.00157263,0.746804
grpo-s22,586,0.08984375,0.734375,0.2734375,5096.2,0.0019429,1.43378
grpo-s22,587,0.087890625,0.78125,0.24804688,4909.59,0.00177172,0.584641
grpo-s22,588,0.095703125,0.78125,0.26757812,5003.58,0.00105109,0.621716
grpo-s22,589,0.109375,0.703125,0.31445312,5255.07,0.00130803,1.36932
grpo-s22,590,0.10546875,0.734375,0.26367188,4910.21,0.00119936,1.44202
grpo-s22,591,0.109375,0.734375,0.234375,4749.16,0.00122713,0.685349
grpo-s22,592,0.10351562,0.75,0.1953125,4510.91,0.00330273,0.486509
grpo-s22,593,0.1328125,0.6875,0.20703125,4335.63,0.0013455,0.8964
grpo-s22,594,0.03515625,0.84375,0.19921875,4557.47,0.00232604,2.82188
grpo-s22,595,0.14453125,0.625,0.11523438,3888.85,0.00123056,0.926382
grpo-s22,596,0.087890625,0.78125,0.14257812,4081.21,0.0033271,2.00295
grpo-s22,597,0.10546875,0.765625,0.13867188,3970.29,0.0024524,1.15268
grpo-s22,598,0.11914062,0.734375,0.1171875,3272.53,0.00237732,1.19435
grpo-s22,599,0.16210938,0.65625,0.13867188,3648.65,0.00342376,0.696983
grpo-s22,600,0.11523438,0.671875,0.11523438,3355.92,0.00638687,1.64632
grpo-s22,601,0.10742188,0.734375,0.16210938,3877.09,0.00434949,2.06862
grpo-s22,602,0.072265625,0.859375,0.26953125,4813.72,0.00116102,0.87973
grpo-s22,603,0.06640625,0.765625,0.20703125,4386.19,0.0025592,0.97602
grpo-s22,604,0.0859375,0.75,0.16796875,4124.03,0.0032645,2.31393
grpo-s22,605,0.044921875,0.796875,0.16601562,4140.23,0.00128564,1.11278
grpo-s22,606,0.078125,0.828125,0.18164062,4212.36,0.00131864,0.599846
grpo-s22,607,0.16210938,0.71875,0.15234375,3942.49,0.00430741,0.813665
grpo-s22,608,0.1015625,0.765625,0.1796875,3949.51,0.0047444,1.13783
grpo-s22,609,0.11132812,0.8125,0.17773438,3864.3,0.00402702,1.28133
grpo-s22,610,0.11523438,0.734375,0.16601562,3751.45,0.00337348,1.11768
grpo-s22,611,0.041015625,0.84375,0.13085938,3531.89,0.00561543,1.59697
grpo-s22,612,0.087890625,0.71875,0.15039062,3764.59,0.00269785,2.00294
grpo-s22,613,0.0703125,0.8125,0.16796875,3953.5,0.00213283,1.43923
grpo-s22,614,0.09375,0.765625,0.16992188,4058.72,0.00299681,0.990055
grpo-s22,615,0.10351562,0.65625,0.22460938,4533.82,0.00245502,1.11333
grpo-s22,616,0.11523438,0.65625,0.19140625,4256.58,0.00451609,1.99677
grpo-s22,617,0.080078125,0.765625,0.19140625,4508.3,0.00246452,4.99888
grpo-s22,618,0.09375,0.75,0.2109375,4313.96,0.00115136,1.22932
grpo-s22,619,0.09375,0.796875,0.20898438,4560.42,0.00227902,0.989339
grpo-s22,620,0.0625,0.84375,0.2109375,4495.53,0.00138291,1.16111
grpo-s22,621,0.0546875,0.796875,0.17382812,4364.03,0.00153253,0.961275
grpo-s22,622,0.140625,0.71875,0.15429688,4330.9,0.0013328,0.907225
grpo-s22,623,0.0859375,0.84375,0.13476562,3944.06,0.00192416,3.08338
grpo-s22,624,0.080078125,0.78125,0.1484375,3921.89,0.00140671,0.773338
grpo-s22,625,0.08984375,0.765625,0.10742188,3415.54,0.00122819,1.81475
grpo-s22,626,0.041015625,0.859375,0.11914062,3525.62,0.00313463,0.734414
grpo-s22,627,0.029296875,0.875,0.13085938,3495.06,0.00790132,2.11891
grpo-s22,628,0.1171875,0.6875,0.16992188,3934.77,0.00284468,1.21918
grpo-s22,629,0.0859375,0.78125,0.15039062,4267.13,0.00363994,1.08428
grpo-s22,630,0.0703125,0.78125,0.18359375,4407.79,0.00103557,1.10722
grpo-s22,631,0.06640625,0.796875,0.19921875,4507.67,0.0014211,1.02288
grpo-s22,632,0.07421875,0.859375,0.24023438,4735.54,0.00215681,0.727845
grpo-s22,633,0.07421875,0.8125,0.23828125,4817.57,0.00114769,1.2965
grpo-s22,634,0.0703125,0.828125,0.19335938,4437.52,0.000948783,1.37765
grpo-s22,635,0.1171875,0.75,0.23242188,4661.74,0.000605938,1.08389
grpo-s22,636,0.037109375,0.796875,0.2421875,4599.21,0.00185063,1.17954
grpo-s22,637,0.015625,0.921875,0.21289062,4752.21,0.00187648,0.786422
grpo-s22,638,0.087890625,0.796875,0.24023438,4700.53,0.000771134,1.06804
grpo-s22,639,0.048828125,0.8125,0.27734375,4959.69,0.00160514,0.990055
grpo-s22,640,0.064453125,0.84375,0.23242188,5173.74,0.00104571,0.615187
grpo-s22,641,0.01953125,0.890625,0.2890625,5336.95,0.00162712,1.3726
grpo-s22,642,0.0703125,0.75,0.30273438,5314.08,0.000691547,0.807683
grpo-s22,643,0.08203125,0.78125,0.31640625,5389.09,0.00101468,0.95091
grpo-s22,644,0.12304688,0.703125,0.3203125,5393.62,0.000888287,1.1611
grpo-s22,645,0.046875,0.859375,0.34960938,5597.78,0.00116744,0.717766
grpo-s22,646,0.0859375,0.765625,0.34765625,5458.96,0.00103619,0.848276
grpo-s22,647,0.140625,0.6875,0.37304688,5535.78,0.00124881,0.803478
grpo-s22,648,0.095703125,0.828125,0.32226562,5379.63,0.00101592,1.12657
grpo-s22,649,0.0546875,0.859375,0.31054688,5368.47,0.00123651,1.53905
grpo-s22,650,0.064453125,0.796875,0.30664062,5148.84,0.000841471,0.666799
grpo-s22,651,0.076171875,0.84375,0.31835938,5336.01,0.000734384,0.590806
grpo-s22,652,0.10351562,0.78125,0.31054688,5194.91,0.00109733,1.26197
grpo-s22,653,0.07421875,0.796875,0.27539062,5090.66,0.00102297,0.651687
grpo-s22,654,0.052734375,0.84375,0.30664062,5067.29,0.000757514,0.547418
grpo-s22,655,0.068359375,0.84375,0.29296875,4938.9,0.0006286,1.32695
grpo-s22,656,0.064453125,0.84375,0.31445312,5132.21,0.00103579,0.59956
grpo-s22,657,0.08203125,0.75,0.28125,4862.1,0.000860989,2.07064
grpo-s22,658,0.064453125,0.828125,0.27929688,4895.22,0.00123239,0.884943
grpo-s22,659,0.06640625,0.796875,0.26757812,4905.61,0.00086809,0.904753
grpo-s22,660,0.056640625,0.8125,0.26171875,4749.2,0.00135378,0.859177
grpo-s22,661,0.052734375,0.78125,0.23828125,4666.96,0.0017482,0.879475
grpo-s22,662,0.11523438,0.75,0.27148438,4912.82,0.00188787,1.0243
grpo-s22,663,0.1015625,0.6875,0.22070312,4520.73,0.000982201,0.748294
grpo-s22,664,0.1015625,0.671875,0.15039062,4143.93,0.0020437,3.45215
grpo-s22,665,0.078125,0.78125,0.15820312,4164.09,0.00311487,1.55094
grpo-s22,666,0.029296875,0.90625,0.14648438,3892.43,0.00292203,0.922774
grpo-s22,667,0.15625,0.75,0.13476562,3927.49,0.00148496,0.996745
grpo-s22,668,0.044921875,0.875,0.234375,4464.8,0.00451798,1.86133
grpo-s22,669,0.10546875,0.765625,0.24023438,4604.1,0.00107269,0.991117
grpo-s22,670,0.09375,0.765625,0.203125,4336.56,0.00120475,1.72225
grpo-s22,671,0.068359375,0.78125,0.203125,4524.7,0.00132359,2.20721
grpo-s22,672,0.041015625,0.859375,0.19726562,4514.24,0.000921737,1.24475
grpo-s22,673,0.0703125,0.828125,0.17578125,4390.27,0.00307006,1.37128
grpo-s22,674,0.08203125,0.8125,0.22265625,4597.07,0.00322741,0.834344
grpo-s22,675,0.08984375,0.78125,0.22070312,4768.79,0.00126975,5.14421
grpo-s22,676,0.03515625,0.828125,0.30664062,5331.74,0.00114241,1.2178
grpo-s22,677,0.13671875,0.6875,0.32421875,5396.7,0.00151408,2.49915
grpo-s22,678,0.080078125,0.796875,0.39453125,5714.78,0.000861711,2.74827
grpo-s22,679,0.095703125,0.703125,0.375,5541.97,0.00092314,0.877478
grpo-s22,680,0.125,0.65625,0.390625,5667.38,0.000966835,2.95355
grpo-s22,681,0.09765625,0.796875,0.43945312,5776.84,0.000842306,1.24998
grpo-s22,682,0.068359375,0.796875,0.41015625,5671.95,0.000782897,1.43964
grpo-s22,683,0.12695312,0.703125,0.3046875,5271.06,0.000372883,0.861386
grpo-s22,684,0.12304688,0.71875,0.37695312,5399.74,0.000979783,0.989969
grpo-s22,685,0.08984375,0.765625,0.25976562,4815.23,0.000692243,1.49866
grpo-s22,686,0.083984375,0.84375,0.33789062,5209.62,0.00074744,0.709154
grpo-s22,687,0.04296875,0.90625,0.31640625,5317.95,0.000983178,7.24239
grpo-s22,688,0.05078125,0.859375,0.28710938,5020.19,0.0059633,2.22265
grpo-s22,689,0.08203125,0.84375,0.32421875,5088.26,0.000792859,0.985179
grpo-s22,690,0.046875,0.921875,0.24609375,4790.12,0.000885825,1.29343
grpo-s22,691,0.10742188,0.8125,0.23632812,4747.77,0.000744933,1.88089
grpo-s22,692,0.044921875,0.84375,0.21289062,4675.6,0.000535948,3.28822
grpo-s22,693,0.064453125,0.84375,0.25976562,4936.9,0.000747906,1.14551
grpo-s22,694,0.0546875,0.859375,0.22265625,4521.26,0.00056884,1.43614
grpo-s22,695,0.048828125,0.859375,0.23632812,4585.78,0.000969382,2.58147
grpo-s22,696,0.046875,0.828125,0.19921875,4682.96,0.000660794,0.964692
grpo-s22,697,0.0703125,0.75,0.22851562,4647.42,0.000419327,0.75
grpo-s22,698,0.068359375,0.8125,0.19140625,4637.57,0.000888652,1.43448
grpo-s22,699,0.0703125,0.828125,0.22265625,4810.97,0.000897928,0.624611
grpo-s22,700,0.056640625,0.828125,0.21484375,4831.31,0.000676109,1.34918
grpo-s22,701,0.11132812,0.78125,0.18359375,4518.54,0.000910023,1.71003
grpo-s22,702,0.08203125,0.828125,0.1875,4759.21,0.000639458,0.739438
grpo-s22,703,0.0625,0.796875,0.15820312,4599.08,0.000743901,0.961275
grpo-s22,704,0.12890625,0.734375,0.24023438,4964.9,0.000387016,0.913991
grpo-s22,705,0.068359375,0.828125,0.21875,5116.54,0.000709483,2.67114
grpo-s22,706,0.068359375,0.78125,0.21289062,5320.99,0.000878944,1.12513
grpo-s22,707,0.04296875,0.875,0.28515625,5448.58,0.000670032,0.962006
grpo-s22,708,0.11328125,0.78125,0.25585938,5297.73,0.000745907,1.02416
grpo-s22,709,0.05078125,0.859375,0.29296875,5572.7,0.000564503,0.8774
grpo-s22,710,0.056640625,0.796875,0.22265625,5245.44,0.000498941,0.834538
grpo-s22,711,0.095703125,0.78125,0.26757812,5234.62,0.000641054,2.10727
grpo-s22,712,0.08984375,0.75,0.18359375,4794,0.000678598,0.78168
grpo-s22,713,0.07421875,0.78125,0.25390625,5453.06,0.000862311,1.76569
grpo-s22,714,0.029296875,0.890625,0.22070312,5247.2,0.000615064,1.14504
grpo-s22,715,0.083984375,0.75,0.23046875,5436.02,0.000549051,0.961274
grpo-s22,716,0.072265625,0.796875,0.203125,5269.22,0.000483189,1.11877
grpo-s22,717,0.052734375,0.828125,0.22460938,5380.02,0.000449883,1.37425
grpo-s22,718,0.10351562,0.75,0.234375,5379.39,0.00067006,1.02517
grpo-s22,719,0.10546875,0.75,0.32421875,5838.26,0.000659138,0.616674
grpo-s22,720,0.03515625,0.859375,0.24414062,5408.84,0.000739696,1.08157
grpo-s22,721,0.0859375,0.78125,0.24023438,5493.03,0.000789333,0.682264
grpo-s22,722,0.080078125,0.875,0.25,5199,0.000806211,1.68527
grpo-s22,723,0.052734375,0.828125,0.25390625,5252,0.000461196,0.556861
grpo-s22,724,0.072265625,0.859375,0.21679688,5114.39,0.000762331,1.07309
grpo-s22,725,0.083984375,0.765625,0.24609375,5399.37,0.000580214,1.90555
grpo-s22,726,0.09765625,0.765625,0.23828125,5256.97,0.000889392,0.821713
grpo-s22,727,0.046875,0.796875,0.19726562,5037.92,0.00117647,1.74661
grpo-s22,728,0.05078125,0.8125,0.1796875,4799.13,0.000856847,1.25248
grpo-s22,729,0.078125,0.8125,0.19335938,4917.1,0.00309935,1.1754
grpo-s22,730,0.072265625,0.828125,0.17773438,4880.26,0.00103002,0.741548
grpo-s22,731,0.09375,0.71875,0.23046875,5108.68,0.000768554,0.740451
grpo-s22,732,0.060546875,0.78125,0.23632812,5087.68,0.000714031,0.677635
grpo-s22,733,0.0625,0.78125,0.18554688,4788.6,0.000661649,1.0064
grpo-s22,734,0.05859375,0.828125,0.16992188,4797.08,0.000702387,2.27132
grpo-s22,735,0.080078125,0.78125,0.1796875,4799.6,0.000806894,1.21256
grpo-s22,736,0.0703125,0.859375,0.17773438,4719.67,0.000648642,0.77335
grpo-s22,737,0.076171875,0.765625,0.1796875,4694.77,0.00130073,0.797872
grpo-s22,738,0.12304688,0.65625,0.1953125,4894.93,0.000820795,0.861512
grpo-s22,739,0.083984375,0.78125,0.24609375,5170.43,0.000880356,0.749609
grpo-s22,740,0.087890625,0.796875,0.23828125,5124.28,0.000878751,0.875548
grpo-s22,741,0.11132812,0.71875,0.2109375,4984.91,0.000818812,0.733585
grpo-s22,742,0.076171875,0.78125,0.20117188,4740.69,0.00100287,1.07822
grpo-s22,743,0.09765625,0.78125,0.20703125,4898.79,0.00101555,0.766216
grpo-s22,744,0.11132812,0.75,0.19140625,4919.84,0.000961337,1.12104
grpo-s22,745,0.109375,0.796875,0.15625,4432.85,0.00317769,3.50764
grpo-s22,746,0.083984375,0.84375,0.14648438,4460.9,0.00101596,3.4529
grpo-s22,747,0.056640625,0.8125,0.17773438,4564.38,0.00388522,1.2045
grpo-s22,748,0.068359375,0.828125,0.1875,4409.08,0.00150112,2.09628
grpo-s22,749,0.056640625,0.875,0.23046875,4754.82,0.000602639,1.11055
grpo-s22,750,0.01953125,0.921875,0.16015625,4534.76,0.0036768,9.5939
grpo-s22,751,0.080078125,0.859375,0.171875,4379.04,0.00201028,2.14971
grpo-s22,752,0.05859375,0.84375,0.17382812,4337.76,0.00385487,1.27762
grpo-s22,753,0.068359375,0.765625,0.17578125,4427.86,0.00321648,1.11506
grpo-s22,754,0.03515625,0.875,0.14453125,3929.24,0.00110124,3.12813
grpo-s22,755,0.09375,0.796875,0.125,3912.07,0.000698564,1.73062
grpo-s22,756,0.09765625,0.78125,0.13867188,4259.46,0.000804802,2.10792
grpo-s22,757,0.060546875,0.859375,0.12890625,4389.4,0.00114571,1.12547
grpo-s22,758,0.0703125,0.8125,0.14648438,4508.87,0.00243582,4.35082
grpo-s22,759,0.0859375,0.8125,0.171875,4703.99,0.000619222,2.35356
grpo-s22,760,0.10546875,0.796875,0.1015625,4164.81,0.000732692,0.50742
grpo-s22,761,0.052734375,0.8125,0.17382812,4453.59,0.000751037,1.19437
grpo-s22,762,0.068359375,0.859375,0.11328125,4168.72,0.00191814,1.30088
grpo-s22,763,0.0546875,0.84375,0.16210938,4430.46,0.000439399,1.39089
grpo-s22,764,0.046875,0.890625,0.1484375,4464.4,0.00228418,1.75295
grpo-s22,765,0.07421875,0.78125,0.07421875,3976.16,0.0105267,1.83847
grpo-s22,766,0.083984375,0.859375,0.076171875,3680.64,0.0031824,3.08734
grpo-s22,767,0.0546875,0.90625,0.087890625,3460.96,0.00697775,4.31101
grpo-s22,768,0.109375,0.8125,0.0703125,3494.67,0.00794226,6.47745
grpo-s22,769,0.14453125,0.703125,0.095703125,3047.95,0.0137553,2.38412
grpo-s22,770,0.12695312,0.71875,0.05078125,2822.97,0.00622327,1.04913
grpo-s22,771,0.091796875,0.796875,0.05859375,3121.76,0.00469496,1.9693
grpo-s22,772,0.080078125,0.78125,0.09375,3445.44,0.00477169,1.10439
grpo-s22,773,0.13476562,0.6875,0.11523438,3715.88,0.00525476,0.845712
grpo-s22,774,0.11523438,0.71875,0.072265625,3861.06,0.00718987,1.45597
grpo-s22,775,0.080078125,0.78125,0.11328125,4073.61,0.00116266,1.70857
grpo-s22,776,0.05859375,0.796875,0.13476562,4518.09,0.000650837,1.43361
grpo-s22,777,0.11132812,0.828125,0.13085938,4273.01,0.0015618,1.16112
grpo-s22,778,0.0859375,0.828125,0.12890625,4065.26,0.00632873,0.761381
grpo-s22,779,0.052734375,0.859375,0.12109375,3945.98,0.000964389,0.660821
grpo-s22,780,0.05078125,0.828125,0.125,3952.26,0.00141161,1.10572
grpo-s22,781,0.087890625,0.734375,0.099609375,3569.1,0.00285158,1.88164
grpo-s22,782,0.0859375,0.8125,0.068359375,3061.26,0.00687396,3.62339
grpo-s22,783,0.14257812,0.6875,0.091796875,3250.49,0.00241635,2.19202
grpo-s22,784,0.091796875,0.765625,0.109375,3626.54,0.00322391,1.85991
grpo-s22,785,0.044921875,0.90625,0.15625,4133.08,0.00704464,1.82348
grpo-s22,786,0.080078125,0.734375,0.16210938,4060.96,0.00146102,2.00287
grpo-s22,787,0.11132812,0.765625,0.18945312,4409.15,0.00425692,1.16112
grpo-s22,788,0.060546875,0.765625,0.21679688,4580.29,0.00346629,1.01772
grpo-s22,789,0.05859375,0.78125,0.17578125,4455.55,0.00335619,1.01111
grpo-s22,790,0.13085938,0.671875,0.16796875,4067.23,0.00126819,3.00911
grpo-s22,791,0.0625,0.765625,0.15625,3814.14,0.00753921,1.12572
grpo-s22,792,0.064453125,0.828125,0.18164062,3685.07,0.00895447,1.56764
grpo-s22,793,0.064453125,0.828125,0.15429688,3530.86,0.00300613,0.936147
grpo-s22,794,0.0546875,0.8125,0.1484375,3542.55,0.0158016,1.18952
grpo-s22,795,0.056640625,0.84375,0.19726562,4069.4,0.00383836,1.37544
grpo-s22,796,0.0859375,0.8125,0.16601562,3652.65,0.00705425,1.95678
grpo-s22,797,0.14648438,0.671875,0.16992188,3610.96,0.00502232,0.960755
grpo-s22,798,0.078125,0.765625,0.15820312,3631.85,0.0187412,3.09623
grpo-s22,799,0.09765625,0.78125,0.17578125,3744.27,0.0119608,1.3778
grpo-s22,800,0.064453125,0.796875,0.20898438,4295.21,0.00399601,1.2981
grpo-s33,1,0.15234375,0.53125,0.01953125,953.893,0.017538,0.470672
grpo-s33,2,0.14453125,0.53125,0.015625,970.795,0.0140798,1.17547
grpo-s33,3,0.140625,0.53125,0.00390625,871.117,0.0163053,0.445269
grpo-s33,4,0.13671875,0.546875,0.009765625,973.684,0.0148914,0.537263
grpo-s33,5,0.14648438,0.46875,0.00390625,1066.7,0.012371,0.358854
grpo-s33,6,0.14453125,0.515625,0.0078125,1089.82,0.0114258,0.411939
grpo-s33,7,0.18945312,0.515625,0.0078125,1047.54,0.0115033,0.492664
grpo-s33,8,0.2109375,0.3125,0.015625,1190.87,0.0132551,0.395626
grpo-s33,9,0.1953125,0.59375,0.001953125,1138.35,0.0126318,0.463625
grpo-s33,10,0.17578125,0.5,0.01171875,1302.9,0.0131115,0.339118
grpo-s33,11,0.265625,0.390625,0.00390625,1153.43,0.0122279,0.425216
grpo-s33,12,0.27539062,0.421875,0.01171875,1253.88,0.0108392,0.455873
grpo-s33,13,0.2578125,0.359375,0.013671875,1208.87,0.0134568,0.43669
grpo-s33,14,0.21289062,0.484375,0.013671875,1211.07,0.00853407,0.418317
grpo-s33,15,0.25976562,0.546875,0.005859375,1150.45,0.00669708,0.495645
grpo-s33,16,0.28320312,0.4375,0.00390625,1155.4,0.00859291,0.79348
grpo-s33,17,0.296875,0.4375,0.01171875,1128.38,0.00915844,0.460098
grpo-s33,18,0.26367188,0.453125,0.013671875,1237.09,0.00677779,0.695625
grpo-s33,19,0.2578125,0.53125,0.017578125,1208.11,0.00690348,0.371464
grpo-s33,20,0.26757812,0.375,0.001953125,1108.37,0.00995382,0.450182
grpo-s33,21,0.33007812,0.421875,0.001953125,1193.7,0.00725398,0.425483
grpo-s33,22,0.31054688,0.359375,0.0234375,1485.56,0.00520872,0.452417
grpo-s33,23,0.28515625,0.40625,0.01171875,1383.97,0.00699851,0.424388
grpo-s33,24,0.296875,0.40625,0.0078125,1153.9,0.00841719,0.525539
grpo-s33,25,0.22070312,0.5625,0.021484375,1462,0.00565406,1.16416
grpo-s33,26,0.26757812,0.53125,0.009765625,1162.13,0.00405827,0.373529
grpo-s33,27,0.27148438,0.4375,0.005859375,1198.41,0.00546602,0.444243
grpo-s33,28,0.31054688,0.390625,0.01171875,1269.05,0.00907794,0.461415
grpo-s33,29,0.32226562,0.421875,0.015625,1321.73,0.00806515,0.60521
grpo-s33,30,0.23828125,0.484375,0.015625,1413.54,0.0112522,0.483259
grpo-s33,31,0.37695312,0.40625,0.017578125,1307.23,0.00466194,0.388153
grpo-s33,32,0.40039062,0.328125,0.01171875,1218.06,0.0065606,0.497037
grpo-s33,33,0.28125,0.390625,0.017578125,1218.68,0.00577136,0.469656
grpo-s33,34,0.27539062,0.421875,0.01171875,1276.98,0.00950614,0.446346
grpo-s33,35,0.30859375,0.390625,0.017578125,1466.68,0.00465512,0.488057
grpo-s33,36,0.24609375,0.453125,0.015625,1336.84,0.00725974,0.506046
grpo-s33,37,0.29882812,0.359375,0.013671875,1326.16,0.00798191,0.481161
grpo-s33,38,0.31054688,0.453125,0.021484375,1419.42,0.0037294,0.451948
grpo-s33,39,0.27929688,0.453125,0.015625,1365.73,0.00355046,0.867276
grpo-s33,40,0.2890625,0.4375,0.0234375,1573.99,0.00740088,0.554683
grpo-s33,41,0.3671875,0.421875,0.03515625,1493.04,0.00430927,0.481161
grpo-s33,42,0.31835938,0.375,0.029296875,1628.82,0.00614571,0.64879
grpo-s33,43,0.35742188,0.546875,0.02734375,1471.52,0.00350126,0.624997
grpo-s33,44,0.30664062,0.453125,0.013671875,1468.63,0.00429968,0.495668
grpo-s33,45,0.33789062,0.5,0.029296875,1612.64,0.00306966,0.497362
grpo-s33,46,0.33007812,0.453125,0.021484375,1537.03,0.00587217,0.425516
grpo-s33,47,0.328125,0.46875,0.033203125,1568.11,0.00468267,0.737323
grpo-s33,48,0.33203125,0.421875,0.01953125,1543.89,0.00820019,0.492484
grpo-s33,49,0.36523438,0.546875,0.033203125,1755.78,0.0043958,0.497922
grpo-s33,50,0.27734375,0.53125,0.03125,1610.89,0.00774651,0.461753
grpo-s33,51,0.31445312,0.46875,0.03515625,1695.22,0.00438844,0.659998
grpo-s33,52,0.34375,0.4375,0.037109375,1597.47,0.00552074,0.623554
grpo-s33,53,0.359375,0.375,0.015625,1380.56,0.00653543,0.697018
grpo-s33,54,0.33789062,0.390625,0.03515625,1667.21,0.00564327,0.472363
grpo-s33,55,0.25976562,0.5,0.037109375,1819.86,0.00668059,0.465037
grpo-s33,56,0.26367188,0.53125,0.0390625,1794.6,0.00390781,0.633931
grpo-s33,57,0.44921875,0.328125,0.029296875,1641.69,0.00369351,0.743769
grpo-s33,58,0.30078125,0.53125,0.041015625,1721.21,0.00290609,0.492457
grpo-s33,59,0.36132812,0.328125,0.03515625,1685.15,0.00387264,0.492894
grpo-s33,60,0.328125,0.40625,0.037109375,1721.94,0.00422286,0.47786
grpo-s33,61,0.39453125,0.3125,0.037109375,1680.88,0.00442805,0.492892
grpo-s33,62,0.33398438,0.46875,0.046875,1739.03,0.00484282,0.52238
grpo-s33,63,0.36328125,0.53125,0.037109375,1801.66,0.00432432,0.685198
grpo-s33,64,0.35546875,0.546875,0.052734375,1861,0.00707559,0.497944
grpo-s33,65,0.328125,0.421875,0.05078125,2035.03,0.00562013,0.703495
grpo-s33,66,0.44140625,0.4375,0.037109375,1626.68,0.00528452,0.457668
grpo-s33,67,0.32421875,0.546875,0.06640625,2085.38,0.00287767,0.46176
grpo-s33,68,0.39648438,0.390625,0.052734375,1688.11,0.0030764,0.74966
grpo-s33,69,0.46289062,0.375,0.037109375,1708.44,0.0050103,0.742515
grpo-s33,70,0.3515625,0.4375,0.0546875,2081.84,0.0022782,2.22608
grpo-s33,71,0.36132812,0.453125,0.04296875,1858.94,0.00330521,0.38306
grpo-s33,72,0.32226562,0.5,0.04296875,1581.06,0.00675093,0.492972
grpo-s33,73,0.40039062,0.328125,0.056640625,1926.91,0.00563179,0.872087
grpo-s33,74,0.32617188,0.484375,0.076171875,2187.22,0.00236233,0.596963
grpo-s33,75,0.32617188,0.515625,0.05078125,1962.72,0.00554961,0.692248
grpo-s33,76,0.33984375,0.59375,0.05078125,1880.4,0.00421367,0.546712
grpo-s33,77,0.36914062,0.515625,0.072265625,2009.98,0.00551351,0.481157
grpo-s33,78,0.36132812,0.5,0.076171875,2093.75,0.00273927,0.476136
grpo-s33,79,0.34375,0.5,0.05078125,1872.1,0.00498371,0.875474
grpo-s33,80,0.39648438,0.5,0.03515625,1828.76,0.00484305,0.624982
grpo-s33,81,0.41992188,0.484375,0.03515625,1524.82,0.00430743,0.491485
grpo-s33,82,0.3515625,0.515625,0.0625,2113.54,0.00378727,0.530081
grpo-s33,83,0.3515625,0.53125,0.041015625,1788.91,0.00653511,0.869981
grpo-s33,84,0.34960938,0.453125,0.076171875,2210.95,0.00368456,0.545385
grpo-s33,85,0.40039062,0.5,0.087890625,2221.71,0.00716907,0.489962
grpo-s33,86,0.30273438,0.515625,0.076171875,2157.16,0.0023439,1.20618
grpo-s33,87,0.2890625,0.5625,0.083984375,2433.37,0.00390804,1.5236
grpo-s33,88,0.40625,0.515625,0.064453125,1979.67,0.00451918,0.668666
grpo-s33,89,0.35351562,0.53125,0.04296875,1927.32,0.00473821,0.564474
grpo-s33,90,0.44335938,0.453125,0.06640625,2169.73,0.00456288,0.685038
grpo-s33,91,0.33984375,0.46875,0.078125,2272.65,0.00622607,0.717748
grpo-s33,92,0.3828125,0.40625,0.087890625,2238.75,0.00329861,1.36932
grpo-s33,93,0.34179688,0.515625,0.091796875,2362.11,0.00258983,1.08428
grpo-s33,94,0.40039062,0.53125,0.0625,1972.15,0.0030138,0.797589
grpo-s33,95,0.41601562,0.46875,0.064453125,1982.53,0.00329264,0.624999
grpo-s33,96,0.390625,0.453125,0.099609375,2402.4,0.00534063,1.22734
grpo-s33,97,0.41796875,0.34375,0.072265625,2228.8,0.00645363,0.709152
grpo-s33,98,0.35742188,0.515625,0.08984375,2316.2,0.0055406,1.82387
grpo-s33,99,0.34570312,0.5,0.099609375,2283.91,0.00412208,1.29511
grpo-s33,100,0.37890625,0.515625,0.046875,1958.62,0.00410328,0.668712
grpo-s33,101,0.41210938,0.328125,0.08984375,2445.78,0.00250439,0.587204
grpo-s33,102,0.33398438,0.578125,0.11328125,2395.45,0.00393274,1.70633
grpo-s33,103,0.37695312,0.46875,0.125,2569.59,0.00396663,0.948856
grpo-s33,104,0.37695312,0.46875,0.12304688,2738.59,0.00425697,0.989878
grpo-s33,105,0.32226562,0.53125,0.1015625,2480.12,0.00353908,0.901741
grpo-s33,106,0.33398438,0.484375,0.07421875,2257.88,0.00296445,0.727333
grpo-s33,107,0.38671875,0.484375,0.099609375,2529.08,0.00443412,1.11506
grpo-s33,108,0.44335938,0.546875,0.08984375,2264.4,0.00505899,0.737328
grpo-s33,109,0.44726562,0.546875,0.13867188,2875.58,0.00546832,0.936554
grpo-s33,110,0.36523438,0.46875,0.10546875,2659.09,0.00279546,0.848277
grpo-s33,111,0.43164062,0.484375,0.083984375,2272.87,0.00268614,1.32707
grpo-s33,112,0.44921875,0.5,0.091796875,2248.65,0.00294871,1.20618
grpo-s33,113,0.42773438,0.453125,0.12304688,2584.83,0.00419012,1.58469
grpo-s33,114,0.4453125,0.453125,0.087890625,2543.14,0.00370834,1.20618
grpo-s33,115,0.42578125,0.484375,0.12890625,2819.86,0.00379162,1.69607
grpo-s33,116,0.38476562,0.5625,0.10351562,2661.55,0.00423501,0.808722
grpo-s33,117,0.328125,0.4375,0.13085938,2894.51,0.0027709,1.21334
grpo-s33,118,0.47265625,0.40625,0.10351562,2754.67,0.00355159,1
grpo-s33,119,0.453125,0.53125,0.10742188,2675.02,0.00424506,1.3105
grpo-s33,120,0.36523438,0.5,0.15429688,3173.1,0.00408852,0.993515
grpo-s33,121,0.46289062,0.359375,0.125,2638.94,0.00507414,1.24823
grpo-s33,122,0.3984375,0.453125,0.10351562,2635.03,0.00274503,1.43378
grpo-s33,123,0.359375,0.515625,0.16601562,2856.21,0.00325042,1.07696
grpo-s33,124,0.34765625,0.453125,0.12304688,2913.47,0.00394252,1.03091
grpo-s33,125,0.33398438,0.515625,0.1640625,3231.96,0.00383696,0.901917
grpo-s33,126,0.33398438,0.5625,0.14453125,2745.21,0.00588565,2.10394
grpo-s33,127,0.43164062,0.546875,0.0703125,2374.86,0.00553106,0.762526
grpo-s33,128,0.37890625,0.390625,0.0859375,2442.79,0.0066292,1.60952
grpo-s33,129,0.48632812,0.453125,0.09765625,2292.06,0.00522814,5.02746
grpo-s33,130,0.41601562,0.5,0.0859375,2421.56,0.00270274,1.10095
grpo-s33,131,0.41601562,0.515625,0.1484375,2859.32,0.00730803,2.95814
grpo-s33,132,0.39257812,0.515625,0.12695312,2604.96,0.00698389,2.34949
grpo-s33,133,0.38085938,0.53125,0.1171875,2629.14,0.00404345,1.15285
grpo-s33,134,0.5078125,0.453125,0.0703125,2244.76,0.00431922,1.12417
grpo-s33,135,0.421875,0.46875,0.15429688,2725.69,0.00353968,0.901744
grpo-s33,136,0.3359375,0.515625,0.16210938,3042.93,0.00520034,2.07451
grpo-s33,137,0.33203125,0.53125,0.13476562,3024.57,0.00397668,1.31978
grpo-s33,138,0.4375,0.40625,0.15234375,2755.62,0.00413182,1.99489
grpo-s33,139,0.38867188,0.453125,0.11914062,2752.24,0.0034976,2.84352
grpo-s33,140,0.38671875,0.546875,0.12695312,2550.35,0.0041174,1.00461
grpo-s33,141,0.41796875,0.515625,0.1171875,2671.13,0.00391533,1.24521
grpo-s33,142,0.35742188,0.609375,0.083984375,2159,0.00521725,0.989427
grpo-s33,143,0.38085938,0.375,0.10546875,2455.14,0.00378552,1.19295
grpo-s33,144,0.43945312,0.421875,0.10546875,2522.43,0.00501101,1.56577
grpo-s33,145,0.43945312,0.515625,0.13476562,2810.77,0.00443282,1.96335
grpo-s33,146,0.421875,0.34375,0.13867188,2835.27,0.00350675,1.03346
grpo-s33,147,0.44921875,0.5625,0.13085938,2645.06,0.00607611,1.73831
grpo-s33,148,0.46484375,0.453125,0.11523438,2538.48,0.00257879,1.23991
grpo-s33,149,0.35742188,0.4375,0.1171875,2520.4,0.00543031,1.30109
grpo-s33,150,0.37109375,0.484375,0.12304688,2668.36,0.00925911,0.901738
grpo-s33,151,0.3984375,0.53125,0.09765625,2332.79,0.00259109,1.2288
grpo-s33,152,0.36328125,0.53125,0.14648438,2971.77,0.00497867,1.37613
grpo-s33,153,0.36523438,0.515625,0.12890625,2637.54,0.0038295,1.89122
grpo-s33,154,0.35742188,0.515625,0.12695312,2879.06,0.00308827,0.984286
grpo-s33,155,0.421875,0.390625,0.15429688,3002.95,0.00265438,0.99725
grpo-s33,156,0.38671875,0.453125,0.125,2869.41,0.00658813,1.15247
grpo-s33,157,0.45898438,0.453125,0.10742188,2516.22,0.00396519,1.32906
grpo-s33,158,0.390625,0.5,0.11328125,2669.19,0.00468464,1.306
grpo-s33,159,0.45117188,0.53125,0.16210938,2836.61,0.00473251,2.39361
grpo-s33,160,0.38671875,0.53125,0.16796875,3154.33,0.00315675,1.4522
grpo-s33,161,0.3515625,0.4375,0.16992188,3258.58,0.00298635,1.37945
grpo-s33,162,0.47070312,0.484375,0.1640625,2891.93,0.00487057,2.00292
grpo-s33,163,0.39453125,0.4375,0.17578125,3156.05,0.00343306,1.37781
grpo-s33,164,0.40429688,0.46875,0.16796875,3126.37,0.00308794,1.18412
grpo-s33,165,0.40820312,0.515625,0.14257812,2715.09,0.00381201,1.21708
grpo-s33,166,0.46679688,0.546875,0.1328125,2818.15,0.00335311,1.16111
grpo-s33,167,0.44140625,0.40625,0.13671875,2873.55,0.00301037,1.42831
grpo-s33,168,0.44140625,0.328125,0.18164062,3324.2,0.00268228,1.12706
grpo-s33,169,0.36523438,0.515625,0.20507812,3587,0.00648354,2.56275
grpo-s33,170,0.40429688,0.34375,0.140625,3067.16,0.00328656,1.66188
grpo-s33,171,0.47070312,0.453125,0.21679688,3519.46,0.00590207,0.96954
grpo-s33,172,0.42382812,0.4375,0.16992188,3092.55,0.00257693,1.12504
grpo-s33,173,0.38476562,0.5,0.203125,3355.62,0.00302059,1.81366
grpo-s33,174,0.35742188,0.53125,0.23046875,3594.68,0.00314426,1.28172
grpo-s33,175,0.36523438,0.4375,0.21679688,3566.75,0.00333043,1.26483
grpo-s33,176,0.50195312,0.4375,0.16796875,3150.79,0.00379314,1.62443
grpo-s33,177,0.44726562,0.4375,0.19921875,3407.86,0.00319219,1.39097
grpo-s33,178,0.41015625,0.5625,0.21875,3423.02,0.00429301,0.794457
grpo-s33,179,0.36132812,0.515625,0.19726562,3386.78,0.00351396,3.16972
grpo-s33,180,0.34765625,0.40625,0.171875,3265.23,0.0049797,1.21558
grpo-s33,181,0.46484375,0.46875,0.13085938,2691.21,0.00402308,0.985368
grpo-s33,182,0.44140625,0.453125,0.18359375,3362.85,0.00560994,1.60901
grpo-s33,183,0.44726562,0.46875,0.18945312,3328.42,0.00347784,1.43615
grpo-s33,184,0.40820312,0.515625,0.18945312,3210.47,0.00671277,1.11056
grpo-s33,185,0.38671875,0.453125,0.19921875,3631.09,0.004404,2.07451
grpo-s33,186,0.41210938,0.46875,0.18554688,3433.57,0.00320612,1.23539
grpo-s33,187,0.31835938,0.46875,0.19140625,3554.88,0.00368358,1.08821
grpo-s33,188,0.40625,0.5625,0.14453125,2911.56,0.00317273,1.23348
grpo-s33,189,0.3671875,0.578125,0.14453125,3214.89,0.00347207,1.53532
grpo-s33,190,0.421875,0.5,0.16796875,3222.91,0.00463176,1.49707
grpo-s33,191,0.49804688,0.59375,0.12304688,2539.39,0.00364804,1.42304
grpo-s33,192,0.40234375,0.53125,0.09765625,2720.77,0.00445157,1.6719
grpo-s33,193,0.41992188,0.515625,0.15820312,2905.1,0.00383069,2.08968
grpo-s33,194,0.36132812,0.5625,0.12109375,2476.6,0.00612222,1.07696
grpo-s33,195,0.33007812,0.59375,0.22460938,3572.81,0.00609877,2.06707
grpo-s33,196,0.44335938,0.390625,0.19726562,3501.88,0.00320422,1.98603
grpo-s33,197,0.50390625,0.46875,0.13476562,2838.65,0.00391649,1.91394
grpo-s33,198,0.45507812,0.546875,0.16015625,2869.64,0.00290189,1.22847
grpo-s33,199,0.4140625,0.453125,0.1484375,3271.98,0.00291714,1.98198
grpo-s33,200,0.390625,0.578125,0.2109375,3480.03,0.00655029,1.7529
grpo-s33,201,0.32421875,0.53125,0.18359375,3013.41,0.00331721,2.9509
grpo-s33,202,0.44140625,0.59375,0.15234375,3074.21,0.00491905,1.87938
grpo-s33,203,0.43164062,0.484375,0.1640625,3336.3,0.00302273,1.40282
grpo-s33,204,0.38085938,0.359375,0.16601562,3317.18,0.00469277,1.68527
grpo-s33,205,0.28125,0.53125,0.22460938,3729.4,0.00454692,1.12747
grpo-s33,206,0.3984375,0.484375,0.19140625,3291.6,0.0040071,1.1024
grpo-s33,207,0.37109375,0.484375,0.15039062,2986.65,0.00456308,1.91263
grpo-s33,208,0.4140625,0.546875,0.16015625,3152.01,0.00243603,2.54914
grpo-s33,209,0.44140625,0.453125,0.15429688,3145.73,0.00258381,3.68822
grpo-s33,210,0.37304688,0.390625,0.17773438,3450.46,0.00397244,1.18221
grpo-s33,211,0.44140625,0.5,0.16992188,3095.47,0.00493496,1.52427
grpo-s33,212,0.4296875,0.578125,0.1328125,2820.25,0.00894769,2.10389
grpo-s33,213,0.43164062,0.5,0.18554688,3513.01,0.00269924,2.12183
grpo-s33,214,0.30273438,0.578125,0.21679688,3739.74,0.00271601,2.41872
grpo-s33,215,0.47460938,0.40625,0.20703125,3406.61,0.00545378,1.78542
grpo-s33,216,0.45898438,0.453125,0.19140625,3488.43,0.0104784,2.73532
grpo-s33,217,0.37109375,0.53125,0.22265625,3765.86,0.00330382,1.97478
grpo-s33,218,0.38476562,0.578125,0.18554688,3305.2,0.00466045,2.10516
grpo-s33,219,0.40039062,0.5,0.24023438,3835.31,0.00417967,3.14297
grpo-s33,220,0.41015625,0.484375,0.20507812,3379.63,0.00323534,1.21333
grpo-s33,221,0.3515625,0.46875,0.2109375,3461.17,0.00530633,1.52427
grpo-s33,222,0.41992188,0.5,0.19335938,3405.34,0.00413609,1.20769
grpo-s33,223,0.3671875,0.515625,0.2421875,4017.77,0.00395953,2.27131
grpo-s33,224,0.4296875,0.4375,0.18945312,3428.7,0.00345138,2.07183
grpo-s33,225,0.3515625,0.578125,0.25390625,4067.58,0.00654288,1.36933
grpo-s33,226,0.4765625,0.546875,0.15625,3116.96,0.00463957,2.83655
grpo-s33,227,0.34570312,0.359375,0.2109375,3880.53,0.00597987,3.44789
grpo-s33,228,0.359375,0.546875,0.23828125,4048.05,0.0035142,1.75295
grpo-s33,229,0.37109375,0.375,0.17382812,3402.16,0.00550014,1.14522
grpo-s33,230,0.39453125,0.53125,0.19335938,3623.31,0.0043345,2.17182
grpo-s33,231,0.45507812,0.609375,0.21289062,3468.42,0.00642457,1.71849
grpo-s33,232,0.328125,0.515625,0.26953125,4083.72,0.00260146,0.998032
grpo-s33,233,0.54492188,0.53125,0.19726562,3294.66,0.00551159,1.61953
grpo-s33,234,0.32617188,0.515625,0.28320312,4424.02,0.00255933,2.15009
grpo-s33,235,0.42578125,0.578125,0.20703125,3733.59,0.00297736,1.52372
grpo-s33,236,0.35546875,0.4375,0.21679688,3885.42,0.00270715,3.70258
grpo-s33,237,0.35351562,0.59375,0.265625,4187.89,0.00575048,1.725
grpo-s33,238,0.41015625,0.453125,0.22460938,4142.83,0.00337062,2.00046
grpo-s33,239,0.41992188,0.5,0.21484375,3675.45,0.00532705,2.55222
grpo-s33,240,0.37304688,0.4375,0.25976562,4223.04,0.00321741,2.8461
grpo-s33,241,0.5078125,0.5625,0.21289062,3505.14,0.00514208,1.26563
grpo-s33,242,0.44921875,0.390625,0.21484375,3771.98,0.00305448,1.32907
grpo-s33,243,0.37304688,0.4375,0.2734375,4118.03,0.0033977,2.78067
grpo-s33,244,0.34570312,0.53125,0.27148438,4138.36,0.00231203,2.02782
grpo-s33,245,0.38085938,0.34375,0.25390625,4241.73,0.00374334,2.72218
grpo-s33,246,0.30859375,0.640625,0.26757812,4645.62,0.00594492,2.60082
grpo-s33,247,0.39257812,0.59375,0.25585938,4128.27,0.00469726,3.38637
grpo-s33,248,0.47460938,0.484375,0.17382812,3435.7,0.00419984,1.77124
grpo-s33,249,0.34375,0.53125,0.27539062,4067.9,0.00409039,2.03115
grpo-s33,250,0.3984375,0.4375,0.25195312,3761.89,0.00823492,2.35394
grpo-s33,251,0.42773438,0.546875,0.26757812,3976.32,0.0047208,1.55802
grpo-s33,252,0.34375,0.46875,0.26171875,4346.69,0.00224324,1.99484
grpo-s33,253,0.41796875,0.359375,0.234375,4007.4,0.00494666,1.24722
grpo-s33,254,0.34960938,0.546875,0.28710938,4378.71,0.0030288,1.49237
grpo-s33,255,0.3125,0.4375,0.2890625,4521.8,0.00393683,1.74005
grpo-s33,256,0.35546875,0.484375,0.26367188,4100.24,0.00490013,2.33789
grpo-s33,257,0.33398438,0.546875,0.28710938,4177,0.00454885,1.3099
grpo-s33,258,0.359375,0.375,0.2421875,3946.18,0.00665469,1.78223
grpo-s33,259,0.2890625,0.578125,0.29492188,4336.34,0.00308057,3.12337
grpo-s33,260,0.3671875,0.453125,0.21679688,4080.67,0.00334087,2.30192
grpo-s33,261,0.36328125,0.484375,0.2890625,4189.78,0.00507501,2.99612
grpo-s33,262,0.39453125,0.453125,0.22460938,3691.85,0.00305539,2.71854
grpo-s33,263,0.39453125,0.5,0.26171875,4346.53,0.00558481,1.68053
grpo-s33,264,0.3984375,0.4375,0.25,4115.04,0.00297884,4.01622
grpo-s33,265,0.43359375,0.453125,0.22070312,3917.62,0.00265399,1.74006
grpo-s33,266,0.4609375,0.46875,0.18554688,3471.04,0.00250835,1.68527
grpo-s33,267,0.38867188,0.484375,0.22460938,4004.43,0.00250913,1.46676
grpo-s33,268,0.43945312,0.390625,0.20117188,3906.79,0.00404336,2.10481
grpo-s33,269,0.36914062,0.578125,0.16796875,3603.13,0.00429102,2.42509
grpo-s33,270,0.39257812,0.546875,0.24023438,4173.4,0.00486111,4.65685
grpo-s33,271,0.453125,0.421875,0.17382812,3215.3,0.00409343,1.43378
grpo-s33,272,0.47070312,0.484375,0.1796875,3720.53,0.00345302,2.21649
grpo-s33,273,0.30664062,0.671875,0.2421875,4040.86,0.00366977,1.90668
grpo-s33,274,0.4609375,0.46875,0.21289062,4083.9,0.00220802,1.06574
grpo-s33,275,0.40429688,0.453125,0.23632812,4132.79,0.00360559,2.47488
grpo-s33,276,0.38671875,0.359375,0.22265625,4024.9,0.00308596,1.15285
grpo-s33,277,0.4765625,0.46875,0.20703125,3771.83,0.00308121,2.21649
grpo-s33,278,0.42578125,0.46875,0.16992188,3553.88,0.00313786,2.48335
grpo-s33,279,0.41601562,0.46875,0.22070312,4030.07,0.00401245,1.6039
grpo-s33,280,0.35742188,0.484375,0.26171875,4442.99,0.00499692,1.36304
grpo-s33,281,0.390625,0.53125,0.28710938,4395.57,0.00291618,1.90932
grpo-s33,282,0.4609375,0.390625,0.17382812,3421.81,0.00393527,2.39207
grpo-s33,283,0.35351562,0.53125,0.25195312,4092.76,0.0030372,2.33789
grpo-s33,284,0.42578125,0.53125,0.18359375,3586.17,0.00574453,2.31397
grpo-s33,285,0.37890625,0.484375,0.21289062,3976.51,0.00525093,2.11881
grpo-s33,286,0.33789062,0.53125,0.19726562,3947.18,0.00507556,2.27173
grpo-s33,287,0.33398438,0.453125,0.16015625,3598.66,0.00448386,2.16084
grpo-s33,288,0.5078125,0.34375,0.1796875,3619.23,0.00464616,1.92551
grpo-s33,289,0.43164062,0.421875,0.17773438,3700.3,0.00356414,1.26347
grpo-s33,290,0.35742188,0.546875,0.1875,4059.96,0.00682356,1.64632
grpo-s33,291,0.40429688,0.46875,0.17382812,3753.27,0.00296016,1.91396
grpo-s33,292,0.40429688,0.546875,0.18554688,3763.35,0.00362347,2.11429
grpo-s33,293,0.34179688,0.546875,0.22265625,4019.22,0.00474268,5.04976
grpo-s33,294,0.45117188,0.59375,0.140625,3211.77,0.00334529,1.638
grpo-s33,295,0.40429688,0.453125,0.15820312,3588.5,0.00309374,1.83726
grpo-s33,296,0.38085938,0.53125,0.20703125,3904.52,0.00304677,1.82708
grpo-s33,297,0.3125,0.515625,0.1875,3883.44,0.00361371,2.51441
grpo-s33,298,0.359375,0.546875,0.1953125,3731.44,0.00359177,2.02634
grpo-s33,299,0.3671875,0.59375,0.17578125,3446.5,0.00522497,1.58579
grpo-s33,300,0.34765625,0.5625,0.17773438,3748.28,0.00694788,2.16082
grpo-s33,301,0.3515625,0.515625,0.17773438,3825.35,0.00320544,2.38168
grpo-s33,302,0.328125,0.53125,0.1875,3999.78,0.00290726,1.62908
grpo-s33,303,0.34375,0.46875,0.17382812,3781.59,0.00321766,3.17721
grpo-s33,304,0.37109375,0.453125,0.18554688,3702.57,0.00481742,2.00048
grpo-s33,305,0.42578125,0.46875,0.19921875,3951.2,0.00463605,2.26582
grpo-s33,306,0.3984375,0.46875,0.18164062,3462.07,0.00352152,2.49253
grpo-s33,307,0.38671875,0.4375,0.19140625,3730.31,0.00711531,1.9117
grpo-s33,308,0.44726562,0.484375,0.17382812,3704.88,0.00208962,1.98521
grpo-s33,309,0.36523438,0.578125,0.18164062,3779.12,0.00302835,1.92551
grpo-s33,310,0.33789062,0.421875,0.23242188,4182.82,0.00327346,2.17937
grpo-s33,311,0.25585938,0.65625,0.20898438,4039.5,0.00267923,2.42745
grpo-s33,312,0.30859375,0.5,0.20117188,4101.83,0.00341686,1.92111
grpo-s33,313,0.36328125,0.59375,0.1953125,3878.33,0.00264047,1.74889
grpo-s33,314,0.37304688,0.484375,0.19335938,3902.56,0.00342925,3.51899
grpo-s33,315,0.36523438,0.5,0.22460938,4277.86,0.00580774,2.92002
grpo-s33,316,0.32226562,0.59375,0.20898438,4233.21,0.00325235,2.30362
grpo-s33,317,0.25976562,0.578125,0.24414062,4511.06,0.00326575,5.24924
grpo-s33,318,0.35351562,0.578125,0.19140625,3950,0.00347987,1.47057
grpo-s33,319,0.34765625,0.484375,0.20898438,3877.53,0.004054,2.1639
grpo-s33,320,0.3359375,0.453125,0.25195312,4291.69,0.00439107,1.44815
grpo-s33,321,0.36914062,0.484375,0.17578125,3841.03,0.00691163,2.8021
grpo-s33,322,0.2890625,0.46875,0.24414062,4196.18,0.00256196,1.64629
grpo-s33,323,0.36132812,0.484375,0.18945312,4197.8,0.00275435,1.91172
grpo-s33,324,0.375,0.46875,0.17578125,3911.6,0.00436048,2.68609
grpo-s33,325,0.33984375,0.484375,0.20117188,4011.05,0.0023129,1.8857
grpo-s33,326,0.30078125,0.546875,0.18554688,3968.39,0.00548153,1.33427
grpo-s33,327,0.40039062,0.5,0.2109375,4003.87,0.00424399,1.57939
grpo-s33,328,0.3671875,0.515625,0.22070312,4114.9,0.0039449,2.33102
grpo-s33,329,0.40429688,0.5,0.15039062,3395.4,0.00436117,3.56509
grpo-s33,330,0.40039062,0.484375,0.17578125,3770.55,0.00576263,1.31448
grpo-s33,331,0.35742188,0.4375,0.18359375,3718.44,0.00467556,1.38815
grpo-s33,332,0.375,0.46875,0.20117188,3749.21,0.00570327,1.82725
grpo-s33,333,0.35351562,0.359375,0.20898438,4115.87,0.00272201,1.9579
grpo-s33,334,0.33398438,0.578125,0.19140625,3872.91,0.00420143,1.90475
grpo-s33,335,0.38867188,0.46875,0.16015625,3583.57,0.00335378,1.77707
grpo-s33,336,0.3828125,0.578125,0.1796875,3632.39,0.0032389,1.44202
grpo-s33,337,0.32226562,0.53125,0.21679688,4037.28,0.00294912,1.49491
grpo-s33,338,0.41992188,0.625,0.1640625,3379.08,0.00432133,1.90671
grpo-s33,339,0.35742188,0.515625,0.19335938,3821.53,0.00290607,2.55123
grpo-s33,340,0.34179688,0.59375,0.22070312,4003.17,0.0029588,6.31473
grpo-s33,341,0.359375,0.453125,0.21484375,4037.52,0.00271554,1.03695
grpo-s33,342,0.28125,0.53125,0.22851562,4201.94,0.00449987,1.37593
grpo-s33,343,0.34765625,0.5625,0.21875,3901.2,0.00413699,1.44455
grpo-s33,344,0.3046875,0.59375,0.23046875,3878.71,0.00460458,4.44535
grpo-s33,345,0.30273438,0.59375,0.20117188,3918.67,0.00340004,3.23945
grpo-s33,346,0.32617188,0.5625,0.23242188,3907.8,0.00520568,1.69557
grpo-s33,347,0.31054688,0.53125,0.23828125,4128.28,0.00489924,1.34658
grpo-s33,348,0.33007812,0.515625,0.25976562,4201.84,0.00369937,1.62252
grpo-s33,349,0.3359375,0.546875,0.26757812,4226.07,0.00345178,1.27922
grpo-s33,350,0.27734375,0.53125,0.22265625,4171,0.00305281,2.74819
grpo-s33,351,0.31640625,0.5,0.27929688,4583.02,0.00323233,1.94593
grpo-s33,352,0.37109375,0.640625,0.22851562,3974.27,0.00273815,1.87658
grpo-s33,353,0.33203125,0.515625,0.21875,3765.18,0.00421037,1.69365
grpo-s33,354,0.27929688,0.546875,0.23046875,4127.59,0.00282219,2.06283
grpo-s33,355,0.33203125,0.5,0.265625,4313.81,0.00540711,1.60481
grpo-s33,356,0.27734375,0.625,0.20117188,3802.11,0.00455559,3.05259
grpo-s33,357,0.36523438,0.625,0.20898438,3797.1,0.00340051,1.46246
grpo-s33,358,0.28320312,0.625,0.26953125,4453.79,0.00258381,1.80823
grpo-s33,359,0.36328125,0.4375,0.21875,3749.08,0.0036913,1.37613
grpo-s33,360,0.33984375,0.59375,0.24023438,4019.63,0.00364091,1.52427
grpo-s33,361,0.3125,0.53125,0.28320312,4262.34,0.00297308,1.75295
grpo-s33,362,0.36132812,0.53125,0.23046875,3931.85,0.00471773,2.57457
grpo-s33,363,0.28320312,0.640625,0.17578125,3692.28,0.0060544,1.97478
grpo-s33,364,0.3046875,0.515625,0.25585938,4111.23,0.0026293,1.60457
grpo-s33,365,0.33007812,0.5,0.25195312,4084.11,0.00287574,1.51203
grpo-s33,366,0.3046875,0.578125,0.25390625,4181.19,0.00332342,1.78603
grpo-s33,367,0.32617188,0.46875,0.26171875,3957.74,0.00443391,2.71198
grpo-s33,368,0.27929688,0.625,0.3359375,4530.72,0.00296454,1.80335
grpo-s33,369,0.31835938,0.546875,0.25585938,4092.79,0.00467303,1.11056
grpo-s33,370,0.35351562,0.546875,0.27734375,4377.08,0.00446439,2.06234
grpo-s33,371,0.36328125,0.46875,0.30859375,4489.14,0.00272366,1.11055
grpo-s33,372,0.33203125,0.4375,0.26757812,4229,0.0015228,1.43926
grpo-s33,373,0.36132812,0.546875,0.24609375,3867.26,0.00402932,1.30996
grpo-s33,374,0.34375,0.59375,0.25195312,4120.34,0.00219744,1.83371
grpo-s33,375,0.29492188,0.515625,0.26367188,4549.88,0.00517542,3.43822
grpo-s33,376,0.26367188,0.578125,0.20117188,3814.12,0.00224907,1.11275
grpo-s33,377,0.37109375,0.484375,0.203125,3580.09,0.00288302,2.67634
grpo-s33,378,0.38476562,0.609375,0.22851562,3862.17,0.00615946,1.44814
grpo-s33,379,0.33007812,0.484375,0.24414062,4272.17,0.00445742,2.66375
grpo-s33,380,0.27734375,0.53125,0.296875,4562.02,0.00253728,2.27177
grpo-s33,381,0.49023438,0.515625,0.1640625,3326.55,0.00345165,2.61053
grpo-s33,382,0.3828125,0.640625,0.22460938,3807.77,0.00498138,2.31178
grpo-s33,383,0.33203125,0.5,0.18945312,3544.85,0.00495404,2.23603
grpo-s33,384,0.34375,0.546875,0.23046875,3955.66,0.00471056,1.3799
grpo-s33,385,0.39453125,0.53125,0.26953125,4230.09,0.00372242,2.24649
grpo-s33,386,0.2890625,0.5625,0.27734375,4151.26,0.00391241,1.87212
grpo-s33,387,0.36914062,0.53125,0.26757812,4228.9,0.00531353,2.80963
grpo-s33,388,0.31640625,0.59375,0.2890625,4378.31,0.00272818,2.01241
grpo-s33,389,0.29296875,0.53125,0.31445312,4790.39,0.00365281,2.15117
grpo-s33,390,0.31835938,0.546875,0.328125,4759.92,0.008756,3.84696
grpo-s33,391,0.34960938,0.421875,0.36328125,4964.22,0.00274719,1.99973
grpo-s33,392,0.36914062,0.546875,0.27929688,4352.62,0.00454828,2.05029
grpo-s33,393,0.31835938,0.609375,0.29492188,4371.1,0.00497379,2.19097
grpo-s33,394,0.34179688,0.515625,0.34960938,4943.56,0.00364438,2.21649
grpo-s33,395,0.296875,0.5625,0.34179688,4797.04,0.0028478,0.982144
grpo-s33,396,0.3125,0.5,0.3359375,4756.18,0.00653212,1.725
grpo-s33,397,0.35742188,0.5,0.28320312,4378.11,0.00331622,1.3871
grpo-s33,398,0.3828125,0.5625,0.29882812,4208.49,0.002135,2.8366
grpo-s33,399,0.34765625,0.5,0.328125,4726.5,0.00248812,1.5866
grpo-s33,400,0.31054688,0.578125,0.34375,4494.77,0.00220122,1.86299
grpo-s33,401,0.26757812,0.65625,0.3125,4719.67,0.00245871,1.21223
grpo-s33,402,0.39453125,0.453125,0.28125,4300.41,0.00223186,1.41348
grpo-s33,403,0.34570312,0.53125,0.25390625,4298.3,0.00322874,1.17082
grpo-s33,404,0.234375,0.53125,0.30664062,4689.46,0.00457022,7.18313
grpo-s33,405,0.33789062,0.578125,0.26171875,4404.68,0.0049123,2.19413
grpo-s33,406,0.26953125,0.65625,0.3046875,4549.15,0.00380842,2.22295
grpo-s33,407,0.25390625,0.609375,0.33007812,4793.54,0.00343524,1.3778
grpo-s33,408,0.1796875,0.609375,0.35742188,5089.2,0.00237572,1.93216
grpo-s33,409,0.32226562,0.53125,0.26367188,4579.28,0.00253851,1.32164
grpo-s33,410,0.36328125,0.5625,0.30859375,4421.47,0.00431796,1.18974
grpo-s33,411,0.27734375,0.578125,0.31445312,4730.4,0.00291851,2.30447
grpo-s33,412,0.29492188,0.609375,0.29296875,4375.95,0.00361733,2.11736
grpo-s33,413,0.36523438,0.546875,0.26757812,3910.39,0.00118474,1.24855
grpo-s33,414,0.3125,0.53125,0.26953125,4213.97,0.00314431,1.48985
grpo-s33,415,0.31445312,0.4375,0.28710938,4546.69,0.0026923,1.49477
grpo-s33,416,0.32226562,0.453125,0.24609375,4035.98,0.00412822,2.59489
grpo-s33,417,0.21484375,0.609375,0.3046875,4704.55,0.00404869,1.65706
grpo-s33,418,0.38671875,0.515625,0.25195312,4048.44,0.00216045,2.95088
grpo-s33,419,0.27929688,0.53125,0.26171875,4446.92,0.00272637,2.85255
grpo-s33,420,0.3046875,0.609375,0.26953125,4117.93,0.00362463,1.52184
grpo-s33,421,0.2578125,0.625,0.29882812,4648.37,0.00532792,2.16519
grpo-s33,422,0.2734375,0.53125,0.3125,4558.78,0.00231966,1.31454
grpo-s33,423,0.23632812,0.578125,0.28320312,4594.95,0.00277908,1.84596
grpo-s33,424,0.26367188,0.578125,0.31054688,4688.85,0.00358636,2.35544
grpo-s33,425,0.31640625,0.578125,0.30664062,4464.73,0.00290282,1.59261
grpo-s33,426,0.33398438,0.546875,0.23632812,4139.13,0.00242486,1.31004
grpo-s33,427,0.2734375,0.578125,0.25585938,4287.52,0.00271374,2.37747
grpo-s33,428,0.3203125,0.453125,0.2734375,4281.18,0.00639431,1.68527
grpo-s33,429,0.26757812,0.546875,0.2109375,3956.53,0.00351105,3.36869
grpo-s33,430,0.28710938,0.65625,0.22851562,3900.89,0.0053161,2.4727
grpo-s33,431,0.28320312,0.515625,0.24609375,4280.28,0.00295728,2.37248
grpo-s33,432,0.34765625,0.546875,0.20898438,3851.38,0.00528941,3.05564
grpo-s33,433,0.3203125,0.5,0.24804688,4237.49,0.00311236,3.05447
grpo-s33,434,0.26953125,0.53125,0.21289062,3837.83,0.00208807,2.17271
grpo-s33,435,0.20507812,0.640625,0.25585938,4290.39,0.00350428,1.57344
grpo-s33,436,0.2890625,0.640625,0.19921875,3440.71,0.00339561,1.30553
grpo-s33,437,0.30273438,0.546875,0.19921875,3513.59,0.016289,14.7381
grpo-s33,438,0.26757812,0.484375,0.19140625,3383.48,0.00920549,1.32919
grpo-s33,439,0.34570312,0.546875,0.19140625,3227.3,0.00490188,3.21346
grpo-s33,440,0.24414062,0.5625,0.18554688,3171.54,0.0074544,2.42509
grpo-s33,441,0.34179688,0.484375,0.22460938,3349.32,0.00628057,1.26562
grpo-s33,442,0.25195312,0.578125,0.27929688,4006.82,0.00342179,3.10488
grpo-s33,443,0.2734375,0.546875,0.27148438,4108.06,0.00379434,1.25
grpo-s33,444,0.30273438,0.515625,0.24023438,3614.79,0.0086656,2.57423
grpo-s33,445,0.28515625,0.5625,0.265625,3721.62,0.00635654,1.43376
grpo-s33,446,0.265625,0.625,0.2265625,3435.06,0.00312765,2.10267
grpo-s33,447,0.2578125,0.671875,0.22851562,3633.28,0.00438138,2.69391
grpo-s33,448,0.26171875,0.5625,0.2109375,3362.81,0.00556085,1.56547
grpo-s33,449,0.23828125,0.65625,0.2265625,3439.3,0.00323126,2.14992
grpo-s33,450,0.29296875,0.5625,0.1953125,3171.81,0.00602679,1.46987
grpo-s33,451,0.25,0.59375,0.22265625,3482.8,0.00373084,1.75688
grpo-s33,452,0.28515625,0.53125,0.23632812,3551.06,0.00378579,3.26447
grpo-s33,453,0.32226562,0.515625,0.19335938,3281.07,0.00288577,1.84981
grpo-s33,454,0.21679688,0.546875,0.22265625,3508.64,0.00210012,1.4522
grpo-s33,455,0.328125,0.546875,0.23828125,3550.31,0.00810155,3.76943
grpo-s33,456,0.34179688,0.59375,0.22265625,3457.69,0.00511469,1.68076
grpo-s33,457,0.24804688,0.5625,0.30078125,3964.5,0.00344906,3.01055
grpo-s33,458,0.34179688,0.578125,0.27929688,3906.59,0.00291689,1.22846
grpo-s33,459,0.328125,0.5,0.26757812,3924.87,0.00243523,1.34288
grpo-s33,460,0.30664062,0.59375,0.26171875,3648.96,0.00344172,2.07444
grpo-s33,461,0.30273438,0.546875,0.31835938,4197.48,0.00652069,5.15292
grpo-s33,462,0.33203125,0.515625,0.28710938,4023.74,0.00433601,6.21507
grpo-s33,463,0.22851562,0.625,0.28710938,4019.56,0.0113713,7.99833
grpo-s33,464,0.24804688,0.53125,0.328125,4544.89,0.00264502,1.43615
grpo-s33,465,0.31054688,0.546875,0.29101562,4183.46,0.00333833,6.85787
grpo-s33,466,0.25390625,0.546875,0.31640625,4255.36,0.00301415,1.82129
grpo-s33,467,0.31445312,0.5625,0.23046875,3492.52,0.00174032,2.49993
grpo-s33,468,0.28125,0.5,0.2890625,4175.68,0.00697359,14.6665
grpo-s33,469,0.30078125,0.484375,0.25390625,3730.77,0.00957887,3.49854
grpo-s33,470,0.24804688,0.53125,0.22851562,3734.36,0.00520733,1.75005
grpo-s33,471,0.296875,0.578125,0.2265625,3494.97,0.00920481,1.86301
grpo-s33,472,0.25390625,0.578125,0.24414062,3659.76,0.00863892,24.3631
grpo-s33,473,0.21484375,0.609375,0.2109375,3470.99,0.00890573,1.77405
grpo-s33,474,0.27929688,0.578125,0.1875,3339.53,0.00905143,2.40035
grpo-s33,475,0.31640625,0.640625,0.2265625,3412.01,0.00375489,1.30042
grpo-s33,476,0.23632812,0.6875,0.18945312,3308.8,0.00586468,3.94197
grpo-s33,477,0.296875,0.59375,0.24609375,3761.25,0.0040562,1.95812
grpo-s33,478,0.1875,0.65625,0.29882812,4137.85,0.00626515,1.13067
grpo-s33,479,0.26757812,0.515625,0.23242188,3701.27,0.00597722,2.47764
grpo-s33,480,0.21289062,0.59375,0.20117188,3414.98,0.00419111,2.23434
grpo-s33,481,0.30273438,0.578125,0.234375,3431.31,0.00466346,1.72228
grpo-s33,482,0.41210938,0.625,0.19921875,3293.08,0.0065477,2.28455
grpo-s33,483,0.35546875,0.609375,0.1875,3128.05,0.00189934,1.26564
grpo-s33,484,0.23632812,0.625,0.25585938,3677.05,0.00560392,2.31896
grpo-s33,485,0.23046875,0.640625,0.26953125,4048.04,0.00171374,1.5436
grpo-s33,486,0.19726562,0.59375,0.23046875,3581.3,0.00561148,1.51208
grpo-s33,487,0.27148438,0.625,0.2421875,3627.19,0.00346278,2.14879
grpo-s33,488,0.32617188,0.515625,0.18554688,3282.92,0.00332944,2.32696
grpo-s33,489,0.18554688,0.65625,0.26953125,3907.84,0.00318305,1.49143
grpo-s33,490,0.26171875,0.59375,0.21679688,3622.42,0.00558385,1.01102
grpo-s33,491,0.31054688,0.640625,0.28710938,3897.15,0.00494438,1.57554
grpo-s33,492,0.19335938,0.703125,0.29882812,4168.12,0.001859,1.2488
grpo-s33,493,0.25390625,0.59375,0.28125,3984.25,0.00827204,1.56539
grpo-s33,494,0.17578125,0.625,0.31054688,4481.47,0.00186454,1.01966
grpo-s33,495,0.22851562,0.578125,0.28125,4000.4,0.00236817,1.36772
grpo-s33,496,0.24804688,0.515625,0.21875,3749.51,0.00674931,1.4833
grpo-s33,497,0.2578125,0.625,0.27148438,3867.54,0.00264971,1.99445
grpo-s33,498,0.34179688,0.578125,0.21875,3555.38,0.00615288,1.94922
grpo-s33,499,0.30273438,0.609375,0.22851562,3310.69,0.00575722,1.51611
grpo-s33,500,0.2109375,0.578125,0.24414062,3862.93,0.00472798,1.61667
grpo-s33,501,0.27148438,0.546875,0.24609375,3444.36,0.00426455,1.07696
grpo-s33,502,0.18554688,0.671875,0.25390625,3808.89,0.00288771,1.75295
grpo-s33,503,0.20117188,0.59375,0.22070312,3663.07,0.00337646,1.54666
grpo-s33,504,0.265625,0.5625,0.23632812,3645.2,0.0068375,2.10481
grpo-s33,505,0.25390625,0.53125,0.24023438,3448.13,0.0016904,1.82128
grpo-s33,506,0.23632812,0.65625,0.26171875,3737.28,0.00325299,1.49864
grpo-s33,507,0.265625,0.578125,0.2734375,3739.35,0.00220663,1.71394
grpo-s33,508,0.27929688,0.578125,0.29296875,3805.18,0.00565502,1.43378
grpo-s33,509,0.25195312,0.515625,0.29101562,4082.73,0.00294213,0.74368
grpo-s33,510,0.16210938,0.640625,0.33789062,4380.89,0.00447339,1.4159
grpo-s33,511,0.30273438,0.578125,0.25195312,3784.42,0.00298126,0.993596
grpo-s33,512,0.24023438,0.578125,0.2734375,3973.72,0.00255827,1.15285
grpo-s33,513,0.25195312,0.578125,0.26367188,3672.65,0.00251621,1.51187
grpo-s33,514,0.21289062,0.625,0.24609375,3675.35,0.00253887,1.21555
grpo-s33,515,0.22851562,0.59375,0.25585938,3729.52,0.004234,1.38481
grpo-s33,516,0.203125,0.640625,0.2734375,3922.62,0.00350546,3.41387
grpo-s33,517,0.22265625,0.625,0.29296875,3916.69,0.00444111,14.0203
grpo-s33,518,0.26757812,0.625,0.2421875,3527.29,0.00218363,1.9662
grpo-s33,519,0.25585938,0.515625,0.23242188,3453.08,0.00557727,2.00295
grpo-s33,520,0.26953125,0.5625,0.22460938,3365.42,0.0068249,1.9667
grpo-s33,521,0.22070312,0.640625,0.23828125,3700.83,0.00377066,1.61732
grpo-s33,522,0.18554688,0.578125,0.24414062,3755.56,0.00289335,1.54468
grpo-s33,523,0.23828125,0.46875,0.27734375,3819.98,0.00328368,1.56853
grpo-s33,524,0.22460938,0.609375,0.24023438,3738.02,0.00416997,1.53884
grpo-s33,525,0.2734375,0.609375,0.23046875,3530.2,0.00503251,1.20618
grpo-s33,526,0.21289062,0.640625,0.21289062,3628.32,0.00333175,2.71813
grpo-s33,527,0.28125,0.4375,0.21289062,3439.78,0.00526364,2.05089
grpo-s33,528,0.24609375,0.59375,0.26367188,3652.67,0.00349806,1.12566
grpo-s33,529,0.22265625,0.59375,0.29492188,3938.22,0.00373397,1.24288
grpo-s33,530,0.14648438,0.65625,0.24023438,3495.08,0.00569358,1.66794
grpo-s33,531,0.26367188,0.578125,0.20117188,3092.44,0.00371829,1.21115
grpo-s33,532,0.16015625,0.609375,0.25976562,3608.56,0.00229904,0.738774
grpo-s33,533,0.20117188,0.625,0.24023438,3478.42,0.00421863,1.74416
grpo-s33,534,0.14453125,0.671875,0.22851562,3468.42,0.00815604,1.30097
grpo-s33,535,0.27539062,0.5,0.2265625,3335.07,0.00634867,2.95381
grpo-s33,536,0.2421875,0.5625,0.1953125,3348.7,0.00389142,1.03429
grpo-s33,537,0.24804688,0.578125,0.22460938,3086.41,0.00378259,4.45501
grpo-s33,538,0.21679688,0.484375,0.26953125,3755.48,0.00357681,1.532
grpo-s33,539,0.31640625,0.546875,0.21679688,3338.73,0.00570599,3.46711
grpo-s33,540,0.22851562,0.546875,0.25195312,3287.13,0.00399714,0.988564
grpo-s33,541,0.26171875,0.515625,0.22851562,3525.62,0.00123829,0.936148
grpo-s33,542,0.29882812,0.671875,0.21875,3129.88,0.00853666,2.07352
grpo-s33,543,0.265625,0.609375,0.19726562,3113.02,0.00538224,1.73532
grpo-s33,544,0.20507812,0.546875,0.203125,3138.79,0.00983571,1.11511
grpo-s33,545,0.23828125,0.640625,0.23632812,3540.81,0.00304805,0.925985
grpo-s33,546,0.19921875,0.625,0.23046875,3402.74,0.00459213,1.05369
grpo-s33,547,0.25,0.609375,0.20703125,3232.41,0.00255819,1.37611
grpo-s33,548,0.265625,0.578125,0.20898438,3052.53,0.00693018,2.17972
grpo-s33,549,0.25585938,0.640625,0.234375,3513.13,0.0037857,2.4104
grpo-s33,550,0.23828125,0.5625,0.234375,3424.3,0.00304423,1.41348
grpo-s33,551,0.21679688,0.609375,0.2421875,3623.19,0.00375204,1.12099
grpo-s33,552,0.24804688,0.625,0.27539062,3962.54,0.00327324,2.09556
grpo-s33,553,0.20703125,0.71875,0.30273438,3852.91,0.00404933,1.89479
grpo-s33,554,0.28125,0.5625,0.22070312,3461.96,0.00366856,0.937834
grpo-s33,555,0.28710938,0.5,0.23828125,3443.86,0.00410762,1.30989
grpo-s33,556,0.1484375,0.609375,0.28710938,3932.96,0.00281283,1.19819
grpo-s33,557,0.17382812,0.6875,0.3046875,4056.77,0.00359937,2.07451
grpo-s33,558,0.19335938,0.625,0.265625,4055.08,0.0051537,1.45216
grpo-s33,559,0.2734375,0.609375,0.22265625,3588.64,0.00276523,1.44183
grpo-s33,560,0.15234375,0.640625,0.17382812,2820.38,0.00442046,1.94718
grpo-s33,561,0.25195312,0.53125,0.15039062,2914.63,0.00453761,1.06331
grpo-s33,562,0.25976562,0.609375,0.171875,2607.07,0.00648358,0.900715
grpo-s33,563,0.23828125,0.625,0.16015625,2605.45,0.0049859,1.60482
grpo-s33,564,0.26757812,0.578125,0.22070312,2980.51,0.00218812,1.34984
grpo-s33,565,0.16992188,0.59375,0.21679688,3244.49,0.00457505,1.73398
grpo-s33,566,0.3359375,0.515625,0.16796875,2664.87,0.00574714,1.6039
grpo-s33,567,0.234375,0.546875,0.21875,3283.36,0.00288685,1.69257
grpo-s33,568,0.22851562,0.65625,0.21484375,3120.89,0.00385777,1.45289
grpo-s33,569,0.25390625,0.640625,0.20703125,3171.76,0.0041418,6.75054
grpo-s33,570,0.25585938,0.609375,0.203125,2958.94,0.00328579,1.33542
grpo-s33,571,0.25,0.625,0.23828125,3309.11,0.00313867,0.808763
grpo-s33,572,0.24609375,0.6875,0.23242188,3391.55,0.00471485,1.2287
grpo-s33,573,0.3203125,0.546875,0.21679688,3149.03,0.00496101,0.748742
grpo-s33,574,0.27734375,0.5,0.171875,2941.36,0.0036054,1.13836
grpo-s33,575,0.19335938,0.65625,0.23046875,3226.71,0.00553654,0.930176
grpo-s33,576,0.2265625,0.625,0.20117188,2908.66,0.00553698,1.49185
grpo-s33,577,0.22460938,0.59375,0.16992188,2858.71,0.00553157,1.22684
grpo-s33,578,0.29101562,0.5625,0.20117188,3181.83,0.00459032,1.24538
grpo-s33,579,0.18945312,0.640625,0.1796875,3060.26,0.00251706,2.06496
grpo-s33,580,0.25195312,0.65625,0.15820312,2520.23,0.0046702,1.19435
grpo-s33,581,0.29492188,0.625,0.16992188,2827.47,0.00302307,1.83789
grpo-s33,582,0.24023438,0.65625,0.19335938,3122.89,0.00343775,0.986065
grpo-s33,583,0.24609375,0.578125,0.20898438,3221.46,0.00312716,1.4317
grpo-s33,584,0.23632812,0.625,0.22265625,3396.96,0.00384849,2.15117
grpo-s33,585,0.3359375,0.609375,0.19726562,3054.78,0.00404948,0.76356
grpo-s33,586,0.31054688,0.59375,0.2109375,3272.43,0.00427249,2.11622
grpo-s33,587,0.28710938,0.5625,0.21484375,3466.51,0.00593212,0.926349
grpo-s33,588,0.27734375,0.65625,0.21679688,3272.4,0.00248976,1.15285
grpo-s33,589,0.234375,0.65625,0.18359375,3124.66,0.00332282,5.68209
grpo-s33,590,0.29101562,0.5,0.19921875,3073.75,0.00530485,2.00249
grpo-s33,591,0.22460938,0.625,0.20117188,3263.07,0.0047644,3.3053
grpo-s33,592,0.28320312,0.5625,0.22265625,3439.75,0.0045187,1.21708
grpo-s33,593,0.24804688,0.5625,0.2109375,3522.42,0.00213192,1.26693
grpo-s33,594,0.2109375,0.609375,0.19335938,3196.04,0.00621748,1.1529
grpo-s33,595,0.265625,0.5625,0.25195312,3583.79,0.00369826,2.43588
grpo-s33,596,0.28320312,0.625,0.23046875,3233.81,0.00394318,2.79917
grpo-s33,597,0.125,0.6875,0.25390625,3651.82,0.00603478,2.80588
grpo-s33,598,0.25390625,0.578125,0.25390625,3656.88,0.00406649,1.37782
grpo-s33,599,0.26367188,0.625,0.17382812,2976.19,0.00336724,2.07183
grpo-s33,600,0.2265625,0.640625,0.203125,3224.07,0.00401665,0.792831
grpo-s33,601,0.26367188,0.65625,0.18554688,3049.07,0.00542129,0.906058
grpo-s33,602,0.22265625,0.59375,0.2109375,3392.76,0.00301435,0.92166
grpo-s33,603,0.2265625,0.59375,0.24023438,3597.83,0.00517635,2.89149
grpo-s33,604,0.25390625,0.578125,0.24609375,3505.65,0.00734664,0.987414
grpo-s33,605,0.16992188,0.6875,0.28125,4010.96,0.00164618,1.18866
grpo-s33,606,0.18359375,0.671875,0.1796875,3311.75,0.00192417,7.99779
grpo-s33,607,0.22265625,0.671875,0.23828125,3725.44,0.00204389,1.71868
grpo-s33,608,0.22851562,0.625,0.234375,3531.47,0.0041276,1.95581
grpo-s33,609,0.22851562,0.546875,0.28125,3944.09,0.00263055,1.36622
grpo-s33,610,0.31445312,0.625,0.22265625,3141.15,0.0045857,1.43926
grpo-s33,611,0.19921875,0.609375,0.2109375,3497.21,0.0034081,0.877478
grpo-s33,612,0.19335938,0.65625,0.26953125,3936.51,0.00330009,0.906268
grpo-s33,613,0.25,0.46875,0.23046875,3825.24,0.00453822,4.13453
grpo-s33,614,0.26367188,0.609375,0.23632812,3763.97,0.00386287,0.921645
grpo-s33,615,0.33398438,0.578125,0.22070312,3465.53,0.00407203,0.961998
grpo-s33,616,0.21289062,0.5625,0.24609375,4085.61,0.00451911,1.04715
grpo-s33,617,0.2421875,0.53125,0.27929688,4323.16,0.00428724,1.0277
grpo-s33,618,0.30664062,0.5,0.27539062,3962.36,0.00761541,1.37782
grpo-s33,619,0.16601562,0.578125,0.296875,4364.9,0.00284792,1.61953
grpo-s33,620,0.203125,0.734375,0.27539062,3983.23,0.00242424,0.667873
grpo-s33,621,0.23632812,0.546875,0.27929688,4243.44,0.00297544,0.875473
grpo-s33,622,0.27734375,0.609375,0.25976562,4061.49,0.00376774,1.19197
grpo-s33,623,0.23242188,0.65625,0.20898438,3570.53,0.00410829,1.8099
grpo-s33,624,0.16796875,0.65625,0.2578125,4112.43,0.00285141,0.875471
grpo-s33,625,0.21875,0.609375,0.23046875,3937.86,0.00337363,1.24503
grpo-s33,626,0.25195312,0.65625,0.22851562,3487.57,0.00296169,1.0429
grpo-s33,627,0.16601562,0.671875,0.28125,4205.11,0.00176754,1.17003
grpo-s33,628,0.16210938,0.625,0.26757812,3869.93,0.00508975,1.00452
grpo-s33,629,0.3125,0.625,0.20703125,3432.87,0.00341192,0.709152
grpo-s33,630,0.21875,0.640625,0.26953125,3997.47,0.00238635,1.52427
grpo-s33,631,0.1875,0.5,0.3046875,4385.8,0.00212492,1.63395
grpo-s33,632,0.20507812,0.59375,0.28320312,4108.35,0.0028436,1.15285
grpo-s33,633,0.1953125,0.609375,0.25976562,4069.36,0.00585723,1.22734
grpo-s33,634,0.171875,0.703125,0.30664062,4346.06,0.00214966,1.03695
grpo-s33,635,0.25585938,0.5,0.24804688,3951.05,0.00433539,0.77564
grpo-s33,636,0.203125,0.640625,0.2265625,3999.8,0.00456588,1.55205
grpo-s33,637,0.23828125,0.59375,0.234375,3761.12,0.00177634,0.750813
grpo-s33,638,0.28125,0.578125,0.23046875,3641.88,0.00250933,0.925928
grpo-s33,639,0.234375,0.65625,0.29492188,4276.75,0.00515237,1.40854
grpo-s33,640,0.17773438,0.578125,0.28320312,4341.27,0.00253531,0.809874
grpo-s33,641,0.21679688,0.625,0.28515625,4417.99,0.00345567,1.2871
grpo-s33,642,0.21679688,0.734375,0.26171875,4175.24,0.00242997,0.727335
grpo-s33,643,0.22851562,0.59375,0.26367188,4203.1,0.00344849,1.3396
grpo-s33,644,0.27929688,0.546875,0.23242188,3798.53,0.00553844,1.04481
grpo-s33,645,0.24804688,0.546875,0.3046875,4469.07,0.0026632,1.49717
grpo-s33,646,0.23632812,0.625,0.30273438,4204.92,0.00432891,1.28873
grpo-s33,647,0.16015625,0.671875,0.29101562,4539.09,0.0024283,1.23324
grpo-s33,648,0.22265625,0.53125,0.28515625,4484.86,0.00307124,1.60433
grpo-s33,649,0.21484375,0.671875,0.31640625,4609.5,0.00249198,1.1823
grpo-s33,650,0.24023438,0.625,0.25,4057.82,0.0020039,0.989886
grpo-s33,651,0.1484375,0.78125,0.29296875,4515.76,0.00360122,0.990057
grpo-s33,652,0.21679688,0.609375,0.34570312,4743.77,0.00225469,0.99303
grpo-s33,653,0.14648438,0.671875,0.33789062,5018.75,0.00218067,0.88579
grpo-s33,654,0.23828125,0.546875,0.32617188,4654.15,0.00206856,0.937834
grpo-s33,655,0.203125,0.546875,0.31054688,4810.14,0.00214213,1.58868
grpo-s33,656,0.22851562,0.59375,0.26757812,4319.18,0.00316235,1.6583
grpo-s33,657,0.27148438,0.703125,0.20117188,3673.19,0.00290817,1.11055
grpo-s33,658,0.1796875,0.65625,0.28710938,4597.86,0.00271995,0.713438
grpo-s33,659,0.171875,0.578125,0.34765625,4949.72,0.003898,0.901742
grpo-s33,660,0.1796875,0.640625,0.3046875,4951.69,0.00228553,0.675989
grpo-s33,661,0.26171875,0.5625,0.24023438,4052.42,0.00458316,1.46031
grpo-s33,662,0.26367188,0.484375,0.23046875,4374,0.00448059,1.07696
grpo-s33,663,0.21289062,0.5625,0.31445312,4717.5,0.0014267,1.46389
grpo-s33,664,0.22851562,0.578125,0.3125,4623.27,0.00300729,0.978836
grpo-s33,665,0.19726562,0.53125,0.28710938,4744.78,0.00241666,1.99498
grpo-s33,666,0.1953125,0.71875,0.30664062,4625.04,0.00427362,1.73677
grpo-s33,667,0.30273438,0.59375,0.29101562,4393.22,0.00178499,0.784268
grpo-s33,668,0.28125,0.515625,0.31835938,4469.86,0.00184828,1.04842
grpo-s33,669,0.1875,0.59375,0.30273438,4804.1,0.00364545,0.99008
grpo-s33,670,0.27148438,0.5625,0.32226562,4679.54,0.00293288,0.99107
grpo-s33,671,0.14257812,0.703125,0.36523438,4886.23,0.0015739,1.62301
grpo-s33,672,0.22265625,0.625,0.28320312,4621.06,0.00223798,1.27187
grpo-s33,673,0.26953125,0.578125,0.32617188,4703.58,0.00193263,0.7042
grpo-s33,674,0.18554688,0.671875,0.29101562,4375.09,0.00197562,0.729969
grpo-s33,675,0.22265625,0.5625,0.3203125,4646.54,0.0019694,0.754437
grpo-s33,676,0.16992188,0.5625,0.32421875,4532.72,0.00258544,1.37605
grpo-s33,677,0.203125,0.515625,0.33203125,4787.17,0.00240644,1.43131
grpo-s33,678,0.1875,0.640625,0.31640625,4723.92,0.00160024,8.99669
grpo-s33,679,0.21484375,0.578125,0.27148438,4261.24,0.00247145,0.937833
grpo-s33,680,0.20507812,0.609375,0.23632812,3906.91,0.00223852,1.22591
grpo-s33,681,0.13085938,0.671875,0.30859375,4600.73,0.00386451,1.02949
grpo-s33,682,0.2109375,0.53125,0.25,4134.04,0.00254543,1.54904
grpo-s33,683,0.2109375,0.671875,0.234375,4076.78,0.00263687,0.791339
grpo-s33,684,0.24023438,0.5,0.3046875,4570.24,0.00152332,1.30031
grpo-s33,685,0.25,0.609375,0.25,3988.55,0.00499111,0.993087
grpo-s33,686,0.21289062,0.640625,0.25390625,4106.66,0.00256165,0.92639
grpo-s33,687,0.23828125,0.65625,0.24414062,3936.79,0.00190232,0.888874
grpo-s33,688,0.24414062,0.546875,0.26367188,4075.97,0.00265667,1.11983
grpo-s33,689,0.26171875,0.640625,0.2578125,4051.94,0.00267631,1.30372
grpo-s33,690,0.22851562,0.609375,0.30078125,4202.5,0.00361091,1.58957
grpo-s33,691,0.2265625,0.546875,0.29296875,4268.39,0.00208909,1.11622
grpo-s33,692,0.20898438,0.59375,0.22851562,3923.91,0.00333917,2.39661
grpo-s33,693,0.21679688,0.515625,0.26757812,4090.49,0.00502833,1.07241
grpo-s33,694,0.23632812,0.578125,0.25,4174.63,0.00152172,1.01143
grpo-s33,695,0.16210938,0.640625,0.34375,4844.19,0.00242302,1.31562
grpo-s33,696,0.20898438,0.625,0.34375,4680.52,0.00190041,1.64632
grpo-s33,697,0.32617188,0.546875,0.29492188,4154.85,0.00141342,1.11506
grpo-s33,698,0.30859375,0.671875,0.22460938,3751.59,0.00162785,0.950296
grpo-s33,699,0.13671875,0.671875,0.25976562,4051.03,0.00437534,1.11151
grpo-s33,700,0.22460938,0.640625,0.26953125,4281.05,0.00181138,2.14937
grpo-s33,701,0.18164062,0.640625,0.31054688,4555.74,0.0034277,1.07695
grpo-s33,702,0.18945312,0.59375,0.23242188,4051.8,0.00295159,0.877523
grpo-s33,703,0.22851562,0.65625,0.27539062,4149.1,0.00599428,2.11882
grpo-s33,704,0.24023438,0.546875,0.25195312,4040.16,0.00364722,1.19754
grpo-s33,705,0.22460938,0.59375,0.28710938,3978.11,0.00319908,1.44385
grpo-s33,706,0.25195312,0.53125,0.25,3937.73,0.00380712,0.88456
grpo-s33,707,0.14453125,0.765625,0.296875,4273.77,0.00322878,3.16406
grpo-s33,708,0.18164062,0.5625,0.27929688,4191.34,0.0023855,1.15939
grpo-s33,709,0.265625,0.59375,0.26757812,4133.72,0.00410603,1.05544
grpo-s33,710,0.2265625,0.640625,0.26757812,3937.07,0.00172132,1.43964
grpo-s33,711,0.17578125,0.65625,0.27734375,4278.32,0.00186228,1.54666
grpo-s33,712,0.28710938,0.53125,0.28515625,4005.29,0.00279152,1.58617
grpo-s33,713,0.24609375,0.578125,0.25585938,4146.33,0.00379676,0.816892
grpo-s33,714,0.17578125,0.671875,0.296875,4303.12,0.00280893,1.07486
grpo-s33,715,0.19726562,0.703125,0.25,4258.38,0.00224062,3.20893
grpo-s33,716,0.3515625,0.46875,0.24023438,3620.88,0.00345621,1.42669
grpo-s33,717,0.1640625,0.640625,0.23046875,4081.91,0.00392606,1.15286
grpo-s33,718,0.234375,0.59375,0.22070312,3804.58,0.00422163,0.990055
grpo-s33,719,0.22265625,0.6875,0.25585938,3916.56,0.00174511,2.34827
grpo-s33,720,0.23632812,0.671875,0.21875,3711.11,0.00130592,1.49999
grpo-s33,721,0.23828125,0.625,0.2421875,3946.99,0.0025551,1.16513
grpo-s33,722,0.22070312,0.5625,0.27539062,4171.98,0.00187876,2.45217
grpo-s33,723,0.2109375,0.609375,0.19921875,3601.2,0.00363838,1.02785
grpo-s33,724,0.25390625,0.46875,0.2109375,3686.16,0.00213305,1.61961
grpo-s33,725,0.23046875,0.609375,0.26757812,4200.8,0.00181696,0.961502
grpo-s33,726,0.28125,0.578125,0.25976562,3968.31,0.00139747,1.55099
grpo-s33,727,0.30664062,0.59375,0.20117188,3439.79,0.0027035,1.36241
grpo-s33,728,0.20898438,0.6875,0.26171875,4042.68,0.00208533,1.00994
grpo-s33,729,0.1875,0.609375,0.25976562,4147.99,0.00469977,2.2208
grpo-s33,730,0.18554688,0.671875,0.22460938,4018.08,0.00205573,1.10995
grpo-s33,731,0.18164062,0.578125,0.296875,4266.29,0.00417655,1.43377
grpo-s33,732,0.2109375,0.65625,0.27929688,4166.28,0.00505678,1.04743
grpo-s33,733,0.18945312,0.578125,0.25976562,4158.33,0.00179867,0.978863
grpo-s33,734,0.19921875,0.5625,0.26171875,4004.29,0.00213952,0.850151
grpo-s33,735,0.23046875,0.578125,0.30273438,4339.95,0.00774599,1.81611
grpo-s33,736,0.20117188,0.59375,0.29492188,4455.65,0.00153719,1.2965
grpo-s33,737,0.26953125,0.515625,0.22851562,4210.07,0.00336615,2.63637
grpo-s33,738,0.21679688,0.671875,0.29296875,4362.63,0.00132831,1.40282
grpo-s33,739,0.18164062,0.609375,0.29101562,4323.63,0.00234123,1.02785
grpo-s33,740,0.20507812,0.625,0.26367188,4158.29,0.00272754,0.947097
grpo-s33,741,0.27734375,0.578125,0.26171875,4067.19,0.00128022,0.762824
grpo-s33,742,0.20898438,0.65625,0.25195312,3944.39,0.00156109,1.60505
grpo-s33,743,0.20117188,0.5625,0.21679688,3738.06,0.00195861,1.76858
grpo-s33,744,0.16992188,0.640625,0.34570312,4641.93,0.0021788,1.48387
grpo-s33,745,0.23632812,0.5625,0.26171875,4171.82,0.00183323,1.25028
grpo-s33,746,0.15039062,0.625,0.26757812,4264.39,0.00128585,0.737323
grpo-s33,747,0.265625,0.65625,0.36328125,4535.19,0.00268343,1.93544
grpo-s33,748,0.2109375,0.65625,0.31054688,4395.58,0.00197805,1.32765
grpo-s33,749,0.23828125,0.578125,0.33203125,4454.17,0.00407547,1.02427
grpo-s33,750,0.18164062,0.640625,0.31445312,4274.11,0.00175239,1.24049
grpo-s33,751,0.26757812,0.5,0.296875,4251.17,0.00536025,0.982464
grpo-s33,752,0.1015625,0.734375,0.43164062,5128.29,0.00321363,0.98984
grpo-s33,753,0.28515625,0.65625,0.27734375,3816.13,0.00468652,1.00826
grpo-s33,754,0.18945312,0.6875,0.33984375,4551.1,0.00194021,2.31674
grpo-s33,755,0.21875,0.65625,0.296875,4375.11,0.00164566,1.07695
grpo-s33,756,0.25,0.546875,0.36914062,4617.91,0.00158185,1.34694
grpo-s33,757,0.19335938,0.625,0.34179688,4435.63,0.00310153,1.13836
grpo-s33,758,0.20703125,0.4375,0.36328125,4728.29,0.00141651,1.48986
grpo-s33,759,0.23828125,0.71875,0.328125,4435.28,0.00324317,0.915376
grpo-s33,760,0.19921875,0.671875,0.33789062,4665.23,0.0017617,1.02251
grpo-s33,761,0.1328125,0.71875,0.30273438,4525.42,0.00319626,0.990054
grpo-s33,762,0.16210938,0.765625,0.33789062,4494.35,0.00302024,1.07683
grpo-s33,763,0.18554688,0.625,0.3046875,4279.15,0.00258126,1.16264
grpo-s33,764,0.18554688,0.703125,0.328125,4485.9,0.00168684,1.07696
grpo-s33,765,0.26171875,0.53125,0.38476562,4807.82,0.00188981,1.97478
grpo-s33,766,0.27148438,0.578125,0.296875,4368.78,0.00154451,1.92275
grpo-s33,767,0.21289062,0.609375,0.37109375,4988.75,0.00196981,1.54494
grpo-s33,768,0.2265625,0.65625,0.30859375,4380.79,0.00337203,1.11733
grpo-s33,769,0.22851562,0.59375,0.3359375,4571.12,0.00177747,0.778618
grpo-s33,770,0.23242188,0.625,0.33007812,4747.18,0.00473145,2.8365
grpo-s33,771,0.19335938,0.65625,0.33203125,4674.42,0.00352743,0.985368
grpo-s33,772,0.1796875,0.640625,0.375,5067.27,0.00448162,0.72977
grpo-s33,773,0.203125,0.640625,0.33789062,4762.91,0.00290365,0.990058
grpo-s33,774,0.23046875,0.546875,0.24609375,4128.38,0.00181891,1.15051
grpo-s33,775,0.2109375,0.6875,0.36523438,5162.8,0.00414319,1.40282
grpo-s33,776,0.23632812,0.53125,0.30273438,4731.05,0.0021505,0.944074
grpo-s33,777,0.2421875,0.625,0.3828125,5076.12,0.00251677,1.26563
grpo-s33,778,0.16015625,0.71875,0.3046875,4509.35,0.00131641,0.950861
grpo-s33,779,0.23242188,0.671875,0.32617188,4437.3,0.00299947,1.18867
grpo-s33,780,0.13867188,0.671875,0.33398438,4839.47,0.00350218,1.08422
grpo-s33,781,0.29882812,0.640625,0.32226562,4711.56,0.00145433,1.73083
grpo-s33,782,0.22070312,0.65625,0.390625,5200.42,0.00469855,0.748639
grpo-s33,783,0.234375,0.609375,0.35546875,4832.16,0.00174065,1.07241
grpo-s33,784,0.12304688,0.71875,0.3828125,5202.84,0.0028514,2.21159
grpo-s33,785,0.23242188,0.671875,0.36132812,5061.11,0.00437103,1.25594
grpo-s33,786,0.19335938,0.640625,0.29492188,4899.3,0.00120105,0.839182
grpo-s33,787,0.31835938,0.484375,0.30859375,4688.84,0.00205573,0.961276
grpo-s33,788,0.23828125,0.515625,0.375,5291.53,0.00130897,1.49743
grpo-s33,789,0.16601562,0.625,0.3828125,5151.69,0.00159301,1.48593
grpo-s33,790,0.24804688,0.484375,0.359375,5208.74,0.0032509,1.21708
grpo-s33,791,0.1953125,0.578125,0.359375,5224.94,0.00182579,1.84869
grpo-s33,792,0.22460938,0.546875,0.33007812,4889.38,0.0019203,0.839185
grpo-s33,793,0.19726562,0.703125,0.33984375,4919.95,0.00266966,1.2029
grpo-s33,794,0.1796875,0.6875,0.34179688,4899.79,0.00287203,1.23348
grpo-s33,795,0.21875,0.640625,0.38476562,5210.65,0.00168471,0.805054
grpo-s33,796,0.15625,0.6875,0.4140625,5315.27,0.0029696,0.750935
grpo-s33,797,0.18554688,0.65625,0.40820312,5183.42,0.00277589,0.790961
grpo-s33,798,0.2578125,0.546875,0.34765625,4861.25,0.00244711,1.11056
grpo-s33,799,0.23242188,0.53125,0.33789062,4740.34,0.00247779,1.03337
grpo-s33,800,0.18359375,0.625,0.36523438,5225.81,0.00277391,1.23708
drpo-s11,1,0.11132812,0.578125,0.01953125,909.08,0.0148261,0.369372
drpo-s11,2,0.13085938,0.5,0.01171875,879.768,0.0262019,0.431657
drpo-s11,3,0.13085938,0.609375,0.009765625,785.09,0.0441744,0.719214
drpo-s11,4,0.15625,0.515625,0.009765625,970.697,0.0161037,1.10708
drpo-s11,5,0.1796875,0.46875,0.01953125,1016.01,0.0128848,0.978936
drpo-s11,6,0.19140625,0.4375,0,827.006,0.0202107,0.788199
drpo-s11,7,0.22265625,0.484375,0.00390625,1021.49,0.00975163,0.688287
drpo-s11,8,0.19921875,0.5,0.005859375,1031.87,0.0117588,0.488093
drpo-s11,9,0.20898438,0.4375,0.00390625,1014.04,0.0104312,0.45195
drpo-s11,10,0.23632812,0.515625,0.0078125,1105.42,0.00757937,0.38815
drpo-s11,11,0.21875,0.609375,0.01171875,1158.49,0.00811153,0.372549
drpo-s11,12,0.28125,0.40625,0.0078125,1138.5,0.00667742,0.335667
drpo-s11,13,0.30078125,0.34375,0.00390625,1025.25,0.00969018,0.438371
drpo-s11,14,0.33203125,0.40625,0.009765625,1290.55,0.00676414,0.4314
drpo-s11,15,0.35351562,0.34375,0.01171875,1168.35,0.00780727,0.478696
drpo-s11,16,0.2890625,0.375,0.015625,1284.92,0.00756838,0.464122
drpo-s11,17,0.2734375,0.421875,0.029296875,1470.7,0.00627099,0.476878
drpo-s11,18,0.23632812,0.515625,0.01171875,1359.53,0.00664114,0.389222
drpo-s11,19,0.29492188,0.4375,0.017578125,1294.81,0.00531921,0.465072
drpo-s11,20,0.38671875,0.375,0.017578125,1419.72,0.00579093,0.439966
drpo-s11,21,0.30859375,0.4375,0.021484375,1527.68,0.00519419,0.467051
drpo-s11,22,0.32226562,0.5,0.03125,1481.1,0.00601068,0.494902
drpo-s11,23,0.29492188,0.296875,0.017578125,1537.34,0.00543559,0.488155
drpo-s11,24,0.34375,0.421875,0.017578125,1473.45,0.00713904,0.385512
drpo-s11,25,0.37890625,0.453125,0.021484375,1447.99,0.00612689,0.480862
drpo-s11,26,0.24609375,0.515625,0.048828125,1981.86,0.00663938,0.477671
drpo-s11,27,0.328125,0.265625,0.015625,1708.65,0.00544387,0.440038
drpo-s11,28,0.41992188,0.453125,0.033203125,1741.16,0.00497551,0.607825
drpo-s11,29,0.296875,0.484375,0.05078125,2020.99,0.00568941,0.564443
drpo-s11,30,0.28125,0.46875,0.072265625,2137.63,0.0049967,0.498752
drpo-s11,31,0.29492188,0.453125,0.046875,2013.83,0.00489923,0.484052
drpo-s11,32,0.34765625,0.390625,0.0625,2319.17,0.00424303,0.498304
drpo-s11,33,0.3828125,0.421875,0.072265625,2172.81,0.00473341,0.490846
drpo-s11,34,0.36523438,0.453125,0.078125,2414.54,0.00626242,0.494777
drpo-s11,35,0.37890625,0.4375,0.1015625,2921.55,0.00479389,0.518494
drpo-s11,36,0.36914062,0.453125,0.09765625,2807.8,0.00480849,0.489489
drpo-s11,37,0.36523438,0.359375,0.11328125,2822.83,0.00563583,0.624887
drpo-s11,38,0.33789062,0.453125,0.11914062,2986.25,0.006001,0.737752
drpo-s11,39,0.44726562,0.53125,0.1015625,2779.42,0.00499303,0.490532
drpo-s11,40,0.4140625,0.40625,0.109375,3037.42,0.00594253,0.497346
drpo-s11,41,0.37695312,0.3125,0.125,3465.72,0.00562474,0.985366
drpo-s11,42,0.48046875,0.4375,0.091796875,3077.09,0.00610773,0.497356
drpo-s11,43,0.375,0.390625,0.1484375,3472.02,0.00639529,0.497137
drpo-s11,44,0.359375,0.5,0.17382812,3662.67,0.00669918,0.497827
drpo-s11,45,0.40429688,0.453125,0.12890625,3560.99,0.00594726,0.596286
drpo-s11,46,0.41796875,0.34375,0.21679688,3915.01,0.0054103,0.621169
drpo-s11,47,0.38671875,0.453125,0.14257812,3743.43,0.00689724,0.743018
drpo-s11,48,0.40429688,0.265625,0.18164062,4138.02,0.00625562,1.07696
drpo-s11,49,0.45117188,0.421875,0.19335938,3843.82,0.00678402,0.744021
drpo-s11,50,0.3359375,0.453125,0.23632812,4398.94,0.00691376,0.593056
drpo-s11,51,0.42382812,0.34375,0.24414062,4566.2,0.00651018,0.529183
drpo-s11,52,0.38085938,0.40625,0.24804688,4557.21,0.00753278,2.35189
drpo-s11,53,0.44335938,0.390625,0.1875,3753.69,0.00681087,0.598297
drpo-s11,54,0.50195312,0.421875,0.2109375,3956.54,0.00714737,0.527847
drpo-s11,55,0.38085938,0.484375,0.24609375,4493.23,0.0074699,0.73621
drpo-s11,56,0.49023438,0.4375,0.21679688,4246.11,0.00614079,0.573436
drpo-s11,57,0.46289062,0.453125,0.17382812,3956.44,0.00624502,0.481205
drpo-s11,58,0.4453125,0.515625,0.20703125,4135.11,0.00562048,0.564537
drpo-s11,59,0.4453125,0.4375,0.17382812,3834.33,0.00635036,0.538695
drpo-s11,60,0.5078125,0.453125,0.19921875,4034.35,0.00674771,0.704221
drpo-s11,61,0.43945312,0.421875,0.23632812,4530.14,0.00579374,0.804583
drpo-s11,62,0.47851562,0.453125,0.265625,4759.06,0.00739699,0.54546
drpo-s11,63,0.52539062,0.484375,0.25,4300.89,0.00647249,0.609504
drpo-s11,64,0.51171875,0.40625,0.2421875,4461.93,0.00713387,0.98533
drpo-s11,65,0.42578125,0.359375,0.22070312,4376.29,0.00737709,0.721601
drpo-s11,66,0.50585938,0.390625,0.14257812,3757.11,0.00808371,0.813667
drpo-s11,67,0.40625,0.46875,0.171875,4246.64,0.00598032,0.709147
drpo-s11,68,0.47460938,0.421875,0.091796875,3698.86,0.00764872,0.997985
drpo-s11,69,0.4140625,0.546875,0.15625,4067.75,0.00740632,0.816722
drpo-s11,70,0.45507812,0.453125,0.15625,3812.56,0.00610777,0.685252
drpo-s11,71,0.51757812,0.5,0.09375,3359.55,0.00688344,1.12953
drpo-s11,72,0.47070312,0.421875,0.16601562,3989.68,0.00654269,0.794933
drpo-s11,73,0.5234375,0.359375,0.12109375,3863.26,0.00724964,0.846952
drpo-s11,74,0.47851562,0.375,0.12695312,3889.42,0.00778198,0.962525
drpo-s11,75,0.50585938,0.4375,0.08203125,3244.21,0.0060501,0.655052
drpo-s11,76,0.50585938,0.5,0.12109375,3594.91,0.00671951,0.590753
drpo-s11,77,0.44726562,0.359375,0.083984375,3714.41,0.00743715,0.708292
drpo-s11,78,0.42578125,0.453125,0.11523438,3660.74,0.00632243,0.611348
drpo-s11,79,0.4609375,0.40625,0.11523438,3779.35,0.00681039,0.643917
drpo-s11,80,0.484375,0.578125,0.087890625,3111.86,0.00855558,0.648792
drpo-s11,81,0.48632812,0.46875,0.09765625,3554.38,0.00631824,0.698378
drpo-s11,82,0.49023438,0.484375,0.10546875,3565.99,0.00644073,0.864454
drpo-s11,83,0.45703125,0.5,0.15820312,3826.36,0.0062833,0.680663
drpo-s11,84,0.5390625,0.5625,0.13476562,3772.17,0.00695874,0.679242
drpo-s11,85,0.46875,0.34375,0.10546875,3707.7,0.0057441,0.731532
drpo-s11,86,0.4609375,0.375,0.15625,4241.33,0.00654224,0.730114
drpo-s11,87,0.48242188,0.3125,0.19140625,4370.14,0.00716179,1.01115
drpo-s11,88,0.46289062,0.484375,0.19921875,4461.33,0.00727771,1.68526
drpo-s11,89,0.43164062,0.421875,0.19921875,4574.87,0.00839463,1.43366
drpo-s11,90,0.47070312,0.5625,0.15039062,4330.2,0.00687036,1.10888
drpo-s11,91,0.47851562,0.421875,0.14257812,4277.2,0.00728597,0.989931
drpo-s11,92,0.59765625,0.453125,0.109375,3956.58,0.00759443,0.867454
drpo-s11,93,0.53515625,0.484375,0.171875,4027.86,0.00690912,1.21334
drpo-s11,94,0.51367188,0.421875,0.091796875,3879.75,0.00884764,0.877477
drpo-s11,95,0.51757812,0.46875,0.1015625,3453.92,0.00741615,2.27132
drpo-s11,96,0.54492188,0.515625,0.15429688,4064.85,0.00983593,1.24954
drpo-s11,97,0.375,0.4375,0.11914062,4232.67,0.00761202,0.69195
drpo-s11,98,0.484375,0.484375,0.1015625,3927.28,0.00843061,1.48665
drpo-s11,99,0.54296875,0.421875,0.09375,3586,0.0060844,0.956203
drpo-s11,100,0.45507812,0.375,0.10351562,3939.32,0.00728396,0.939095
drpo-s11,101,0.52929688,0.4375,0.11132812,3738.46,0.00711456,1.18106
drpo-s11,102,0.45898438,0.421875,0.14257812,4198.81,0.0076452,0.92166
drpo-s11,103,0.43945312,0.46875,0.15429688,4236.2,0.00747406,0.763681
drpo-s11,104,0.38085938,0.5,0.09375,3849.92,0.00663521,0.724657
drpo-s11,105,0.53515625,0.5625,0.12890625,3650.62,0.00656967,0.564086
drpo-s11,106,0.51171875,0.46875,0.12109375,4056.43,0.0063405,1.15146
drpo-s11,107,0.53515625,0.515625,0.10742188,4180.13,0.00619815,1.07614
drpo-s11,108,0.45507812,0.453125,0.08203125,3671.93,0.00755767,1.16111
drpo-s11,109,0.44335938,0.515625,0.1171875,4152.06,0.00732341,1.09614
drpo-s11,110,0.54296875,0.546875,0.11523438,3887.48,0.00540356,0.726246
drpo-s11,111,0.5390625,0.5,0.083984375,3602.06,0.00638032,1.23928
drpo-s11,112,0.546875,0.546875,0.033203125,2981.11,0.00686703,0.936001
drpo-s11,113,0.49609375,0.515625,0.046875,3066.51,0.00630809,1.35284
drpo-s11,114,0.42773438,0.515625,0.0703125,3489.31,0.00727897,1.29651
drpo-s11,115,0.58789062,0.65625,0.041015625,2973.04,0.00612628,1.51884
drpo-s11,116,0.51757812,0.421875,0.04296875,2905.82,0.00597002,0.751346
drpo-s11,117,0.49804688,0.453125,0.064453125,3071.04,0.00605669,0.784701
drpo-s11,118,0.3671875,0.40625,0.0625,3188.42,0.00811396,1.11115
drpo-s11,119,0.55078125,0.453125,0.025390625,2905.7,0.00466826,0.649074
drpo-s11,120,0.51367188,0.46875,0.03515625,2839.51,0.00800536,3.04385
drpo-s11,121,0.49414062,0.5,0.052734375,3121.22,0.00723901,0.983661
drpo-s11,122,0.48242188,0.546875,0.0390625,3033.85,0.00613973,1.21708
drpo-s11,123,0.45117188,0.578125,0.021484375,2533.58,0.00863901,3.04407
drpo-s11,124,0.44726562,0.4375,0.029296875,2939.87,0.00801131,0.973155
drpo-s11,125,0.45117188,0.515625,0.0234375,2670.95,0.00732663,0.591642
drpo-s11,126,0.51171875,0.53125,0.02734375,2564.25,0.00588863,0.749907
drpo-s11,127,0.46875,0.546875,0.04296875,2903,0.00754914,0.839186
drpo-s11,128,0.55664062,0.53125,0.017578125,2967.08,0.00546483,0.849525
drpo-s11,129,0.50976562,0.546875,0.0390625,3170.97,0.00488964,0.648625
drpo-s11,130,0.46679688,0.484375,0.041015625,3001.54,0.00660011,2.09246
drpo-s11,131,0.47070312,0.484375,0.078125,3445.43,0.00665595,1.60441
drpo-s11,132,0.578125,0.546875,0.060546875,3456.61,0.00608244,0.66279
drpo-s11,133,0.50390625,0.484375,0.064453125,3393.41,0.00706579,0.79389
drpo-s11,134,0.52148438,0.453125,0.044921875,3134.14,0.0062689,0.91229
drpo-s11,135,0.51953125,0.4375,0.052734375,3125.55,0.00710372,0.926606
drpo-s11,136,0.52148438,0.5625,0.041015625,3341.99,0.00633581,1.10125
drpo-s11,137,0.5078125,0.5,0.05859375,3486.9,0.00546002,1.11056
drpo-s11,138,0.51367188,0.390625,0.046875,3325.77,0.00982233,8.4369
drpo-s11,139,0.47460938,0.515625,0.046875,3445.39,0.00677638,1.17946
drpo-s11,140,0.50390625,0.46875,0.0625,3290.59,0.00618409,1.51208
drpo-s11,141,0.63867188,0.40625,0.05078125,3005.29,0.00677857,1.24987
drpo-s11,142,0.4765625,0.484375,0.0390625,3368.52,0.00658843,2.08234
drpo-s11,143,0.47851562,0.5625,0.033203125,2972.55,0.00749852,0.876824
drpo-s11,144,0.50585938,0.5,0.05078125,3422.08,0.00766793,0.824102
drpo-s11,145,0.4921875,0.453125,0.11914062,4167.65,0.00709132,1.105
drpo-s11,146,0.48046875,0.59375,0.11523438,3991.7,0.00708793,1.04362
drpo-s11,147,0.53515625,0.46875,0.087890625,3685.18,0.00638788,1.01966
drpo-s11,148,0.45507812,0.5625,0.11523438,4095.56,0.00817298,1.24384
drpo-s11,149,0.48242188,0.515625,0.1796875,4693.59,0.00815363,0.963974
drpo-s11,150,0.52734375,0.421875,0.15625,4459.17,0.00569575,1.05014
drpo-s11,151,0.609375,0.5625,0.1015625,3704.03,0.00660734,1.31485
drpo-s11,152,0.41992188,0.5,0.13476562,4247.18,0.00714283,0.901744
drpo-s11,153,0.5546875,0.59375,0.09375,3468.92,0.00678557,1.0765
drpo-s11,154,0.53515625,0.609375,0.13476562,3813.16,0.00648717,0.877478
drpo-s11,155,0.52929688,0.609375,0.0703125,3442.71,0.00877832,1.5845
drpo-s11,156,0.51757812,0.453125,0.109375,3896.98,0.00676725,1.18718
drpo-s11,157,0.5078125,0.578125,0.12304688,3824.2,0.00575623,1.71212
drpo-s11,158,0.47070312,0.40625,0.17773438,4297.98,0.00808156,2.5742
drpo-s11,159,0.51757812,0.546875,0.1640625,4236.56,0.0073271,1.30784
drpo-s11,160,0.5546875,0.546875,0.1015625,3836.79,0.00899838,1.47502
drpo-s11,161,0.390625,0.46875,0.20507812,4905.07,0.00753027,1.21334
drpo-s11,162,0.41796875,0.578125,0.15429688,4488.95,0.00699031,1.22299
drpo-s11,163,0.44726562,0.5,0.16015625,4393.83,0.00742364,1.38507
drpo-s11,164,0.46679688,0.578125,0.171875,4276.85,0.00767822,2.03113
drpo-s11,165,0.48046875,0.5,0.20507812,4791.72,0.00752948,1.3777
drpo-s11,166,0.49804688,0.40625,0.18945312,4386.03,0.010115,3.62625
drpo-s11,167,0.53515625,0.46875,0.12695312,3947.91,0.00777119,1.43702
drpo-s11,168,0.44726562,0.5625,0.11914062,4120.79,0.00780082,1.32054
drpo-s11,169,0.58007812,0.515625,0.15039062,4219.89,0.00716918,1.39082
drpo-s11,170,0.3828125,0.421875,0.17773438,4754.86,0.00737827,1.58504
drpo-s11,171,0.47070312,0.5,0.125,4092.68,0.00661201,1.36879
drpo-s11,172,0.52539062,0.46875,0.14648438,4370.21,0.00609023,0.985368
drpo-s11,173,0.4921875,0.5625,0.1171875,3851.84,0.00745521,1.37527
drpo-s11,174,0.52148438,0.59375,0.15820312,4060.62,0.00660744,1.40282
drpo-s11,175,0.45507812,0.578125,0.1640625,4375.21,0.0062019,2.70447
drpo-s11,176,0.5234375,0.484375,0.13085938,3842.19,0.00913568,1.45763
drpo-s11,177,0.61132812,0.578125,0.11328125,3673.36,0.00712401,4.10636
drpo-s11,178,0.46679688,0.46875,0.16015625,4007.78,0.00730077,1.25
drpo-s11,179,0.58984375,0.484375,0.12304688,3889.65,0.00953895,1.42795
drpo-s11,180,0.48242188,0.515625,0.12304688,3716.29,0.00963133,1.1523
drpo-s11,181,0.44140625,0.640625,0.16992188,4121.62,0.00875257,1.43926
drpo-s11,182,0.49804688,0.515625,0.15429688,3971.51,0.0108777,1.75295
drpo-s11,183,0.48632812,0.640625,0.20117188,4260.61,0.00901842,1.20701
drpo-s11,184,0.49414062,0.59375,0.16601562,4059.21,0.00830614,1.7066
drpo-s11,185,0.47460938,0.59375,0.12109375,3522.4,0.00734812,1.67509
drpo-s11,186,0.45703125,0.4375,0.12109375,3797.29,0.00818201,1.25142
drpo-s11,187,0.45898438,0.578125,0.12695312,3754.2,0.0102772,2.2134
drpo-s11,188,0.38476562,0.625,0.10351562,3456.53,0.0129193,1.60481
drpo-s11,189,0.46679688,0.484375,0.109375,3626.53,0.0095873,1.61923
drpo-s11,190,0.39453125,0.546875,0.12695312,3613.38,0.00848573,0.919566
drpo-s11,191,0.49414062,0.53125,0.1171875,3658.38,0.00907706,2.07707
drpo-s11,192,0.34179688,0.578125,0.109375,3594.31,0.0103115,1.49478
drpo-s11,193,0.36328125,0.53125,0.11132812,3296.3,0.0118376,1.84596
drpo-s11,194,0.41210938,0.53125,0.11328125,3627.96,0.0125707,3.2597
drpo-s11,195,0.4296875,0.6875,0.078125,3247.03,0.0104436,2.30552
drpo-s11,196,0.41210938,0.484375,0.068359375,3554.89,0.0121137,1.63158
drpo-s11,197,0.4453125,0.5625,0.13476562,4061,0.0113546,1.65706
drpo-s11,198,0.3515625,0.609375,0.16601562,4252.17,0.0114945,1.48593
drpo-s11,199,0.47851562,0.59375,0.17578125,4309.7,0.0124985,4.8656
drpo-s11,200,0.55078125,0.484375,0.1171875,3650.71,0.0241481,8.92413
drpo-s11,201,0.36914062,0.578125,0.16015625,4443.21,0.0124428,2.55108
drpo-s11,202,0.40625,0.515625,0.1484375,4159.69,0.0122608,3.29658
drpo-s11,203,0.53710938,0.59375,0.12109375,3917.68,0.0141934,4.03496
drpo-s11,204,0.45507812,0.515625,0.052734375,3376.54,0.0143716,4.50578
drpo-s11,205,0.45898438,0.53125,0.0625,3616.93,0.00751375,1.87613
drpo-s11,206,0.53710938,0.546875,0.05078125,3193.25,0.00980654,1.52132
drpo-s11,207,0.46875,0.515625,0.0546875,3173.43,0.0132331,3.28924
drpo-s11,208,0.48242188,0.4375,0.09375,3422.51,0.0112085,1.72127
drpo-s11,209,0.4921875,0.5625,0.078125,2957.15,0.00803894,2.67616
drpo-s11,210,0.38085938,0.453125,0.0859375,3440.17,0.00527886,0.844087
drpo-s11,211,0.44921875,0.546875,0.068359375,2880.2,0.00584901,1.58663
drpo-s11,212,0.4375,0.484375,0.06640625,3100.56,0.0118119,1.7753
drpo-s11,213,0.44726562,0.53125,0.046875,2913.93,0.00688556,1.18867
drpo-s11,214,0.47070312,0.5625,0.0703125,3189.73,0.00713666,1.0061
drpo-s11,215,0.50390625,0.515625,0.029296875,2824.43,0.00734191,1.1718
drpo-s11,216,0.515625,0.5,0.046875,2952.06,0.00821867,1.18999
drpo-s11,217,0.48046875,0.609375,0.041015625,2811.72,0.00673536,0.956345
drpo-s11,218,0.45898438,0.421875,0.076171875,3021.13,0.00689354,0.846872
drpo-s11,219,0.47070312,0.5,0.0546875,3058.49,0.0078306,1.08428
drpo-s11,220,0.48046875,0.53125,0.052734375,3034.5,0.00686241,1.4813
drpo-s11,221,0.421875,0.4375,0.02734375,2589.56,0.00716299,1.39919
drpo-s11,222,0.49804688,0.5,0.05078125,2792.48,0.00694348,0.876631
drpo-s11,223,0.42773438,0.421875,0.07421875,3028.95,0.00693296,1.1728
drpo-s11,224,0.43554688,0.546875,0.02734375,2839.35,0.00699822,2.12951
drpo-s11,225,0.43164062,0.46875,0.056640625,2976.08,0.00530971,1.49174
drpo-s11,226,0.45117188,0.578125,0.05078125,2898.52,0.00693296,1.21708
drpo-s11,227,0.4609375,0.40625,0.052734375,3228.63,0.00656848,1.06133
drpo-s11,228,0.42382812,0.453125,0.05859375,2943.95,0.00645885,2.12326
drpo-s11,229,0.40625,0.53125,0.0625,2869.3,0.00877878,1.26712
drpo-s11,230,0.4296875,0.421875,0.044921875,2871.79,0.00608015,1.20081
drpo-s11,231,0.46484375,0.515625,0.03515625,2932.24,0.00533282,1.00823
drpo-s11,232,0.45507812,0.46875,0.044921875,2660.92,0.0077614,1.04915
drpo-s11,233,0.453125,0.3125,0.013671875,2678.51,0.00921617,1.67507
drpo-s11,234,0.4140625,0.453125,0.052734375,3334.71,0.0100555,1.20134
drpo-s11,235,0.4453125,0.59375,0.046875,2871.5,0.00849247,1.91395
drpo-s11,236,0.49023438,0.375,0.033203125,2840.57,0.00774957,1.82128
drpo-s11,237,0.359375,0.546875,0.037109375,2801.26,0.0109679,1.93509
drpo-s11,238,0.40429688,0.40625,0.03515625,2794.86,0.023242,5.11118
drpo-s11,239,0.34960938,0.484375,0.029296875,2549.16,0.0119293,1.26598
drpo-s11,240,0.47070312,0.5625,0.060546875,2803.44,0.0100827,1.23577
drpo-s11,241,0.5,0.390625,0.048828125,2800.43,0.00811718,1.8378
drpo-s11,242,0.45507812,0.421875,0.041015625,2804.71,0.00952724,1.47601
drpo-s11,243,0.42382812,0.453125,0.025390625,2505.09,0.0101391,1.32204
drpo-s11,244,0.50390625,0.484375,0.017578125,2515.13,0.0118184,1.49332
drpo-s11,245,0.4453125,0.5625,0.01171875,2475.92,0.0171895,4.23895
drpo-s11,246,0.54882812,0.484375,0.04296875,3140.05,0.00734468,0.95954
drpo-s11,247,0.51367188,0.5625,0.052734375,3350.1,0.00794327,1.17169
drpo-s11,248,0.5859375,0.4375,0.0703125,3561.67,0.00754305,1.21564
drpo-s11,249,0.45507812,0.640625,0.140625,4039.16,0.00631701,1.12547
drpo-s11,250,0.4375,0.359375,0.125,4253.11,0.00767179,1.69011
drpo-s11,251,0.45507812,0.53125,0.14257812,4227.98,0.00701766,2.03689
drpo-s11,252,0.48046875,0.53125,0.12109375,3996.77,0.00836341,0.877427
drpo-s11,253,0.45898438,0.53125,0.16210938,4368.08,0.00642289,1.11056
drpo-s11,254,0.47460938,0.59375,0.20117188,4866.41,0.00577722,1.55099
drpo-s11,255,0.5234375,0.46875,0.11328125,4258.71,0.00795691,1.16111
drpo-s11,256,0.44921875,0.640625,0.1875,4625.3,0.00641144,0.93567
drpo-s11,257,0.39453125,0.578125,0.19726562,4600.51,0.00738806,0.727335
drpo-s11,258,0.4453125,0.578125,0.25195312,5053.46,0.00674274,1.32909
drpo-s11,259,0.4296875,0.546875,0.21679688,4617.64,0.00724263,1.07664
drpo-s11,260,0.4609375,0.53125,0.22460938,4648.39,0.00681125,1.46658
drpo-s11,261,0.57226562,0.390625,0.15039062,4079.5,0.00674932,0.77627
drpo-s11,262,0.52148438,0.59375,0.14453125,4078.59,0.00707329,1.45208
drpo-s11,263,0.45703125,0.609375,0.15234375,4459.52,0.00678856,1.12567
drpo-s11,264,0.58984375,0.515625,0.12695312,3831.65,0.00703398,1.26563
drpo-s11,265,0.36328125,0.46875,0.11328125,4148.16,0.00732532,1.20617
drpo-s11,266,0.50390625,0.6875,0.15625,4356.55,0.0055598,0.787582
drpo-s11,267,0.47851562,0.515625,0.12304688,4139.58,0.00727494,0.903415
drpo-s11,268,0.49804688,0.578125,0.14648438,4148.03,0.00709328,0.66867
drpo-s11,269,0.4765625,0.65625,0.076171875,3707.77,0.00654913,0.668667
drpo-s11,270,0.41796875,0.4375,0.14453125,4431.17,0.00636564,0.985368
drpo-s11,271,0.484375,0.453125,0.16796875,4544.04,0.00716645,1.05842
drpo-s11,272,0.51171875,0.609375,0.1484375,4203.99,0.00692068,0.936753
drpo-s11,273,0.46289062,0.515625,0.1640625,4229.24,0.00560429,0.724289
drpo-s11,274,0.5,0.453125,0.12890625,4153.28,0.00608675,0.749249
drpo-s11,275,0.4296875,0.546875,0.11523438,4141.03,0.00784321,0.921659
drpo-s11,276,0.51953125,0.53125,0.13671875,4092.88,0.00742347,1.12675
drpo-s11,277,0.47070312,0.53125,0.16796875,4414.82,0.00655096,1.22733
drpo-s11,278,0.44140625,0.53125,0.18164062,4756.74,0.00609596,0.976097
drpo-s11,279,0.49804688,0.546875,0.14648438,4464.56,0.00747424,0.937834
drpo-s11,280,0.47460938,0.5625,0.13476562,4275.73,0.00549975,0.861511
drpo-s11,281,0.5,0.5,0.11523438,4250.53,0.00825519,0.877475
drpo-s11,282,0.46679688,0.46875,0.125,4198.2,0.00596475,0.799843
drpo-s11,283,0.50195312,0.484375,0.16992188,4634.73,0.00547507,0.98979
drpo-s11,284,0.45117188,0.609375,0.109375,4213.57,0.00763012,0.813667
drpo-s11,285,0.53710938,0.484375,0.12890625,3998.42,0.00576076,0.937834
drpo-s11,286,0.453125,0.421875,0.095703125,3820.37,0.00766295,0.963589
drpo-s11,287,0.56640625,0.59375,0.099609375,3517.21,0.00706316,1.00238
drpo-s11,288,0.56835938,0.53125,0.09765625,3402.57,0.00598017,1.26867
drpo-s11,289,0.4140625,0.5,0.1015625,3522.01,0.00780746,1.10732
drpo-s11,290,0.46289062,0.53125,0.080078125,3402.63,0.00635722,1.34598
drpo-s11,291,0.41601562,0.59375,0.052734375,3094,0.00618772,0.757031
drpo-s11,292,0.40820312,0.484375,0.029296875,3063.55,0.00615311,1.55806
drpo-s11,293,0.515625,0.3125,0.048828125,3031.48,0.00723303,0.866159
drpo-s11,294,0.51757812,0.46875,0.044921875,2907.69,0.00639709,0.994427
drpo-s11,295,0.45507812,0.46875,0.05078125,3003.2,0.00575096,0.936147
drpo-s11,296,0.484375,0.453125,0.029296875,2649.66,0.00675427,0.749824
drpo-s11,297,0.49414062,0.53125,0.03515625,2671.84,0.00561053,1.0436
drpo-s11,298,0.49609375,0.40625,0.02734375,2764.17,0.00828599,0.961256
drpo-s11,299,0.45117188,0.53125,0.05078125,2937.25,0.00822658,0.848279
drpo-s11,300,0.5078125,0.53125,0.029296875,2722.42,0.0068511,1.08643
drpo-s11,301,0.46875,0.546875,0.03515625,2943.09,0.00910513,1.2405
drpo-s11,302,0.4375,0.546875,0.0234375,2848.45,0.00567038,0.981284
drpo-s11,303,0.40234375,0.59375,0.048828125,2822.87,0.00565167,0.834844
drpo-s11,304,0.46484375,0.484375,0.033203125,2849.9,0.00639886,0.845708
drpo-s11,305,0.4921875,0.53125,0.044921875,3058.91,0.00728356,0.923872
drpo-s11,306,0.5078125,0.390625,0.04296875,2748.96,0.00646316,0.848275
drpo-s11,307,0.5234375,0.375,0.037109375,2781.08,0.00676272,0.936148
drpo-s11,308,0.390625,0.46875,0.056640625,3199.74,0.00765791,0.744016
drpo-s11,309,0.40429688,0.609375,0.041015625,3022.63,0.0076616,0.723302
drpo-s11,310,0.41992188,0.390625,0.05859375,3333.38,0.00668956,1.19429
drpo-s11,311,0.41015625,0.40625,0.083984375,3418.1,0.00705135,0.743335
drpo-s11,312,0.390625,0.5625,0.041015625,3110.54,0.00635942,0.734204
drpo-s11,313,0.46484375,0.484375,0.03125,2980.2,0.00619701,0.698381
drpo-s11,314,0.57226562,0.59375,0.03125,2656.54,0.00504926,0.614286
drpo-s11,315,0.55859375,0.5625,0.0390625,2882.62,0.00761867,1.24034
drpo-s11,316,0.48046875,0.5625,0.0625,3235.67,0.00667918,0.925297
drpo-s11,317,0.45117188,0.5,0.06640625,3221.83,0.00600639,1.09945
drpo-s11,318,0.37890625,0.53125,0.08203125,3507.03,0.00830437,1.08429
drpo-s11,319,0.48046875,0.40625,0.046875,2937.7,0.00614912,0.802902
drpo-s11,320,0.546875,0.453125,0.05078125,3306.92,0.00518143,1.32685
drpo-s11,321,0.4765625,0.625,0.068359375,3186.03,0.00564452,0.727335
drpo-s11,322,0.43554688,0.453125,0.044921875,3106.08,0.00504254,0.6875
drpo-s11,323,0.62304688,0.484375,0.056640625,2828.7,0.00600829,0.810744
drpo-s11,324,0.5234375,0.484375,0.06640625,3185.66,0.00770219,1.1232
drpo-s11,325,0.45507812,0.546875,0.07421875,2968.26,0.00632867,0.925799
drpo-s11,326,0.50585938,0.40625,0.080078125,3220.8,0.00725976,1.23537
drpo-s11,327,0.51171875,0.5625,0.083984375,3198.76,0.0102755,1.3151
drpo-s11,328,0.5,0.4375,0.125,3633.02,0.00722602,1.69974
drpo-s11,329,0.44921875,0.484375,0.09375,3464.59,0.00635177,0.990552
drpo-s11,330,0.43359375,0.421875,0.09765625,3458,0.00707494,1.86015
drpo-s11,331,0.48242188,0.453125,0.15625,4035.26,0.00769205,2.29464
drpo-s11,332,0.50976562,0.5,0.10351562,3594.42,0.0056533,2.83254
drpo-s11,333,0.49023438,0.53125,0.15234375,3904.51,0.00527897,1.41184
drpo-s11,334,0.52734375,0.546875,0.11523438,3575.89,0.00740179,1.70881
drpo-s11,335,0.50195312,0.453125,0.09765625,3456.04,0.00909147,1.18633
drpo-s11,336,0.47460938,0.484375,0.10742188,3744.22,0.00738542,1.54641
drpo-s11,337,0.51171875,0.5,0.1484375,3869.45,0.00845647,1.99752
drpo-s11,338,0.45703125,0.484375,0.13085938,3905.15,0.013457,3.1008
drpo-s11,339,0.52929688,0.5,0.13671875,3620.38,0.00704318,3.48863
drpo-s11,340,0.49414062,0.453125,0.13476562,3638.88,0.0083348,1.48593
drpo-s11,341,0.4296875,0.53125,0.15039062,3940.56,0.00890547,1.52416
drpo-s11,342,0.578125,0.546875,0.11328125,3627.93,0.00678172,2.73966
drpo-s11,343,0.47070312,0.53125,0.1015625,3831.95,0.00876992,2.21649
drpo-s11,344,0.5078125,0.5625,0.13085938,3771.82,0.00794593,2.26058
drpo-s11,345,0.53710938,0.5625,0.125,3659.51,0.00785342,1.60436
drpo-s11,346,0.46875,0.53125,0.11523438,3866.22,0.00944118,1.37781
drpo-s11,347,0.44921875,0.546875,0.17382812,4129.62,0.00841143,1.625
drpo-s11,348,0.48828125,0.53125,0.083984375,3653.83,0.00994321,2.47273
drpo-s11,349,0.49609375,0.546875,0.12695312,3874.09,0.00784203,3.79009
drpo-s11,350,0.50976562,0.546875,0.17382812,4416.99,0.00933533,3.01564
drpo-s11,351,0.51953125,0.53125,0.13085938,3879.04,0.0110872,4.37411
drpo-s11,352,0.52929688,0.59375,0.12304688,4327.96,0.00915287,6.15142
drpo-s11,353,0.52734375,0.5,0.22265625,4728.81,0.0070604,1.98603
drpo-s11,354,0.49414062,0.546875,0.25976562,4786.1,0.00892814,3.12007
drpo-s11,355,0.33398438,0.609375,0.3203125,5422.88,0.0122577,1.81355
drpo-s11,356,0.5234375,0.578125,0.265625,4939.64,0.0101598,2.14968
drpo-s11,357,0.57421875,0.46875,0.16796875,4753.24,0.00895426,3.75087
drpo-s11,358,0.45898438,0.59375,0.32617188,5345.32,0.00634363,1.75797
drpo-s11,359,0.48046875,0.640625,0.25390625,4741.08,0.00954624,3.3054
drpo-s11,360,0.5859375,0.578125,0.2109375,4668.39,0.0102772,3.24617
drpo-s11,361,0.52929688,0.546875,0.30078125,5142.27,0.00882846,2.09828
drpo-s11,362,0.48828125,0.453125,0.30859375,5568.2,0.00834453,2.84695
drpo-s11,363,0.42578125,0.546875,0.35351562,5578.46,0.0109777,1.56719
drpo-s11,364,0.46679688,0.5625,0.29882812,5354.21,0.00871163,2.81345
drpo-s11,365,0.49609375,0.359375,0.328125,5798.07,0.00767475,2.09828
drpo-s11,366,0.51953125,0.53125,0.22851562,5151.01,0.00726779,1.43378
drpo-s11,367,0.46289062,0.546875,0.32617188,5555.66,0.00900256,2.43456
drpo-s11,368,0.5078125,0.578125,0.30273438,5282.2,0.00914154,1.29597
drpo-s11,369,0.54101562,0.609375,0.24804688,4774.91,0.00875902,1.75295
drpo-s11,370,0.49414062,0.515625,0.328125,5545.63,0.00892364,1.5143
drpo-s11,371,0.50390625,0.5625,0.26171875,5058.77,0.00811669,2.02213
drpo-s11,372,0.61132812,0.53125,0.20507812,5083.52,0.00788896,2.27132
drpo-s11,373,0.44726562,0.59375,0.359375,5642.08,0.00942093,1.38167
drpo-s11,374,0.41601562,0.5625,0.47460938,6112.86,0.00803404,1.7968
drpo-s11,375,0.44921875,0.453125,0.42382812,6208.74,0.011147,2.07965
drpo-s11,376,0.39453125,0.53125,0.47460938,6266.96,0.00717977,1.66185
drpo-s11,377,0.36914062,0.53125,0.52148438,6454.1,0.0080418,2.11882
drpo-s11,378,0.43359375,0.5,0.45117188,6436.19,0.0107418,1.84582
drpo-s11,379,0.42773438,0.625,0.49609375,6308.62,0.00903509,2.63562
drpo-s11,380,0.43359375,0.5,0.42382812,6079.29,0.00741537,1.70452
drpo-s11,381,0.48242188,0.578125,0.44335938,6060.88,0.0102373,1.97393
drpo-s11,382,0.46484375,0.546875,0.42773438,6124.71,0.00768219,2.22895
drpo-s11,383,0.37695312,0.546875,0.48632812,6336.97,0.00970325,1.96671
drpo-s11,384,0.52539062,0.4375,0.359375,5710.29,0.00852288,1.67509
drpo-s11,385,0.41015625,0.5,0.46679688,6280.04,0.00647457,1.74107
drpo-s11,386,0.5234375,0.59375,0.3828125,5927.46,0.00798435,1.58663
drpo-s11,387,0.39453125,0.546875,0.41796875,5939.59,0.00736176,1.73532
drpo-s11,388,0.50390625,0.5,0.296875,5388.08,0.00887344,2.47265
drpo-s11,389,0.5234375,0.625,0.296875,5336.96,0.0082501,1.9671
drpo-s11,390,0.45703125,0.53125,0.36523438,5877.71,0.00877334,1.84007
drpo-s11,391,0.41210938,0.59375,0.35742188,5804.76,0.00811022,3.09658
drpo-s11,392,0.40429688,0.5,0.44335938,6096.29,0.0090545,1.47057
drpo-s11,393,0.453125,0.640625,0.33007812,5359.74,0.00710127,1.52427
drpo-s11,394,0.48046875,0.609375,0.3046875,5473.01,0.00732965,3.93645
drpo-s11,395,0.43945312,0.5,0.30078125,5434.2,0.00835804,2.56275
drpo-s11,396,0.44921875,0.46875,0.35546875,5780.85,0.00750173,2.67556
drpo-s11,397,0.46875,0.546875,0.31835938,5494.45,0.00871604,4.56454
drpo-s11,398,0.48828125,0.4375,0.31445312,5292.72,0.00778585,1.7861
drpo-s11,399,0.5,0.59375,0.27539062,5281.09,0.00848787,3.21649
drpo-s11,400,0.56054688,0.46875,0.22851562,4777.1,0.00885274,3.57102
drpo-s11,401,0.51953125,0.546875,0.18554688,4742.95,0.00746385,2.87979
drpo-s11,402,0.4921875,0.421875,0.2265625,4648.36,0.00860528,1.74865
drpo-s11,403,0.54296875,0.46875,0.2265625,4794.83,0.00824862,4.6993
drpo-s11,404,0.47851562,0.53125,0.30859375,5050.05,0.00773194,1.41183
drpo-s11,405,0.390625,0.5625,0.390625,5733.4,0.00921972,1.53286
drpo-s11,406,0.45703125,0.625,0.3828125,5402.46,0.00567666,1.3166
drpo-s11,407,0.52734375,0.59375,0.33984375,5379.33,0.00850081,18.3262
drpo-s11,408,0.45898438,0.484375,0.39648438,5535.21,0.00669162,1.95581
drpo-s11,409,0.42773438,0.484375,0.42578125,5954.78,0.00674773,1.79681
drpo-s11,410,0.4765625,0.515625,0.33398438,5025.41,0.00715719,1.33067
drpo-s11,411,0.50195312,0.5,0.36914062,5229.58,0.00712475,1.37613
drpo-s11,412,0.50195312,0.5625,0.44921875,5579.93,0.00659593,1.22836
drpo-s11,413,0.4375,0.515625,0.38867188,5479.38,0.00651641,2.00295
drpo-s11,414,0.546875,0.640625,0.42382812,5172.87,0.00540973,1.98226
drpo-s11,415,0.50585938,0.5625,0.5,5867.86,0.00583835,1.36782
drpo-s11,416,0.3515625,0.5,0.63671875,6772.98,0.00623684,1.37613
drpo-s11,417,0.53710938,0.5,0.51757812,5991.36,0.00568307,1.41493
drpo-s11,418,0.43554688,0.453125,0.515625,5889.77,0.00682651,1.58653
drpo-s11,419,0.5078125,0.59375,0.5234375,5746.15,0.00609353,1.40277
drpo-s11,420,0.50976562,0.453125,0.46484375,5690.03,0.00637229,0.943806
drpo-s11,421,0.50585938,0.515625,0.4296875,5370.59,0.00603204,1.30706
drpo-s11,422,0.41992188,0.53125,0.48046875,5941.44,0.00794375,0.998898
drpo-s11,423,0.50976562,0.5625,0.44140625,5547.62,0.00896905,1.54661
drpo-s11,424,0.453125,0.421875,0.54101562,6328.19,0.00716075,1.78246
drpo-s11,425,0.4453125,0.4375,0.58203125,6429.4,0.00847551,1.05869
drpo-s11,426,0.5390625,0.578125,0.55859375,6141.02,0.00629005,1.17283
drpo-s11,427,0.39648438,0.546875,0.56835938,6292.94,0.00881689,0.923554
drpo-s11,428,0.46484375,0.609375,0.51757812,5998.74,0.0103381,2.19499
drpo-s11,429,0.52539062,0.453125,0.46289062,5862.19,0.00668401,2.1032
drpo-s11,430,0.49609375,0.59375,0.42773438,5753.57,0.00704586,1.96849
drpo-s11,431,0.5546875,0.390625,0.375,5331.95,0.00939944,2.59985
drpo-s11,432,0.55859375,0.53125,0.38671875,5077.23,0.00803603,1.47891
drpo-s11,433,0.50390625,0.46875,0.38671875,5515.12,0.00807118,1.87714
drpo-s11,434,0.49023438,0.46875,0.38476562,5209.39,0.00863516,1.87661
drpo-s11,435,0.46679688,0.40625,0.35351562,5090.9,0.0087369,1.24383
drpo-s11,436,0.50976562,0.5,0.34570312,4809.24,0.00914242,1.47057
drpo-s11,437,0.45703125,0.640625,0.3828125,5117.79,0.00815231,1.30099
drpo-s11,438,0.4609375,0.453125,0.3359375,4749,0.00834178,1.43844
drpo-s11,439,0.45507812,0.53125,0.37304688,5063.31,0.00810617,1.35333
drpo-s11,440,0.46875,0.453125,0.359375,4966.27,0.00817498,1.7974
drpo-s11,441,0.40429688,0.4375,0.40039062,5293.29,0.00637847,1.12322
drpo-s11,442,0.5859375,0.390625,0.44921875,5332.55,0.00662688,1.6797
drpo-s11,443,0.47460938,0.421875,0.3203125,4777.56,0.00800306,0.901742
drpo-s11,444,0.51757812,0.6875,0.28320312,4206.48,0.00804323,0.97612
drpo-s11,445,0.54492188,0.515625,0.2109375,3835.2,0.00774643,1.83789
drpo-s11,446,0.46484375,0.421875,0.2734375,4599.56,0.00736763,0.93781
drpo-s11,447,0.50976562,0.5625,0.25585938,4268.65,0.00826201,2.06721
drpo-s11,448,0.40039062,0.5625,0.30273438,4608.94,0.00828381,1.38843
drpo-s11,449,0.47265625,0.546875,0.34179688,4807.38,0.00980797,1.68537
drpo-s11,450,0.578125,0.453125,0.34765625,4715.35,0.00658395,1.09451
drpo-s11,451,0.37695312,0.421875,0.36914062,5081.31,0.00820758,1.02886
drpo-s11,452,0.4453125,0.5,0.40429688,5191.39,0.00662979,1.21202
drpo-s11,453,0.5,0.4375,0.40820312,5160.16,0.00734582,1.49342
drpo-s11,454,0.45703125,0.453125,0.4765625,5531.25,0.00741537,1.15032
drpo-s11,455,0.48632812,0.484375,0.53125,5840.41,0.00929273,1.46658
drpo-s11,456,0.41210938,0.5,0.55273438,6047.3,0.0074163,1.43615
drpo-s11,457,0.4609375,0.421875,0.6328125,6495.08,0.00728458,1.23131
drpo-s11,458,0.47851562,0.484375,0.53515625,5955.85,0.00668624,2.42509
drpo-s11,459,0.45507812,0.515625,0.61132812,6448.78,0.00663619,1.58663
drpo-s11,460,0.46289062,0.46875,0.58789062,6158.65,0.00733903,1.30818
drpo-s11,461,0.47460938,0.5,0.60546875,6288.04,0.00774799,2.34429
drpo-s11,462,0.44726562,0.609375,0.63671875,6489.97,0.00932752,1.08254
drpo-s11,463,0.50976562,0.5,0.6171875,6327.11,0.00731217,1.09516
drpo-s11,464,0.64257812,0.421875,0.58398438,6168.27,0.00762648,1.54666
drpo-s11,465,0.5234375,0.671875,0.61523438,6374.08,0.00793249,0.924835
drpo-s11,466,0.38867188,0.453125,0.57421875,6155.09,0.00841926,1.14578
drpo-s11,467,0.49023438,0.453125,0.64257812,6328.62,0.00824659,1.20618
drpo-s11,468,0.4609375,0.375,0.61523438,6234.85,0.00846761,1.12675
drpo-s11,469,0.5,0.578125,0.66601562,6521.77,0.00814301,0.818211
drpo-s11,470,0.53710938,0.453125,0.70703125,6763.79,0.00681366,1.10826
drpo-s11,471,0.4453125,0.453125,0.70898438,6912.51,0.00968373,0.981166
drpo-s11,472,0.44921875,0.4375,0.7421875,7048.4,0.00900503,1.16422
drpo-s11,473,0.51367188,0.484375,0.73242188,6909.52,0.00891473,1.20976
drpo-s11,474,0.40234375,0.4375,0.80664062,7341.02,0.00897145,1.66713
drpo-s11,475,0.49804688,0.40625,0.73046875,7127.91,0.0100565,1.17954
drpo-s11,476,0.46289062,0.453125,0.78710938,7381.07,0.0113759,1.22779
drpo-s11,477,0.5546875,0.46875,0.77148438,7133.36,0.0100132,1.91302
drpo-s11,478,0.5234375,0.484375,0.67773438,6639.64,0.00974135,1.82866
drpo-s11,479,0.49023438,0.390625,0.61523438,6603.7,0.00836527,0.845994
drpo-s11,480,0.33203125,0.59375,0.58984375,6420.59,0.0126573,0.97745
drpo-s11,481,0.46875,0.5625,0.58007812,6257.08,0.0115686,1.37196
drpo-s11,482,0.49023438,0.4375,0.56054688,6359.38,0.0102285,0.863527
drpo-s11,483,0.43945312,0.5,0.54492188,6512.25,0.0119293,1.60481
drpo-s11,484,0.37109375,0.640625,0.49609375,6253.22,0.00889774,1.31993
drpo-s11,485,0.54296875,0.484375,0.484375,6236.15,0.00779281,1.41188
drpo-s11,486,0.4765625,0.609375,0.48242188,6255.88,0.0101616,1.83788
drpo-s11,487,0.54296875,0.453125,0.46875,6265.57,0.00811722,1.41348
drpo-s11,488,0.52539062,0.484375,0.53320312,6677.54,0.0114736,1.44202
drpo-s11,489,0.53125,0.484375,0.55273438,6669.99,0.00919684,1.19301
drpo-s11,490,0.5,0.53125,0.54101562,6637.23,0.0115044,1.44204
drpo-s11,491,0.453125,0.390625,0.3984375,6159.05,0.011756,1.54806
drpo-s11,492,0.54296875,0.5,0.39453125,6183.94,0.00864913,1.22711
drpo-s11,493,0.5,0.59375,0.34375,6078.34,0.00928298,1.67508
drpo-s11,494,0.47265625,0.484375,0.34765625,6109.19,0.00883676,0.880803
drpo-s11,495,0.49804688,0.546875,0.33789062,6096.95,0.00959615,3.55524
drpo-s11,496,0.52929688,0.546875,0.2890625,5612.97,0.00831539,1.44175
drpo-s11,497,0.46289062,0.65625,0.34765625,6132.76,0.00932619,0.895737
drpo-s11,498,0.49804688,0.453125,0.40625,6230.3,0.008602,2.44966
drpo-s11,499,0.60742188,0.359375,0.35742188,6157.6,0.00881818,2.45997
drpo-s11,500,0.55273438,0.59375,0.30273438,5558.82,0.00841195,0.921227
drpo-s11,501,0.49414062,0.4375,0.26171875,5613.17,0.00924095,1.00924
drpo-s11,502,0.39453125,0.640625,0.25,5845.01,0.00937444,0.877472
drpo-s11,503,0.5234375,0.53125,0.23242188,5662.57,0.0102191,0.910704
drpo-s11,504,0.49414062,0.390625,0.27148438,6044.48,0.0103482,0.896213
drpo-s11,505,0.46875,0.546875,0.26171875,5825.62,0.00821633,0.901743
drpo-s11,506,0.5078125,0.546875,0.27539062,5801.85,0.00940805,1.52359
drpo-s11,507,0.51171875,0.484375,0.28515625,5751.5,0.00854134,1.14045
drpo-s11,508,0.4296875,0.65625,0.27734375,5601.95,0.00999478,0.964442
drpo-s11,509,0.46289062,0.484375,0.25976562,5889.84,0.0105793,1.0502
drpo-s11,510,0.4375,0.390625,0.28515625,6039.47,0.0103803,1.2936
drpo-s11,511,0.42578125,0.53125,0.296875,5861.42,0.0102615,2.57451
drpo-s11,512,0.48632812,0.375,0.21679688,5436.9,0.0116253,1.24384
drpo-s11,513,0.40429688,0.578125,0.2265625,5654.29,0.0114019,1.11975
drpo-s11,514,0.43945312,0.515625,0.20703125,5342.83,0.00957574,0.732383
drpo-s11,515,0.45703125,0.53125,0.23632812,5813.1,0.0112749,0.735868
drpo-s11,516,0.41796875,0.4375,0.28125,5867.29,0.010062,1.2171
drpo-s11,517,0.45703125,0.546875,0.28320312,5932.07,0.00871517,0.976122
drpo-s11,518,0.49414062,0.53125,0.28320312,5712.4,0.00974783,0.877471
drpo-s11,519,0.38085938,0.46875,0.3125,6003.12,0.00923918,1.26348
drpo-s11,520,0.54101562,0.59375,0.20898438,5386.5,0.0108323,1.60049
drpo-s11,521,0.4765625,0.640625,0.2890625,5717.12,0.0111131,0.808762
drpo-s11,522,0.40234375,0.515625,0.234375,5512.63,0.0104246,0.813854
drpo-s11,523,0.34375,0.515625,0.3046875,6141.47,0.00922922,0.944694
drpo-s11,524,0.41992188,0.421875,0.28710938,5758.15,0.00887348,1.22298
drpo-s11,525,0.421875,0.5625,0.26367188,5467.75,0.0120423,0.620116
drpo-s11,526,0.51757812,0.4375,0.1953125,4934.47,0.00951148,1.60359
drpo-s11,527,0.42773438,0.453125,0.265625,5479.83,0.00760164,0.778895
drpo-s11,528,0.40039062,0.421875,0.3046875,5638.66,0.00726694,1.64428
drpo-s11,529,0.47851562,0.53125,0.19921875,4827.2,0.00974734,0.746737
drpo-s11,530,0.43945312,0.515625,0.234375,5170.25,0.00766585,0.978863
drpo-s11,531,0.4375,0.578125,0.2734375,5347.58,0.00933492,0.819543
drpo-s11,532,0.50976562,0.546875,0.19921875,4817.18,0.00838611,0.96572
drpo-s11,533,0.45117188,0.53125,0.23632812,5130.64,0.00931646,0.794742
drpo-s11,534,0.5,0.390625,0.26953125,5173.85,0.00817457,0.729694
drpo-s11,535,0.50390625,0.5625,0.23046875,5155.87,0.00920496,0.871539
drpo-s11,536,0.48242188,0.5,0.2265625,4949.97,0.00862246,0.773279
drpo-s11,537,0.57421875,0.484375,0.21484375,4898.25,0.00903995,0.872097
drpo-s11,538,0.44921875,0.5625,0.19335938,5009.6,0.00863893,1.26375
drpo-s11,539,0.4375,0.484375,0.16796875,5108.51,0.00845922,0.744185
drpo-s11,540,0.43164062,0.5625,0.21484375,5202.78,0.00961128,0.727335
drpo-s11,541,0.484375,0.484375,0.15820312,4853.35,0.0111334,0.781367
drpo-s11,542,0.44726562,0.453125,0.16015625,4859.83,0.00992524,1.28172
drpo-s11,543,0.44335938,0.5,0.20117188,5100.6,0.00895702,0.794245
drpo-s11,544,0.34375,0.5,0.18945312,5141.06,0.0101424,0.877226
drpo-s11,545,0.43554688,0.515625,0.22265625,5024.89,0.0116347,0.995198
drpo-s11,546,0.48632812,0.578125,0.16210938,4577.87,0.0114824,1.23987
drpo-s11,547,0.48046875,0.546875,0.18554688,4496.54,0.0110165,1.33892
drpo-s11,548,0.47460938,0.453125,0.13867188,4512.09,0.0142813,0.937832
drpo-s11,549,0.48046875,0.46875,0.1640625,4599.24,0.00887924,1.59452
drpo-s11,550,0.49609375,0.46875,0.16601562,4697.47,0.0127906,2.1188
drpo-s11,551,0.44921875,0.5625,0.18554688,4652.77,0.0101824,2.21649
drpo-s11,552,0.38671875,0.453125,0.16210938,4550.21,0.00867923,1.50856
drpo-s11,553,0.44921875,0.59375,0.12304688,4389.91,0.0107978,1.58663
drpo-s11,554,0.52148438,0.546875,0.109375,3888.54,0.0106879,1.33336
drpo-s11,555,0.4140625,0.46875,0.15625,4536.11,0.0097273,1.88578
drpo-s11,556,0.47460938,0.5,0.13476562,4429.44,0.010482,1.28564
drpo-s11,557,0.44335938,0.46875,0.10351562,4145.22,0.0097713,1.40282
drpo-s11,558,0.421875,0.53125,0.0859375,4006.06,0.00897658,1.42111
drpo-s11,559,0.46289062,0.53125,0.15429688,4308.85,0.00827389,1.43378
drpo-s11,560,0.52148438,0.515625,0.087890625,3688.09,0.00900919,0.879762
drpo-s11,561,0.5625,0.40625,0.09765625,3929.04,0.00911587,0.817787
drpo-s11,562,0.54492188,0.515625,0.11914062,4280.5,0.00897881,1.08165
drpo-s11,563,0.42578125,0.40625,0.18945312,4828.83,0.0078722,1.24751
drpo-s11,564,0.48046875,0.46875,0.1171875,3897.5,0.00793682,1.34606
drpo-s11,565,0.40820312,0.46875,0.1328125,4372.14,0.0106892,0.92166
drpo-s11,566,0.55078125,0.421875,0.05859375,3693.33,0.0090526,1.73048
drpo-s11,567,0.51757812,0.484375,0.0703125,3624.88,0.00696832,1.55695
drpo-s11,568,0.44921875,0.46875,0.13867188,3851.58,0.00707467,0.880571
drpo-s11,569,0.5078125,0.421875,0.09375,3735.48,0.0075015,1.44202
drpo-s11,570,0.49609375,0.53125,0.052734375,3530.45,0.00673252,1.6038
drpo-s11,571,0.51367188,0.53125,0.03515625,3158.69,0.00928455,0.98635
drpo-s11,572,0.47851562,0.34375,0.0859375,3518.26,0.00773944,1.41024
drpo-s11,573,0.41796875,0.546875,0.091796875,3874.67,0.00785226,1.25182
drpo-s11,574,0.375,0.578125,0.1015625,3698.08,0.00668069,0.926802
drpo-s11,575,0.51171875,0.421875,0.041015625,3326.83,0.00799851,1.55052
drpo-s11,576,0.48632812,0.515625,0.072265625,3672.91,0.00846745,0.904809
drpo-s11,577,0.45703125,0.5625,0.095703125,4130.75,0.00699835,0.961245
drpo-s11,578,0.515625,0.375,0.076171875,3762.91,0.00745101,1.63259
drpo-s11,579,0.50585938,0.4375,0.10351562,4154.09,0.00836317,1.00827
drpo-s11,580,0.49023438,0.5,0.091796875,3872.19,0.00753316,1.45211
drpo-s11,581,0.48242188,0.421875,0.12890625,4487.13,0.0074081,0.905618
drpo-s11,582,0.45117188,0.484375,0.060546875,3859.14,0.00628092,0.962929
drpo-s11,583,0.56835938,0.53125,0.0859375,3641.5,0.00744151,1.10934
drpo-s11,584,0.45703125,0.53125,0.044921875,3385.25,0.00915334,1.96218
drpo-s11,585,0.49023438,0.453125,0.0859375,4078.93,0.0084826,0.744841
drpo-s11,586,0.453125,0.515625,0.15039062,4097.69,0.0100154,1.26557
drpo-s11,587,0.52148438,0.515625,0.08984375,3709.07,0.0083222,2.47105
drpo-s11,588,0.53125,0.390625,0.05078125,3798.97,0.0075309,0.998003
drpo-s11,589,0.56054688,0.421875,0.029296875,3358.44,0.0073704,0.684972
drpo-s11,590,0.54882812,0.484375,0.05859375,3782.87,0.00665223,1.10095
drpo-s11,591,0.42773438,0.578125,0.052734375,3725.2,0.0106736,1.91419
drpo-s11,592,0.60742188,0.625,0.044921875,3272.91,0.00642484,2.07663
drpo-s11,593,0.50585938,0.484375,0.048828125,3573.93,0.00961529,1.00829
drpo-s11,594,0.51171875,0.640625,0.080078125,3634.36,0.00779784,0.813666
drpo-s11,595,0.55859375,0.375,0.099609375,4116.81,0.00748458,0.87746
drpo-s11,596,0.50195312,0.53125,0.109375,3965.7,0.00920346,0.925626
drpo-s11,597,0.453125,0.484375,0.15625,4643.23,0.00765098,0.854351
drpo-s11,598,0.52734375,0.515625,0.11523438,4179.59,0.00743023,1.05844
drpo-s11,599,0.54492188,0.4375,0.16210938,4321.6,0.00861177,0.734414
drpo-s11,600,0.51757812,0.53125,0.15820312,4267.6,0.00712924,0.803383
drpo-s11,601,0.46875,0.578125,0.17773438,4388.8,0.00609618,1.00621
drpo-s11,602,0.51367188,0.40625,0.14648438,4150.21,0.00724037,0.861457
drpo-s11,603,0.51367188,0.453125,0.1015625,4097.38,0.00654995,1.21334
drpo-s11,604,0.45117188,0.59375,0.15625,4194.61,0.0075786,0.727338
drpo-s11,605,0.48046875,0.484375,0.21484375,4712.73,0.00667247,0.902528
drpo-s11,606,0.50390625,0.515625,0.13671875,4229.5,0.00657796,0.969563
drpo-s11,607,0.5390625,0.5,0.171875,4360.93,0.00763479,0.808915
drpo-s11,608,0.47265625,0.5,0.19335938,4441.09,0.00728209,0.848339
drpo-s11,609,0.50585938,0.515625,0.22851562,4363.04,0.00909932,0.921538
drpo-s11,610,0.58007812,0.546875,0.15039062,4121.34,0.00785475,0.808624
drpo-s11,611,0.4296875,0.59375,0.22460938,4692.54,0.00895333,0.749794
drpo-s11,612,0.5078125,0.515625,0.1640625,4463.84,0.0051033,0.912006
drpo-s11,613,0.39648438,0.5,0.28710938,5060.51,0.0109107,0.839206
drpo-s11,614,0.48046875,0.578125,0.23632812,4427.34,0.0102973,0.714849
drpo-s11,615,0.421875,0.53125,0.15234375,4354.08,0.0099264,0.810975
drpo-s11,616,0.44140625,0.59375,0.091796875,3838.25,0.00916879,0.97527
drpo-s11,617,0.52148438,0.59375,0.087890625,3802.68,0.00801765,0.69206
drpo-s11,618,0.38867188,0.5,0.11328125,3898.27,0.00903816,0.826711
drpo-s11,619,0.44921875,0.46875,0.07421875,3581.97,0.00864565,0.668541
drpo-s11,620,0.48242188,0.40625,0.12109375,3751.44,0.00726121,0.773353
drpo-s11,621,0.49609375,0.578125,0.076171875,3691.15,0.005333,0.698334
drpo-s11,622,0.51757812,0.5,0.12695312,4070.02,0.00725038,0.746664
drpo-s11,623,0.47460938,0.53125,0.08984375,3455.97,0.00847279,1.11955
drpo-s11,624,0.4765625,0.625,0.13085938,3868.76,0.00903436,0.737786
drpo-s11,625,0.59375,0.515625,0.109375,3742.83,0.00684501,0.732348
drpo-s11,626,0.5,0.53125,0.16210938,3998.51,0.00927102,0.782067
drpo-s11,627,0.60742188,0.640625,0.10742188,3570.56,0.00672356,1.16111
drpo-s11,628,0.484375,0.515625,0.11914062,3695.75,0.00671469,0.877871
drpo-s11,629,0.39453125,0.671875,0.16210938,4196.17,0.00769074,1.02785
drpo-s11,630,0.47265625,0.53125,0.10742188,4041.77,0.00866527,0.69835
drpo-s11,631,0.59179688,0.53125,0.05859375,3239.9,0.00733942,0.823764
drpo-s11,632,0.453125,0.609375,0.099609375,3886.16,0.0065755,0.998238
drpo-s11,633,0.375,0.5625,0.09375,3930.12,0.00917282,0.92166
drpo-s11,634,0.53710938,0.453125,0.05078125,3386.89,0.00613625,0.862292
drpo-s11,635,0.44335938,0.453125,0.078125,4052.96,0.00888642,0.952323
drpo-s11,636,0.53320312,0.53125,0.046875,3450.72,0.00752261,0.99576
drpo-s11,637,0.48632812,0.578125,0.076171875,3307.1,0.0074977,0.748325
drpo-s11,638,0.4296875,0.5625,0.07421875,3399.39,0.0079445,0.875472
drpo-s11,639,0.53125,0.46875,0.044921875,3405.58,0.00818152,0.842368
drpo-s11,640,0.50976562,0.59375,0.078125,3331.05,0.00681126,0.921622
drpo-s11,641,0.5078125,0.53125,0.10546875,4126.32,0.00725642,0.901741
drpo-s11,642,0.5703125,0.484375,0.060546875,3313.52,0.00747554,1.31454
drpo-s11,643,0.5390625,0.609375,0.0859375,3718.26,0.00633328,1.21554
drpo-s11,644,0.44335938,0.671875,0.10546875,3836.36,0.00717102,0.712967
drpo-s11,645,0.49609375,0.484375,0.109375,3997.86,0.00790962,0.896131
drpo-s11,646,0.45703125,0.390625,0.095703125,3897.23,0.00767405,1.24521
drpo-s11,647,0.52148438,0.46875,0.08203125,4060.43,0.00767821,1.43373
drpo-s11,648,0.55664062,0.5,0.060546875,3590.23,0.00644937,0.976141
drpo-s11,649,0.36523438,0.4375,0.140625,4385.48,0.00745313,1.09641
drpo-s11,650,0.48632812,0.46875,0.08984375,3921.33,0.00875129,0.856019
drpo-s11,651,0.56640625,0.453125,0.10742188,3778.57,0.0084015,1.17882
drpo-s11,652,0.53710938,0.5,0.13867188,3978.25,0.00632071,1.20618
drpo-s11,653,0.421875,0.46875,0.18945312,4826.45,0.00701725,0.883624
drpo-s11,654,0.46875,0.5625,0.11523438,4165.62,0.00936106,1.00827
drpo-s11,655,0.41015625,0.59375,0.080078125,3995.29,0.0103213,1.03695
drpo-s11,656,0.4609375,0.578125,0.16992188,4480.41,0.00775809,0.961277
drpo-s11,657,0.50976562,0.515625,0.095703125,4217.31,0.00894393,1.10956
drpo-s11,658,0.4296875,0.546875,0.18164062,4451.93,0.0070208,0.838783
drpo-s11,659,0.49023438,0.515625,0.18945312,4885.95,0.00699038,0.950837
drpo-s11,660,0.484375,0.546875,0.11328125,4224.48,0.00772708,0.831814
drpo-s11,661,0.41015625,0.46875,0.1875,4548.4,0.00878625,0.877308
drpo-s11,662,0.4921875,0.515625,0.1640625,4243.7,0.0091969,1.40763
drpo-s11,663,0.4765625,0.453125,0.11914062,4481.52,0.00919804,0.755135
drpo-s11,664,0.46875,0.421875,0.13085938,4682.36,0.00763279,0.913
drpo-s11,665,0.53515625,0.46875,0.13476562,4318.18,0.0066067,1.21319
drpo-s11,666,0.5703125,0.53125,0.11914062,4092.52,0.00876713,0.921661
drpo-s11,667,0.56835938,0.5,0.12304688,4342.02,0.00749154,0.886515
drpo-s11,668,0.49414062,0.515625,0.14648438,4485.47,0.00822032,1.37873
drpo-s11,669,0.47460938,0.625,0.18945312,4712.83,0.00850025,1.44201
drpo-s11,670,0.5625,0.65625,0.17773438,4226.78,0.00727266,0.879312
drpo-s11,671,0.41601562,0.546875,0.22460938,4941.09,0.00725558,1.44202
drpo-s11,672,0.42773438,0.421875,0.1875,4773.75,0.00872997,1.15285
drpo-s11,673,0.42578125,0.546875,0.22851562,4912.52,0.00839154,1.03115
drpo-s11,674,0.41992188,0.453125,0.30664062,5349.76,0.0067769,1.41187
drpo-s11,675,0.46289062,0.5625,0.24804688,5063.98,0.00770249,0.850154
drpo-s11,676,0.4921875,0.515625,0.23632812,5087.95,0.0074429,1.22885
drpo-s11,677,0.47460938,0.5625,0.25195312,5175.55,0.00867124,0.786063
drpo-s11,678,0.4296875,0.640625,0.24023438,4915.08,0.0074787,0.83169
drpo-s11,679,0.484375,0.390625,0.24023438,5318.67,0.00882692,1.0162
drpo-s11,680,0.47460938,0.5,0.16210938,4747.39,0.0102822,1.24596
drpo-s11,681,0.5390625,0.5625,0.11523438,4360.07,0.00808727,0.74545
drpo-s11,682,0.47265625,0.5625,0.091796875,4290.19,0.00828813,1.48329
drpo-s11,683,0.5,0.640625,0.08984375,4176.39,0.0104275,0.780777
drpo-s11,684,0.44921875,0.4375,0.07421875,4194.12,0.00744112,1.0361
drpo-s11,685,0.46875,0.453125,0.11328125,4365.6,0.00886811,0.939299
drpo-s11,686,0.53515625,0.625,0.052734375,3841.91,0.00824668,0.820641
drpo-s11,687,0.52734375,0.421875,0.0625,3664.23,0.00732219,0.734934
drpo-s11,688,0.51953125,0.46875,0.046875,3799.11,0.00847305,0.684643
drpo-s11,689,0.41992188,0.484375,0.080078125,4054.22,0.00859749,0.709033
drpo-s11,690,0.5078125,0.453125,0.056640625,3852.04,0.00883219,0.63802
drpo-s11,691,0.42578125,0.40625,0.056640625,3850.88,0.00573257,0.605505
drpo-s11,692,0.52929688,0.453125,0.064453125,3938.89,0.00713583,0.890622
drpo-s11,693,0.42773438,0.546875,0.0703125,4069.4,0.00931814,0.829686
drpo-s11,694,0.51367188,0.546875,0.06640625,3896.34,0.00712264,0.969562
drpo-s11,695,0.52734375,0.484375,0.0390625,3784.71,0.0085716,0.817787
drpo-s11,696,0.47265625,0.53125,0.025390625,3666.1,0.0063228,1.00762
drpo-s11,697,0.38085938,0.5625,0.052734375,4063.32,0.00740379,0.96416
drpo-s11,698,0.43945312,0.53125,0.056640625,4011.18,0.00791304,1.11374
drpo-s11,699,0.5078125,0.515625,0.0546875,3790.29,0.00719904,0.9536
drpo-s11,700,0.50976562,0.65625,0.046875,3791.46,0.00847255,0.648585
drpo-s11,701,0.43554688,0.4375,0.12109375,4550.81,0.00791627,1.12032
drpo-s11,702,0.52148438,0.453125,0.10351562,4299.5,0.00726024,0.907267
drpo-s11,703,0.4140625,0.515625,0.10742188,4888.38,0.00889699,1.40279
drpo-s11,704,0.4921875,0.65625,0.1171875,4456.02,0.00800523,1.21708
drpo-s11,705,0.46875,0.578125,0.16992188,4750.55,0.00675575,1.409
drpo-s11,706,0.4453125,0.5625,0.080078125,4574.93,0.00810232,0.846121
drpo-s11,707,0.46289062,0.640625,0.12695312,4597.68,0.00921298,1.15258
drpo-s11,708,0.40234375,0.703125,0.091796875,5027.4,0.00884033,0.834815
drpo-s11,709,0.5234375,0.5,0.10351562,4431.74,0.0097626,0.959105
drpo-s11,710,0.45898438,0.578125,0.099609375,4749.64,0.00743019,0.981301
drpo-s11,711,0.59179688,0.59375,0.0859375,4155.42,0.00743465,0.863068
drpo-s11,712,0.45507812,0.515625,0.11328125,4657.1,0.00932915,0.745129
drpo-s11,713,0.4921875,0.484375,0.07421875,4781.58,0.00836454,0.848277
drpo-s11,714,0.3984375,0.546875,0.12304688,5098.08,0.00817929,1.17214
drpo-s11,715,0.55273438,0.515625,0.1015625,4709.27,0.00779099,1.05454
drpo-s11,716,0.484375,0.65625,0.12304688,4946.34,0.00899917,1.02621
drpo-s11,717,0.49414062,0.671875,0.1484375,4933.53,0.00708466,0.734226
drpo-s11,718,0.43945312,0.640625,0.1328125,5113.44,0.00827091,0.791934
drpo-s11,719,0.51367188,0.640625,0.13476562,5087.19,0.00611534,0.990062
drpo-s11,720,0.546875,0.546875,0.11132812,4816.07,0.00695303,0.83481
drpo-s11,721,0.50195312,0.578125,0.14648438,5153.95,0.00769042,1.11056
drpo-s11,722,0.56445312,0.578125,0.12890625,4854.67,0.00689442,1.31495
drpo-s11,723,0.48046875,0.5625,0.07421875,4771.92,0.00775065,1.16111
drpo-s11,724,0.48242188,0.5,0.13671875,5173.64,0.00771289,0.936148
drpo-s11,725,0.4453125,0.734375,0.07421875,4429.79,0.00738398,1.07229
drpo-s11,726,0.4609375,0.578125,0.12890625,4700.98,0.00764604,0.625
drpo-s11,727,0.48046875,0.4375,0.091796875,5110.01,0.00670245,0.921659
drpo-s11,728,0.5703125,0.578125,0.11328125,4794.2,0.00619055,1.24899
drpo-s11,729,0.50976562,0.578125,0.12890625,4866.75,0.00802359,0.944708
drpo-s11,730,0.44140625,0.609375,0.15625,5126.28,0.0077539,0.92166
drpo-s11,731,0.53320312,0.4375,0.140625,5221.48,0.0068317,1.16875
drpo-s11,732,0.4375,0.65625,0.15625,5043.84,0.010922,0.689671
drpo-s11,733,0.46289062,0.5,0.15039062,5289.02,0.00814386,0.648769
drpo-s11,734,0.49023438,0.59375,0.18359375,5008.16,0.00823913,0.974202
drpo-s11,735,0.45507812,0.609375,0.20703125,5090.95,0.00740356,0.733769
drpo-s11,736,0.41992188,0.640625,0.1953125,5326.26,0.00778133,0.794831
drpo-s11,737,0.48828125,0.453125,0.18945312,5480.93,0.00858094,0.730109
drpo-s11,738,0.51171875,0.46875,0.21679688,5486.9,0.00835872,0.848162
drpo-s11,739,0.49414062,0.578125,0.15625,5246.1,0.00798681,0.744126
drpo-s11,740,0.4375,0.59375,0.1171875,4907.54,0.00960253,0.648761
drpo-s11,741,0.50195312,0.5,0.072265625,4298.97,0.00807299,0.722351
drpo-s11,742,0.43359375,0.578125,0.0546875,4600.92,0.00804331,0.813329
drpo-s11,743,0.45117188,0.46875,0.10742188,4717.77,0.00705369,0.685041
drpo-s11,744,0.484375,0.53125,0.09765625,4511.84,0.00975057,0.572642
drpo-s11,745,0.39648438,0.5625,0.09375,4852.84,0.00917348,0.807826
drpo-s11,746,0.4609375,0.609375,0.09375,4674.52,0.00744887,0.755099
drpo-s11,747,0.51757812,0.53125,0.11914062,4931.07,0.00998736,0.734904
drpo-s11,748,0.44140625,0.546875,0.2109375,5093.68,0.00800655,0.847402
drpo-s11,749,0.53125,0.578125,0.15820312,4688.3,0.00909729,0.873124
drpo-s11,750,0.52148438,0.546875,0.16015625,4935.4,0.00848542,1.1251
drpo-s11,751,0.45898438,0.59375,0.17578125,5144.04,0.00862941,0.750395
drpo-s11,752,0.4375,0.546875,0.25195312,5613.1,0.00945508,0.749134
drpo-s11,753,0.53710938,0.578125,0.22070312,5306.46,0.00796766,0.760363
drpo-s11,754,0.44335938,0.625,0.28125,5593.84,0.00978465,0.740447
drpo-s11,755,0.46289062,0.34375,0.24414062,5516.81,0.01026,0.833015
drpo-s11,756,0.40234375,0.59375,0.1796875,5187.89,0.00755407,0.74255
drpo-s11,757,0.5390625,0.515625,0.13085938,4582.25,0.00869393,0.990057
drpo-s11,758,0.46289062,0.609375,0.11328125,4517.56,0.00879847,1.07696
drpo-s11,759,0.44335938,0.46875,0.11914062,4642.93,0.00818983,0.783267
drpo-s11,760,0.41796875,0.59375,0.14257812,4693.37,0.00961742,1.79657
drpo-s11,761,0.40039062,0.609375,0.15429688,5218.35,0.0097319,0.852498
drpo-s11,762,0.50195312,0.46875,0.12109375,5070.81,0.0109081,0.740464
drpo-s11,763,0.359375,0.609375,0.12109375,5010.98,0.0102869,0.890183
drpo-s11,764,0.50390625,0.515625,0.083984375,4469.5,0.007517,1.3751
drpo-s11,765,0.42578125,0.671875,0.16210938,4936.54,0.011561,0.773327
drpo-s11,766,0.5078125,0.5,0.10742188,4599.38,0.00970835,0.961096
drpo-s11,767,0.53320312,0.640625,0.1328125,4654.12,0.00777576,1.75146
drpo-s11,768,0.4140625,0.53125,0.15820312,4944.51,0.0083198,0.737687
drpo-s11,769,0.42773438,0.53125,0.17773438,5352.91,0.00908192,1.36638
drpo-s11,770,0.48828125,0.515625,0.19726562,5438.84,0.00934275,1.07696
drpo-s11,771,0.48046875,0.484375,0.15234375,4978.82,0.00811291,0.941247
drpo-s11,772,0.53710938,0.546875,0.068359375,4256.68,0.011817,0.733274
drpo-s11,773,0.35546875,0.5,0.20703125,5158.46,0.00918811,1.19435
drpo-s11,774,0.55078125,0.609375,0.091796875,4354.17,0.00883456,3.84044
drpo-s11,775,0.47265625,0.609375,0.03125,4235.61,0.00856629,0.990058
drpo-s11,776,0.37695312,0.609375,0.0390625,4471.41,0.00850392,0.89573
drpo-s11,777,0.4296875,0.578125,0.1015625,4483.48,0.00719986,0.746379
drpo-s11,778,0.45898438,0.53125,0.08984375,4365.44,0.00921338,1.05833
drpo-s11,779,0.49414062,0.578125,0.0625,4173.21,0.0100075,1.06305
drpo-s11,780,0.44140625,0.578125,0.1015625,4827.91,0.00792192,0.745449
drpo-s11,781,0.43359375,0.609375,0.080078125,4354.08,0.0105643,0.967038
drpo-s11,782,0.44726562,0.53125,0.11328125,4470.66,0.00877076,1.73533
drpo-s11,783,0.49609375,0.578125,0.03515625,4103.4,0.0114845,2.27132
drpo-s11,784,0.40234375,0.640625,0.11132812,4571.12,0.00859161,1.2983
drpo-s11,785,0.38476562,0.515625,0.109375,4627.01,0.0122401,1.74107
drpo-s11,786,0.48828125,0.484375,0.07421875,4256.72,0.00735508,0.736614
drpo-s11,787,0.4140625,0.484375,0.12695312,4815.07,0.00906858,0.874009
drpo-s11,788,0.3984375,0.6875,0.15234375,4898.54,0.00942927,0.916666
drpo-s11,789,0.49023438,0.546875,0.15625,4577.37,0.00747199,2.35847
drpo-s11,790,0.44140625,0.515625,0.17578125,5080.21,0.00682594,0.99107
drpo-s11,791,0.4453125,0.609375,0.15429688,5023.33,0.00641993,1.73083
drpo-s11,792,0.56640625,0.53125,0.080078125,4432.21,0.00814922,0.624998
drpo-s11,793,0.44335938,0.609375,0.19140625,5093.6,0.0111224,0.732212
drpo-s11,794,0.40429688,0.578125,0.16601562,5083.9,0.00951667,1.13939
drpo-s11,795,0.4140625,0.484375,0.095703125,4602.93,0.00972212,0.668666
drpo-s11,796,0.46289062,0.53125,0.080078125,4323.13,0.0105732,0.762216
drpo-s11,797,0.515625,0.484375,0.09765625,4651.3,0.00733389,0.740464
drpo-s11,798,0.51953125,0.59375,0.091796875,4443.17,0.0122719,0.86042
drpo-s11,799,0.46484375,0.53125,0.091796875,4396.47,0.0131892,0.978864
drpo-s11,800,0.42382812,0.59375,0.056640625,4565.29,0.00799377,1.13477
