framework,run_id,run_name,step,step_band,e2e_s,generation_s,reward_s,advantage_s,training_s,weight_sync_s,wake_up_s,sleep_s,response_length_mean,response_length_min,response_length_max,response_length_std,trunc_ratio,phase_sum_s,unaccounted_s,output_tokens,e2e_output_tokens_per_s,generation_output_tokens_per_s
UniRL,6jlpkjdr,qwen3-drpo-unirl-tp2-flashinfer-natural500-20260930-0745-flexfix,2,0-100,58.89998867898248,31.93876976077445,0.6138147599995136,,19.874032912077382,4.836117177037522,0.013306559063494205,0.013184162089601159,922.248046875,2.0,8192.0,1476.6158447265625,0.02734375,57.28922533104196,1.6107633479405195,472191.0,8016.826668228101,14784.25761345137
UniRL,6jlpkjdr,qwen3-drpo-unirl-tp2-flashinfer-natural500-20260930-0745-flexfix,3,0-100,53.80514929513447,31.985911910189316,0.49476634594611824,,16.749712557997555,3.5684017590247095,0.011842397972941399,0.013016896089538932,932.986328125,2.0,8192.0,1207.51611328125,0.01171875,52.82365186722018,0.9814974279142916,477689.0,8878.127953511632,14934.35614220613
UniRL,6jlpkjdr,qwen3-drpo-unirl-tp2-flashinfer-natural500-20260930-0745-flexfix,4,0-100,52.654017080087215,31.782906694803387,0.5035247749183327,,16.895474930061027,2.488421034067869,0.012651673052459955,0.012270811013877392,990.119140625,2.0,8192.0,1117.5084228515625,0.009765625,51.695249917916954,0.9587671621702611,506941.0,9627.774443665681,15950.11447089849
UniRL,6jlpkjdr,qwen3-drpo-unirl-tp2-flashinfer-natural500-20260930-0745-flexfix,5,0-100,52.09169976389967,32.654301424045116,0.4986398902256042,,15.522979970090091,2.4822204150259495,0.011843519052490592,0.012752400944009423,941.232421875,2.0,8192.0,1041.919189453125,0.001953125,51.18273761938326,0.9089621445164084,481911.0,9251.205128345064,14757.963851131204
UniRL,6jlpkjdr,qwen3-drpo-unirl-tp2-flashinfer-natural500-20260930-0745-flexfix,6,0-100,52.18978020804934,31.806685901014134,0.6351642338559031,,16.026314868126065,2.7453637248836458,0.012184261810034513,0.012658022111281753,893.958984375,2.0,8192.0,964.5709228515625,0.00390625,51.238371011801064,0.951409196248278,457707.0,8770.050346550546,14390.27635335646
UniRL,6jlpkjdr,qwen3-drpo-unirl-tp2-flashinfer-natural500-20260930-0745-flexfix,7,0-100,50.637523877900094,29.306752901058644,0.5389382429420948,,17.140509335091338,2.7699071757961065,0.011982285883277655,0.014880529139190912,921.0859375,2.0,8192.0,922.075927734375,0.001953125,49.78297046991065,0.8545534079894423,471596.0,9313.17260174762,16091.717891509044
UniRL,6jlpkjdr,qwen3-drpo-unirl-tp2-flashinfer-natural500-20260930-0745-flexfix,8,0-100,62.34188287798315,30.715180690865964,10.445764044066891,,17.439035863848403,2.8498378139920533,0.011777660110965371,0.013943717116490006,1062.1484375,5.0,8192.0,1148.820556640625,0.0078125,61.47553979000077,0.8663430879823864,543820.0,8723.188567537749,17705.251532566122
UniRL,6jlpkjdr,qwen3-drpo-unirl-tp2-flashinfer-natural500-20260930-0745-flexfix,9,0-100,57.46222955104895,32.673060588072985,0.6384059099946171,,20.501675901003182,2.5192600910086185,0.012299348833039403,0.01316047296859324,1173.240234375,8.0,8192.0,1322.246826171875,0.015625,56.357862311881036,1.1043672391679138,600699.0,10453.80599905794,18385.14633120351
UniRL,6jlpkjdr,qwen3-drpo-unirl-tp2-flashinfer-natural500-20260930-0745-flexfix,10,0-100,57.534163976088166,31.677653970895335,0.5004607138689607,,21.571773438947275,2.8283871219027787,0.01264206413179636,0.012835389003157616,1128.697265625,6.0,8192.0,1182.2940673828125,0.009765625,56.603752698749304,0.9304112773388624,577893.0,10044.345134487028,18242.922930181452
UniRL,6jlpkjdr,qwen3-drpo-unirl-tp2-flashinfer-natural500-20260930-0745-flexfix,11,0-100,57.32709966204129,33.16498155100271,0.5561641070526093,,20.030678711133078,2.6443006889894605,0.012768500251695514,0.01312646409496665,1132.46875,68.0,8192.0,1157.1163330078125,0.013671875,56.42202002252452,0.9050796395167708,579824.0,10114.30899902871,17483.018921880557
UniRL,6jlpkjdr,qwen3-drpo-unirl-tp2-flashinfer-natural500-20260930-0745-flexfix,12,0-100,59.526502049993724,35.70882391999476,0.4940072500612587,,19.959255575900897,2.4537426410242915,0.012367228046059608,0.013448156882077456,1236.169921875,114.0,8192.0,1293.55810546875,0.01171875,58.64164477190934,0.8848572780843824,632919.0,10632.558242183268,17724.442603263786
UniRL,6jlpkjdr,qwen3-drpo-unirl-tp2-flashinfer-natural500-20260930-0745-flexfix,13,0-100,57.1384901269339,33.57286307984032,0.4640217279084027,,19.554665665142238,2.7030766408424824,0.012229502201080322,0.012376268859952688,1204.62890625,4.0,8192.0,1334.5802001953125,0.013671875,56.319232884794474,0.8192572421394289,616770.0,10794.299930394334,18371.08734316899
UniRL,6jlpkjdr,qwen3-drpo-unirl-tp2-flashinfer-natural500-20260930-0745-flexfix,14,0-100,65.65434811799787,35.78746227896772,0.741899763001129,,25.46120454906486,2.771056602941826,0.012598274042829871,0.013193253194913268,1482.900390625,5.0,8192.0,1626.989013671875,0.02734375,64.78741472121328,0.8669333967845887,759245.0,11564.27596593359,21215.39085620519
UniRL,6jlpkjdr,qwen3-drpo-unirl-tp2-flashinfer-natural500-20260930-0745-flexfix,15,0-100,57.51066037802957,32.90560171590187,0.6367453921120614,,20.425092902965844,2.592911754967645,0.013159583788365126,0.013035896001383662,1290.29296875,69.0,8192.0,1357.9827880859375,0.01171875,56.586547245737165,0.9241131322924048,660630.0,11487.087709609683,20076.520882483845
UniRL,6jlpkjdr,qwen3-drpo-unirl-tp2-flashinfer-natural500-20260930-0745-flexfix,16,0-100,65.46741585200652,38.12753471080214,0.7677537698764354,,22.95302149397321,2.4659958868287504,0.012779111042618752,0.013087694998830557,1522.177734375,267.0,8192.0,1590.836181640625,0.029296875,64.34017266752198,1.1272431844845414,779355.0,11904.471710962047,20440.739374087996
UniRL,6jlpkjdr,qwen3-drpo-unirl-tp2-flashinfer-natural500-20260930-0745-flexfix,17,0-100,67.53359283017926,37.54000623920001,0.529276347020641,,25.652922553010285,2.737743800971657,0.012775381095707417,0.019036909099668264,1547.849609375,4.0,8192.0,1623.5799560546875,0.0234375,66.49176123039797,1.0418315997812897,792499.0,11734.885807020915,21110.784983633195
UniRL,6jlpkjdr,qwen3-drpo-unirl-tp2-flashinfer-natural500-20260930-0745-flexfix,18,0-100,64.59301800117828,36.08215071703307,0.46322403312660754,,24.788344691041857,2.431033957982436,0.013354480033740401,0.01342599792405963,1549.392578125,61.0,8192.0,1580.4581298828125,0.017578125,63.791533877141774,0.8014841240365058,793289.0,12281.342853271373,21985.63511973573
UniRL,6jlpkjdr,qwen3-drpo-unirl-tp2-flashinfer-natural500-20260930-0745-flexfix,19,0-100,72.32785624777898,40.977504446171224,0.9222419690340757,,26.380857818061486,3.1815959729719907,0.012254641856998205,0.013092485023662448,1633.59765625,236.0,8192.0,1792.124755859375,0.03125,71.48754733311944,0.8403089146595448,836402.0,11564.036920086151,20411.247861584947
UniRL,6jlpkjdr,qwen3-drpo-unirl-tp2-flashinfer-natural500-20260930-0745-flexfix,20,0-100,67.61014857888222,38.1726548129227,0.4493140149861574,,25.379358453908935,2.591378452954814,0.012488388223573565,0.011687222868204117,1578.619140625,128.0,8192.0,1518.0167236328125,0.01953125,66.61688134586439,0.993267233017832,808253.0,11954.610616732987,21173.612471050343
UniRL,6jlpkjdr,qwen3-drpo-unirl-tp2-flashinfer-natural500-20260930-0745-flexfix,21,0-100,72.87334768706933,38.7406653619837,0.9946781781036407,,29.234071980929002,2.8730841749347746,0.01186412782408297,0.012222402030602098,2006.98046875,213.0,8192.0,2035.824462890625,0.048828125,71.8665862258058,1.0067614612635225,1027574.0,14100.820569031346,26524.42828223494
UniRL,6jlpkjdr,qwen3-drpo-unirl-tp2-flashinfer-natural500-20260930-0745-flexfix,22,0-100,73.83457449800335,38.2114397760015,0.4848066328559071,,31.537884578108788,2.6182033009827137,0.012559885391965508,0.013029105961322784,1982.03515625,148.0,8192.0,1884.5467529296875,0.037109375,72.8779232793022,0.956651218701154,1014802.0,13744.265567988647,26557.544179147662
UniRL,6jlpkjdr,qwen3-drpo-unirl-tp2-flashinfer-natural500-20260930-0745-flexfix,23,0-100,90.84580388502218,52.92344925599173,0.6880758320912719,,33.79946724814363,2.5539406130556017,0.012077364837750793,0.01288267900235951,2218.9296875,206.0,8192.0,2113.113525390625,0.052734375,89.98989299312234,0.855910891899839,1136092.0,12505.717946399376,21466.703625168146
UniRL,6jlpkjdr,qwen3-drpo-unirl-tp2-flashinfer-natural500-20260930-0745-flexfix,24,0-100,94.7056561911013,48.09982698992826,0.9752629059366882,,41.876810071989894,2.782192355953157,0.01279488974250853,0.012806219980120659,2674.814453125,194.0,8192.0,2458.723388671875,0.08984375,93.75969343353063,0.945962757570669,1369505.0,14460.646333905883,28472.13983299283
UniRL,6jlpkjdr,qwen3-drpo-unirl-tp2-flashinfer-natural500-20260930-0745-flexfix,25,0-100,110.75849210214801,56.95366943208501,0.6561522139236331,,49.43496799096465,2.839693375164643,0.012286260025575757,0.012665212852880359,3391.123046875,377.0,8192.0,2561.188232421875,0.123046875,109.90943448501639,0.8490576171316206,1736255.0,15676.044040024699,30485.393080254737
UniRL,6jlpkjdr,qwen3-drpo-unirl-tp2-flashinfer-natural500-20260930-0745-flexfix,26,0-100,119.05479414318688,57.73948911903426,8.212377082090825,,49.49237734777853,2.749747958034277,0.012913597980514169,0.013193723047152162,3518.94140625,160.0,8192.0,2436.083984375,0.1171875,118.22009882796556,0.8346953152213246,1801698.0,15133.35110078056,31203.913084261367
UniRL,6jlpkjdr,qwen3-drpo-unirl-tp2-flashinfer-natural500-20260930-0745-flexfix,27,0-100,109.92666011000983,58.710253591882065,0.6176730110310018,,47.12261928105727,2.607407432049513,0.012611564015969634,0.01335567981004715,3410.05859375,264.0,8192.0,2348.637939453125,0.11328125,109.08392055984586,0.8427395501639694,1745950.0,15882.862248818703,29738.416940536168
UniRL,6jlpkjdr,qwen3-drpo-unirl-tp2-flashinfer-natural500-20260930-0745-flexfix,28,0-100,122.40382409188896,62.57485863985494,0.8199797330889851,,55.184378722915426,2.8751244919840246,0.012597123859450221,0.013018495868891478,3917.26171875,482.0,8192.0,2598.415283203125,0.158203125,121.47995720757172,0.9238668843172491,2005638.0,16385.419449758047,32051.81831162103
UniRL,6jlpkjdr,qwen3-drpo-unirl-tp2-flashinfer-natural500-20260930-0745-flexfix,29,0-100,124.09072281699628,61.91464758710936,1.1597023231443018,,57.544131964910775,2.5757343880832195,0.012039985740557313,0.013059675926342607,3962.00390625,434.0,8192.0,2461.715576171875,0.13671875,123.21931592491455,0.8714068920817226,2028546.0,16347.28168189989,32763.587923939725
UniRL,6jlpkjdr,qwen3-drpo-unirl-tp2-flashinfer-natural500-20260930-0745-flexfix,30,0-100,124.99368157610297,65.47893633786589,0.692670991178602,,55.329130398109555,2.5801608918700367,0.012821201235055923,0.013275131117552519,3948.365234375,507.0,8192.0,2496.575439453125,0.142578125,124.10699495137669,0.8866866247262806,2021563.0,16173.32151920945,30873.4856285524
UniRL,6jlpkjdr,qwen3-drpo-unirl-tp2-flashinfer-natural500-20260930-0745-flexfix,31,0-100,135.37453140993603,70.31402493990026,0.7487889889162034,,60.635343790985644,2.7209202819503844,0.012372239027172327,0.017876261845231056,4253.21875,88.0,8192.0,2543.52197265625,0.185546875,134.4493265026249,0.9252049073111266,2177648.0,16086.098155388836,30970.322092375
UniRL,6jlpkjdr,qwen3-drpo-unirl-tp2-flashinfer-natural500-20260930-0745-flexfix,32,0-100,136.38074798020534,69.34872743394226,0.6783244397956878,,62.80970789003186,2.5808706181123853,0.012001594994217157,0.013074945891276002,4511.515625,612.0,8192.0,2600.704833984375,0.20703125,135.44270692276768,0.9380410574376583,2309896.0,16937.111976649845,33308.412215642726
UniRL,6jlpkjdr,qwen3-drpo-unirl-tp2-flashinfer-natural500-20260930-0745-flexfix,33,0-100,134.4694472120609,67.39856581296772,0.9354621770326048,,61.37004568404518,2.988855198957026,0.012963287066668272,0.48007376794703305,4357.1640625,274.0,8192.0,2593.68115234375,0.193359375,133.18596592801623,1.283481284044683,2230868.0,16590.14777149993,33099.63606927038
UniRL,6jlpkjdr,qwen3-drpo-unirl-tp2-flashinfer-natural500-20260930-0745-flexfix,34,0-100,125.40851707290858,63.15849746298045,0.9944604078773409,,57.78074521990493,2.5929124939721078,0.011988535989075899,0.013400818919762969,4045.6484375,172.0,8192.0,2659.312255859375,0.197265625,124.55200493964367,0.8565121332649142,2071372.0,16516.99620047153,32796.41035181542
UniRL,6jlpkjdr,qwen3-drpo-unirl-tp2-flashinfer-natural500-20260930-0745-flexfix,35,0-100,132.4841308258474,65.86317061888985,0.7882231359835714,,61.94670407101512,2.7624784640502185,0.012603154871612787,0.018398011103272438,4319.54296875,320.0,8192.0,2602.63037109375,0.212890625,131.39157745591365,1.0925533699337393,2211606.0,16693.365357902323,33578.796453593466
UniRL,6jlpkjdr,qwen3-drpo-unirl-tp2-flashinfer-natural500-20260930-0745-flexfix,36,0-100,142.2354495660402,72.8019969209563,1.3188811119180173,,64.39159252215177,2.8300399698782712,0.012333370046690106,0.017940758960321546,4769.9140625,701.0,8192.0,2602.25244140625,0.25390625,141.37278465391137,0.862664912128821,2442196.0,17170.093724533024,33545.72818451091
UniRL,6jlpkjdr,qwen3-drpo-unirl-tp2-flashinfer-natural500-20260930-0745-flexfix,37,0-100,139.95161753799766,73.0624413441401,0.8754179729148746,,62.24348918301985,2.732247279956937,0.012422508094459772,0.013706783065572381,4478.541015625,169.0,8192.0,2636.88818359375,0.2109375,138.9397250711918,1.0118924668058753,2293013.0,16384.326528969443,31384.292090643492
UniRL,6jlpkjdr,qwen3-drpo-unirl-tp2-flashinfer-natural500-20260930-0745-flexfix,38,0-100,145.81460776692256,76.30406289594248,0.9911833030637354,,64.49912476306781,2.995503647951409,0.012645193841308355,0.014076645020395517,4749.869140625,695.0,8192.0,2700.11962890625,0.275390625,144.81659644888714,0.9980113180354238,2431933.0,16678.253552533806,31871.605622317653
UniRL,6jlpkjdr,qwen3-drpo-unirl-tp2-flashinfer-natural500-20260930-0745-flexfix,39,0-100,151.1221624929458,73.70530544011854,10.464871134841815,,63.415130933048204,2.594869113061577,0.011818739119917154,0.013501866022124887,4494.775390625,672.0,8192.0,2625.863525390625,0.2265625,150.20549722621217,0.9166652667336166,2301325.0,15228.242913129458,31223.328989114612
UniRL,6jlpkjdr,qwen3-drpo-unirl-tp2-flashinfer-natural500-20260930-0745-flexfix,40,0-100,148.93481740099378,69.27583522512577,10.57184049510397,,64.1115708919242,4.092497064964846,0.011817628983408213,0.012431286973878741,4623.43359375,275.0,8192.0,2676.45263671875,0.25390625,148.07599259307608,0.8588248079176992,2367198.0,15894.188083814743,34170.61652605578
UniRL,6jlpkjdr,qwen3-drpo-unirl-tp2-flashinfer-natural500-20260930-0745-flexfix,41,0-100,154.25009524519555,79.38166073081084,0.8433601299766451,,70.45581176993437,2.6757718129083514,0.01206307508982718,0.01304657501168549,5067.14453125,379.0,8192.0,2603.9208984375,0.296875,153.38171409373172,0.8683811514638364,2594378.0,16819.295935448103,32682.334636431082
UniRL,6jlpkjdr,qwen3-drpo-unirl-tp2-flashinfer-natural500-20260930-0745-flexfix,42,0-100,132.93130222591572,69.19073688308708,0.8148923821281642,,58.740341536933556,3.184268793091178,0.01303273718804121,0.013919488061219454,4229.98046875,598.0,8192.0,2596.147705078125,0.185546875,131.95719182048924,0.9741104054264724,2165750.0,16292.249934626569,31301.155292788822
UniRL,6jlpkjdr,qwen3-drpo-unirl-tp2-flashinfer-natural500-20260930-0745-flexfix,43,0-100,141.16224217694253,72.0460235401988,0.8954069288447499,,64.49357580114156,2.8100276819895953,0.01327088032849133,0.013996627181768417,4518.392578125,549.0,8192.0,2612.659912109375,0.224609375,140.27230145968497,0.8899407172575593,2313417.0,16388.355443520108,32110.26627596186
UniRL,6jlpkjdr,qwen3-drpo-unirl-tp2-flashinfer-natural500-20260930-0745-flexfix,44,0-100,142.31930154911242,70.56596995517612,0.6601720619946718,,67.3954483398702,2.6793225940782577,0.013361278921365738,0.017914000200107694,4772.400390625,442.0,8192.0,2757.195068359375,0.271484375,141.33218823024072,0.9871133188717067,2443469.0,17168.92208859522,34626.732992575664
UniRL,6jlpkjdr,qwen3-drpo-unirl-tp2-flashinfer-natural500-20260930-0745-flexfix,45,0-100,138.13104573381133,70.24456641892903,0.701244720024988,,62.23689442803152,4.035125436028466,0.012995915720239282,0.013926707906648517,4286.818359375,648.0,8192.0,2661.338623046875,0.203125,137.2447536266409,0.8862921071704477,2194851.0,15889.628492566682,31245.847357220595
UniRL,6jlpkjdr,qwen3-drpo-unirl-tp2-flashinfer-natural500-20260930-0745-flexfix,46,0-100,147.17340112593956,77.63550919108093,0.8423236659727991,,65.08123356895521,2.70083214296028,0.012759400764480233,0.016736283199861646,4649.5546875,711.0,8192.0,2612.83984375,0.23828125,146.28939425293356,0.8840068730060011,2380572.0,16175.286986558742,30663.44286015824
UniRL,6jlpkjdr,qwen3-drpo-unirl-tp2-flashinfer-natural500-20260930-0745-flexfix,47,0-100,153.7786029279232,77.7833408957813,0.7881428939290345,,71.33234069286846,2.8546503609977663,0.013588745146989822,0.07387105794623494,4967.65234375,614.0,8192.0,2632.1865234375,0.25,152.84593464666978,0.9326682812534273,2543438.0,16539.60922763827,32699.006891563688
UniRL,6jlpkjdr,qwen3-drpo-unirl-tp2-flashinfer-natural500-20260930-0745-flexfix,48,0-100,131.01180946617387,68.22924433206208,0.6988157071173191,,58.487792327068746,2.6895271849352866,0.01319504203274846,0.030907606007531285,4062.439453125,303.0,8192.0,2511.571533203125,0.177734375,130.1494821992237,0.8623272669501603,2079969.0,15876.194737521202,30485.007130917133
UniRL,6jlpkjdr,qwen3-drpo-unirl-tp2-flashinfer-natural500-20260930-0745-flexfix,49,0-100,136.90091022313572,74.26081860298291,0.6643119719810784,,58.505215311888605,2.5836162220221013,0.013042495120316744,0.034318119985982776,4053.462890625,614.0,8192.0,2533.3203125,0.146484375,136.061322723981,0.8395874991547316,2075373.0,15159.67276344135,27947.079483401176
UniRL,6jlpkjdr,qwen3-drpo-unirl-tp2-flashinfer-natural500-20260930-0745-flexfix,50,0-100,129.82404672005214,63.73996732314117,0.607892215019092,,61.67827799310908,2.882284806109965,0.014381808694452047,0.02354696113616228,4371.923828125,588.0,8192.0,2436.37451171875,0.158203125,128.94635110720992,0.8776956128422171,2238425.0,17241.990652370114,35118.075738129955
UniRL,6jlpkjdr,qwen3-drpo-unirl-tp2-flashinfer-natural500-20260930-0745-flexfix,51,0-100,136.5325685250573,70.09664052003063,1.1091894081328064,,61.43184482003562,2.955909810960293,0.01321033202111721,0.020275295013561845,4450.69140625,199.0,8192.0,2576.74462890625,0.181640625,135.62707018619403,0.9054983388632536,2278754.0,16690.18626557069,32508.74768169281
UniRL,6jlpkjdr,qwen3-drpo-unirl-tp2-flashinfer-natural500-20260930-0745-flexfix,52,0-100,134.446786174085,68.02863614307716,0.6159541460219771,,62.36280341306701,2.5751291369087994,0.013508935924619436,0.020974091021344066,4519.73046875,606.0,8192.0,2524.74365234375,0.205078125,133.61700586602092,0.8297803080640733,2314102.0,17212.02912952969,34016.58670817688
UniRL,6jlpkjdr,qwen3-drpo-unirl-tp2-flashinfer-natural500-20260930-0745-flexfix,53,0-100,131.90731285209768,66.15862430399284,0.6457968449685723,,61.48499438399449,2.700256286887452,0.014212582958862185,0.023589310003444552,4295.599609375,661.0,8192.0,2522.276611328125,0.173828125,131.02747371280566,0.8798391392920166,2199347.0,16673.427366881762,33243.541913661946
UniRL,6jlpkjdr,qwen3-drpo-unirl-tp2-flashinfer-natural500-20260930-0745-flexfix,54,0-100,121.43814864312299,60.77432051394135,0.6853348640725017,,56.566430610837415,2.520114049781114,0.013207652140408754,0.017183905001729727,4080.28125,608.0,8192.0,2469.818115234375,0.15234375,120.57659159577452,0.8615570473484695,2089104.0,17203.029059174525,34374.78168959157
UniRL,6jlpkjdr,qwen3-drpo-unirl-tp2-flashinfer-natural500-20260930-0745-flexfix,55,0-100,134.69358647009358,67.4824851329904,0.7802386730909348,,62.96459801704623,2.5615812910255045,0.013044066028669477,0.018325722077861428,4384.376953125,418.0,8192.0,2505.2861328125,0.19140625,133.8202729022596,0.873313567833975,2244801.0,16665.98283429345,33264.94268218015
UniRL,6jlpkjdr,qwen3-drpo-unirl-tp2-flashinfer-natural500-20260930-0745-flexfix,56,0-100,135.4212257990148,70.554234566167,0.7038849929813296,,59.269710689084604,3.5066129099577665,0.013051294954493642,0.031485655810683966,4328.8828125,223.0,8192.0,2548.556640625,0.1875,134.07898010895588,1.3422456900589168,2216388.0,16366.62190083443,31413.96138202637
UniRL,6jlpkjdr,qwen3-drpo-unirl-tp2-flashinfer-natural500-20260930-0745-flexfix,57,0-100,139.1989490191918,69.92321101715788,0.7630848940461874,,64.85887673893012,2.7051699811127037,0.013271250994876027,0.021845953073352575,4529.212890625,601.0,8192.0,2536.03173828125,0.20703125,138.28545983531512,0.9134891838766634,2318957.0,16659.29963077723,33164.33793967171
UniRL,6jlpkjdr,qwen3-drpo-unirl-tp2-flashinfer-natural500-20260930-0745-flexfix,58,0-100,143.15774782304652,74.21373396087438,0.7453681910410523,,64.65094915404916,2.6439914009533823,0.013105782913044095,0.02700644196011126,4757.8359375,606.0,8192.0,2347.074951171875,0.17578125,142.29415493179113,0.8635928912553936,2436012.0,17016.277756835694,32824.274834146876
UniRL,6jlpkjdr,qwen3-drpo-unirl-tp2-flashinfer-natural500-20260930-0745-flexfix,59,0-100,133.55126396100968,67.13296915008686,0.6955710148904473,,62.19065652298741,2.589226422132924,0.013204982038587332,0.018711545038968325,4519.47265625,633.0,8192.0,2458.75830078125,0.16796875,132.6403396371752,0.9109243238344789,2313970.0,17326.455260472594,34468.45907897708
UniRL,6jlpkjdr,qwen3-drpo-unirl-tp2-flashinfer-natural500-20260930-0745-flexfix,60,0-100,143.68583774310537,74.5092148061376,0.5835884539410472,,65.05882464209571,2.693638470955193,0.012964176014065742,0.0291460701264441,4764.34765625,898.0,8192.0,2332.46728515625,0.16796875,142.88737661927007,0.7984611238352954,2439346.0,16976.941070290344,32738.849903959286
UniRL,6jlpkjdr,qwen3-drpo-unirl-tp2-flashinfer-natural500-20260930-0745-flexfix,61,0-100,131.83511582296342,65.16679115104489,0.6412200259510428,,62.526963748037815,2.5428266578819603,0.014210213208571076,0.022427290910854936,4241.244140625,442.0,8192.0,2384.59228515625,0.140625,130.91443908703513,0.9206767359282821,2171517.0,16471.461237353873,33322.44785487158
UniRL,6jlpkjdr,qwen3-drpo-unirl-tp2-flashinfer-natural500-20260930-0745-flexfix,62,0-100,145.23993239505216,66.75632372195832,10.737980916863307,,64.05025067389943,2.739882916910574,0.013700751820579171,0.021320052910596132,4480.599609375,761.0,8192.0,2277.466064453125,0.134765625,144.3194590343628,0.9204733606893569,2294067.0,15795.01561430189,34364.78931276748
UniRL,6jlpkjdr,qwen3-drpo-unirl-tp2-flashinfer-natural500-20260930-0745-flexfix,63,0-100,123.4127449260559,63.57502405298874,0.8467869581654668,,55.0513155371882,3.049593592993915,0.01341148791834712,0.0234971409663558,3974.6953125,435.0,8192.0,2196.915283203125,0.072265625,122.55962877022102,0.8531161558348686,2035044.0,16489.739379991257,32010.11765727095
UniRL,6jlpkjdr,qwen3-drpo-unirl-tp2-flashinfer-natural500-20260930-0745-flexfix,64,0-100,134.71570276888087,66.64100726507604,0.6056267418898642,,63.94137172307819,2.667183217126876,0.014108484843745828,0.018261443125084043,4491.779296875,615.0,8192.0,2294.287841796875,0.140625,133.8875588751398,0.8281438937410712,2299791.0,17071.43972626217,34510.14764606103
UniRL,6jlpkjdr,qwen3-drpo-unirl-tp2-flashinfer-natural500-20260930-0745-flexfix,65,0-100,127.71397205605172,68.61875798087567,0.6197157669812441,,54.74357440206222,2.747848284896463,0.013543984852731228,0.029752809088677168,3877.640625,626.0,8192.0,2167.564697265625,0.08203125,126.77319322875701,0.9407788272947073,1985352.0,15545.299923243005,28933.079793623278
UniRL,6jlpkjdr,qwen3-drpo-unirl-tp2-flashinfer-natural500-20260930-0745-flexfix,66,0-100,116.29837684100494,57.854164422955364,0.532313124043867,,54.37172891385853,2.638913862174377,0.012895066756755114,0.014838509960100055,4031.98828125,812.0,8192.0,2198.6533203125,0.103515625,115.424853899749,0.873522941255942,2064378.0,17750.703458417775,35682.444307862075
UniRL,6jlpkjdr,qwen3-drpo-unirl-tp2-flashinfer-natural500-20260930-0745-flexfix,67,0-100,120.17277971492149,60.66939337202348,0.5776545291300863,,55.25722185103223,2.75540310703218,0.013328650034964085,0.017746074125170708,4039.1875,741.0,8192.0,2094.822265625,0.06640625,119.2907475833781,0.882032131543383,2068064.0,17209.088488307763,34087.434949591036
UniRL,6jlpkjdr,qwen3-drpo-unirl-tp2-flashinfer-natural500-20260930-0745-flexfix,68,0-100,121.07414195104502,62.903265584027395,0.5743897221982479,,53.90853574988432,2.695301319938153,0.012979906983673573,0.02095461101271212,3854.841796875,615.0,8192.0,2286.5439453125,0.10546875,120.1154268940445,0.9587150570005178,1973679.0,16301.40811403012,31376.415543379408
UniRL,6jlpkjdr,qwen3-drpo-unirl-tp2-flashinfer-natural500-20260930-0745-flexfix,69,0-100,138.22921850299463,70.47585298120975,0.8298942930996418,,63.513595804106444,2.5484813679941,0.012783309910446405,0.022960622096434236,4493.55078125,767.0,8192.0,2317.21240234375,0.119140625,137.40356837841682,0.8256501245778054,2300698.0,16644.078762191348,32645.195519852896
UniRL,6jlpkjdr,qwen3-drpo-unirl-tp2-flashinfer-natural500-20260930-0745-flexfix,70,0-100,139.99754687817767,69.61719209095463,0.581535842968151,,65.9162224510219,2.9106214449275285,0.013674403075128794,0.02738081500865519,4687.142578125,656.0,8192.0,2295.768310546875,0.169921875,139.066627047956,0.9309198302216828,2399817.0,17141.85036462289,34471.61438031926
UniRL,6jlpkjdr,qwen3-drpo-unirl-tp2-flashinfer-natural500-20260930-0745-flexfix,71,0-100,136.7055540299043,67.76107791089453,0.8269554188009351,,64.43302604695782,2.8412869500461966,0.012934685917571187,0.019715555012226105,4423.388671875,203.0,8192.0,2296.6953125,0.146484375,135.89499656762928,0.8105574622750282,2264775.0,16566.81044213157,33422.94824439138
UniRL,6jlpkjdr,qwen3-drpo-unirl-tp2-flashinfer-natural500-20260930-0745-flexfix,72,0-100,131.61698069004342,62.008216234855354,0.6874255139846355,,65.10775446984917,2.8002703909296542,0.013195411069318652,0.015668933978304267,4492.3125,709.0,8192.0,2318.45361328125,0.115234375,130.63253095466644,0.9844497353769839,2300064.0,17475.435068797287,37092.8909047881
UniRL,6jlpkjdr,qwen3-drpo-unirl-tp2-flashinfer-natural500-20260930-0745-flexfix,73,0-100,142.89414310711436,75.44185421685688,0.5474290400743484,,63.524186776950955,2.5417296211235225,0.012973875738680363,0.03574663097970188,4532.435546875,401.0,8192.0,2430.444580078125,0.15625,142.1039201617241,0.7902229453902692,2320607.0,16240.042800497837,30760.206308416513
UniRL,6jlpkjdr,qwen3-drpo-unirl-tp2-flashinfer-natural500-20260930-0745-flexfix,74,0-100,134.05257721198723,65.05170611012727,0.9622952009085566,,63.54170461487956,3.4688847279176116,0.01340761804021895,0.018782833125442266,4494.36328125,995.0,8192.0,2293.365478515625,0.138671875,133.05678110499866,0.9957961069885641,2301114.0,17165.757256282202,35373.614891889236
UniRL,6jlpkjdr,qwen3-drpo-unirl-tp2-flashinfer-natural500-20260930-0745-flexfix,75,0-100,132.51857693493366,64.40019363397732,0.7625813349150121,,63.568089039064944,2.8551380538847297,0.012862377800047398,0.018539567943662405,4447.70703125,529.0,8192.0,2528.193603515625,0.17578125,131.61740400758572,0.9011729273479432,2277226.0,17184.202039221364,35360.5458539886
UniRL,6jlpkjdr,qwen3-drpo-unirl-tp2-flashinfer-natural500-20260930-0745-flexfix,76,0-100,143.7133499039337,77.35241750418209,0.5414258770179003,,62.381509540835395,2.5285567468963563,0.013186872005462646,0.0353851281106472,4408.353515625,654.0,8192.0,2344.569580078125,0.125,142.85248166904785,0.8608682348858565,2257077.0,15705.409424446376,29179.139745412227
UniRL,6jlpkjdr,qwen3-drpo-unirl-tp2-flashinfer-natural500-20260930-0745-flexfix,77,0-100,133.59245247603394,66.50647571589798,0.62252525286749,,62.541245830012485,2.736669298959896,0.014107243856415153,0.03033170709386468,4447.833984375,1050.0,8192.0,2131.50244140625,0.12109375,132.45135504868813,1.1410974273458123,2277291.0,17046.5543359086,34241.64302026948
UniRL,6jlpkjdr,qwen3-drpo-unirl-tp2-flashinfer-natural500-20260930-0745-flexfix,78,0-100,130.65109412698075,63.06650177296251,5.105147224850953,,58.80746498005465,2.8387173239607364,0.013395157875493169,0.019683674909174442,4100.29296875,726.0,8192.0,2187.564453125,0.099609375,129.8509101346135,0.8001839923672378,2099350.0,16068.369071288653,33287.87773194708
UniRL,6jlpkjdr,qwen3-drpo-unirl-tp2-flashinfer-natural500-20260930-0745-flexfix,79,0-100,125.09895186801441,64.92990925093181,0.7445626771077514,,55.8477042701561,2.6604481898248196,0.01345978700555861,0.02135483198799193,3937.064453125,169.0,8192.0,2293.303466796875,0.107421875,124.21743900701404,0.881512861000374,2015777.0,16113.460343990288,31045.430730693213
UniRL,6jlpkjdr,qwen3-drpo-unirl-tp2-flashinfer-natural500-20260930-0745-flexfix,80,0-100,151.5189380410593,75.15841892617755,10.785510937916115,,61.9152959480416,2.7399358560796827,0.012820008909329772,0.03252133494243026,4400.302734375,451.0,8192.0,2406.41943359375,0.12109375,150.6445030120667,0.8744350289925933,2252955.0,14869.13140448149,29976.082948377454
UniRL,6jlpkjdr,qwen3-drpo-unirl-tp2-flashinfer-natural500-20260930-0745-flexfix,81,0-100,136.64230618509464,70.26557073299773,0.768560976954177,,62.06152235693298,2.57927471306175,0.012720401864498854,0.022267655935138464,4406.966796875,922.0,8192.0,2189.7763671875,0.115234375,135.70991683774628,0.9323893473483622,2256367.0,16512.945829116365,32111.985663277013
UniRL,6jlpkjdr,qwen3-drpo-unirl-tp2-flashinfer-natural500-20260930-0745-flexfix,82,0-100,132.9767387630418,60.08749945089221,8.515660336008295,,60.87634453503415,2.50094131892547,0.013211154146119952,0.013291801093146205,4415.64453125,585.0,8192.0,2309.16015625,0.123046875,132.0069485960994,0.9697901669424027,2260810.0,17001.544939590192,37625.296786525374
UniRL,6jlpkjdr,qwen3-drpo-unirl-tp2-flashinfer-natural500-20260930-0745-flexfix,83,0-100,121.18692098208703,58.621239196974784,0.6340237790718675,,58.18199365399778,2.9178768969140947,0.013117784168571234,0.031164213083684444,4055.39453125,561.0,8192.0,2143.9375,0.08984375,120.39941552421078,0.7875054578762501,2076362.0,17133.548597269113,35419.96089545567
UniRL,6jlpkjdr,qwen3-drpo-unirl-tp2-flashinfer-natural500-20260930-0745-flexfix,84,0-100,123.60530021903105,61.09031291701831,0.7386789300944656,,58.10053662001155,2.671655992977321,0.01421498297713697,0.02675021905452013,4080.216796875,884.0,8192.0,2125.93359375,0.080078125,122.6421496621333,0.9631505568977445,2089071.0,16901.144176650392,34196.43639471414
UniRL,6jlpkjdr,qwen3-drpo-unirl-tp2-flashinfer-natural500-20260930-0745-flexfix,85,0-100,138.390770283062,67.63958172989078,0.5971374870277941,,66.45354482601397,2.743773028953001,0.013177672866731882,0.019606007961556315,4546.24609375,909.0,8192.0,2271.546875,0.125,137.46682075271383,0.9239495303481817,2327678.0,16819.60433661153,34412.956740259826
UniRL,6jlpkjdr,qwen3-drpo-unirl-tp2-flashinfer-natural500-20260930-0745-flexfix,86,0-100,121.59152449015528,58.64626312907785,0.5391332770232111,,58.620359644060954,2.7805925018619746,0.013381099095568061,0.01647299900650978,4094.64453125,626.0,8192.0,2161.03125,0.076171875,120.61620265012607,0.9753218400292099,2096458.0,17241.810305369934,35747.512085907125
UniRL,6jlpkjdr,qwen3-drpo-unirl-tp2-flashinfer-natural500-20260930-0745-flexfix,87,0-100,110.95260818698443,55.4274832138326,0.46577407605946064,,50.993324287002906,3.188498384086415,0.013144015101715922,0.017344801919534802,3710.736328125,697.0,8192.0,2090.01806640625,0.07421875,110.10556877800263,0.8470394089818001,1899897.0,17123.50012356782,34277.16522271857
UniRL,6jlpkjdr,qwen3-drpo-unirl-tp2-flashinfer-natural500-20260930-0745-flexfix,88,0-100,130.90229308092967,67.00427991617471,0.8870385189075023,,59.25922456290573,2.6132854409515858,0.01344975782558322,0.02351848199032247,4179.96875,686.0,8192.0,2073.30322265625,0.078125,129.80079667875543,1.1014964021742344,2140144.0,16349.171199597451,31940.407428859977
UniRL,6jlpkjdr,qwen3-drpo-unirl-tp2-flashinfer-natural500-20260930-0745-flexfix,89,0-100,139.06914417492226,70.43478538212366,0.8303048650268465,,64.13910051994026,2.6939709619618952,0.013017885852605104,0.05034560011699796,4519.5390625,932.0,8192.0,2150.95263671875,0.107421875,138.16152521502227,0.9076189598999918,2314004.0,16639.233769134495,32853.14191625682
UniRL,6jlpkjdr,qwen3-drpo-unirl-tp2-flashinfer-natural500-20260930-0745-flexfix,90,0-100,139.97373777301982,71.12268603802659,0.8673118238802999,,64.37840784201398,2.656925573013723,0.013166043208912015,0.023958214092999697,4389.28125,555.0,8192.0,2214.646728515625,0.1015625,139.0624555342365,0.9112822387833148,2247312.0,16055.240331184277,31597.68176919595
UniRL,6jlpkjdr,qwen3-drpo-unirl-tp2-flashinfer-natural500-20260930-0745-flexfix,91,0-100,135.43290285603143,68.1436255259905,0.9357841918244958,,62.63336042501032,2.817035435931757,0.012836410198360682,0.033034146996214986,4324.474609375,997.0,8192.0,2270.6455078125,0.115234375,134.57567613595165,0.8572267200797796,2214131.0,16348.545687997817,32492.12208639403
UniRL,6jlpkjdr,qwen3-drpo-unirl-tp2-flashinfer-natural500-20260930-0745-flexfix,92,0-100,150.97890984616242,69.96910447697155,10.615792883792892,,66.65882131410763,2.6843704488128424,0.013456888031214476,0.029515195870772004,4770.576171875,926.0,8192.0,2335.965087890625,0.16015625,149.9710612075869,1.007848638575524,2442535.0,16177.988054681164,34908.764636310225
UniRL,6jlpkjdr,qwen3-drpo-unirl-tp2-flashinfer-natural500-20260930-0745-flexfix,93,0-100,124.54922586795874,60.99867377988994,0.557136113056913,,59.21272237109952,2.902341574896127,0.013098254334181547,0.026635670801624656,4298.666015625,1120.0,8192.0,1960.787841796875,0.08203125,123.7106077640783,0.8386181038804352,2200917.0,17671.061258408055,36081.39101420266
UniRL,6jlpkjdr,qwen3-drpo-unirl-tp2-flashinfer-natural500-20260930-0745-flexfix,94,0-100,141.84975191997364,74.57796696899459,0.7853817897848785,,62.69953196705319,2.7537432678509504,0.01372259296476841,0.038652736926451325,4405.498046875,940.0,8192.0,2199.301513671875,0.1015625,140.86899932357483,0.9807525963988155,2255615.0,15901.437749940755,30245.058851466954
UniRL,6jlpkjdr,qwen3-drpo-unirl-tp2-flashinfer-natural500-20260930-0745-flexfix,95,0-100,121.74869522196241,62.41039580618963,0.5166379320435226,,55.154229554813355,2.780264712171629,0.01274012285284698,0.018676856067031622,3977.357421875,779.0,8192.0,2139.120849609375,0.08203125,120.89294498413801,0.8557502378243953,2036407.0,16726.314777233438,32629.291541811323
UniRL,6jlpkjdr,qwen3-drpo-unirl-tp2-flashinfer-natural500-20260930-0745-flexfix,96,0-100,129.78035644278862,57.00330859608948,12.969282336998731,,56.14507974404842,2.6942561860196292,0.01303045591339469,0.014185843989253044,4103.287109375,236.0,8192.0,1880.11376953125,0.05078125,128.8391431630589,0.941213279729709,2100883.0,16187.9891347512,36855.457196113064
UniRL,6jlpkjdr,qwen3-drpo-unirl-tp2-flashinfer-natural500-20260930-0745-flexfix,97,0-100,123.191049013054,58.99277254007757,0.7944807859603316,,59.93333811708726,2.6410674238577485,0.012839141068980098,0.02180205495096743,4171.904296875,640.0,8192.0,2049.9375,0.052734375,122.39630006300285,0.7947489500511438,2136015.0,17339.043843791413,36208.07953294394
UniRL,6jlpkjdr,qwen3-drpo-unirl-tp2-flashinfer-natural500-20260930-0745-flexfix,98,0-100,125.32674226490781,61.59225720609538,0.5090094029437751,,59.198098555905744,2.639767129905522,0.013510356890037656,0.031058013904839754,3979.369140625,281.0,8192.0,2140.04052734375,0.080078125,123.9837006656453,1.3430415992625058,2037437.0,16257.001204845757,33079.4338837507
UniRL,6jlpkjdr,qwen3-drpo-unirl-tp2-flashinfer-natural500-20260930-0745-flexfix,99,0-100,124.9684867199976,58.99322873004712,0.59243372711353,,60.73926149006002,3.8413229070138186,0.012766181956976652,0.015085265971720219,4085.3359375,637.0,8192.0,2042.8057861328125,0.072265625,124.19409830216318,0.774388417834416,2091692.0,16737.755692654035,35456.47602323273
UniRL,6jlpkjdr,qwen3-drpo-unirl-tp2-flashinfer-natural500-20260930-0745-flexfix,100,0-100,122.09294850798324,59.89218353992328,0.8793180619832128,,57.892878470011055,2.521272761048749,0.013366288971155882,0.020585868041962385,4196.978515625,632.0,8192.0,1999.3167724609375,0.087890625,121.21960498997942,0.8733435180038214,2148853.0,17600.14010849688,35878.688553200016
UniRL,6jlpkjdr,qwen3-drpo-unirl-tp2-flashinfer-natural500-20260930-0745-flexfix,101,100-200,135.78102870704606,69.07290505990386,0.5347412622068077,,62.5171587979421,2.687033577822149,0.013337218901142478,0.024878793861716986,4440.05859375,857.0,8192.0,1963.0753173828125,0.0703125,134.85005471063778,0.9309739964082837,2273310.0,16742.471475192408,32911.74734910106
UniRL,6jlpkjdr,qwen3-drpo-unirl-tp2-flashinfer-natural500-20260930-0745-flexfix,102,100-200,117.77125312713906,55.521530555095524,0.5500008440576494,,58.064692148938775,2.7510716889519244,0.015542297158390284,0.015066785970702767,3896.552734375,856.0,8192.0,1838.9764404296875,0.03515625,116.91790432017297,0.8533488069660962,1995035.0,16939.914852109752,35932.63694379377
UniRL,6jlpkjdr,qwen3-drpo-unirl-tp2-flashinfer-natural500-20260930-0745-flexfix,103,100-200,118.18765470688231,55.881588362157345,0.47681542090140283,,58.069643542170525,2.7482829140499234,0.013153234031051397,0.014511117013171315,3951.818359375,739.0,8192.0,1945.658935546875,0.046875,117.20399459032342,0.9836601165588945,2023331.0,17119.647606326325,36207.47117793428
UniRL,6jlpkjdr,qwen3-drpo-unirl-tp2-flashinfer-natural500-20260930-0745-flexfix,104,100-200,128.13892943807878,65.66462194779888,0.5321775879710913,,58.220866648014635,2.8663103319704533,0.013225292088463902,0.024252868024632335,4207.953125,642.0,8192.0,2035.701904296875,0.076171875,127.32145467586815,0.8174747622106224,2154472.0,16813.563289844064,32810.23991446614
UniRL,6jlpkjdr,qwen3-drpo-unirl-tp2-flashinfer-natural500-20260930-0745-flexfix,105,100-200,128.52714017615654,62.46014858200215,0.8656995769124478,,61.70227153389715,2.5895638579968363,0.013450498227030039,0.018320963019505143,4365.056640625,682.0,8192.0,2012.06640625,0.05859375,127.64945501205511,0.8776851641014218,2234909.0,17388.61533009201,35781.35900630867
UniRL,6jlpkjdr,qwen3-drpo-unirl-tp2-flashinfer-natural500-20260930-0745-flexfix,106,100-200,132.65991347795352,72.29453844716772,0.5267342140432447,,56.1015577649232,2.7899482229258865,0.013135503977537155,0.03632044210098684,3979.126953125,797.0,8192.0,2064.807373046875,0.052734375,131.76223459513858,0.8976788828149438,2037313.0,15357.412398271892,28180.731819580702
UniRL,6jlpkjdr,qwen3-drpo-unirl-tp2-flashinfer-natural500-20260930-0745-flexfix,107,100-200,135.52891261992045,67.18467334005982,0.5655251569114625,,63.97962216800079,2.8206077748909593,0.01284710899926722,0.03352159587666392,4507.462890625,326.0,8192.0,2117.572021484375,0.09375,134.59679714473896,0.9321154751814902,2307821.0,17028.25585616622,34350.40888446099
UniRL,6jlpkjdr,qwen3-drpo-unirl-tp2-flashinfer-natural500-20260930-0745-flexfix,108,100-200,134.48190846689977,66.32347640604712,1.0577377351000905,,63.56543021113612,2.708686257014051,0.012765191262587905,0.022804105188697577,4560.71484375,998.0,8192.0,2121.358642578125,0.107421875,133.69089990574867,0.7910085611511022,2335086.0,17363.569766521705,35207.53323761382
UniRL,6jlpkjdr,qwen3-drpo-unirl-tp2-flashinfer-natural500-20260930-0745-flexfix,109,100-200,135.868357952917,67.61555397207849,0.5118009839206934,,64.17929759598337,2.6886704869102687,0.012864699121564627,0.021088029025122523,4631.7578125,835.0,8192.0,2129.3701171875,0.09765625,135.0292757670395,0.8390821858774871,2371460.0,17454.10068782749,35072.699411429545
UniRL,6jlpkjdr,qwen3-drpo-unirl-tp2-flashinfer-natural500-20260930-0745-flexfix,110,100-200,138.03571786009707,70.8904032530263,0.868448433931917,,62.55217666900717,2.8351601709146053,0.013483708025887609,0.022034160094335675,4511.46875,891.0,8192.0,2104.471923828125,0.10546875,137.18170639500022,0.8540114650968462,2309872.0,16733.87175296989,32583.705184402257
UniRL,6jlpkjdr,qwen3-drpo-unirl-tp2-flashinfer-natural500-20260930-0745-flexfix,111,100-200,136.64583699801005,66.70903440914117,1.042744086124003,,64.982707825955,2.839465558063239,0.013383667916059494,0.026873765978962183,4566.123046875,262.0,8192.0,2156.07177734375,0.107421875,135.61420931317843,1.0316276848316193,2337855.0,17108.863697282235,35045.55298554348
UniRL,6jlpkjdr,qwen3-drpo-unirl-tp2-flashinfer-natural500-20260930-0745-flexfix,112,100-200,149.08581086690538,76.84637666400522,0.8678289928939193,,68.0433711539954,2.4502843630034477,0.014082276029512286,0.03400333714671433,4937.673828125,880.0,8192.0,2380.99169921875,0.212890625,148.2559467870742,0.8298640798311681,2528089.0,16957.27437305836,32897.959666381445
UniRL,6jlpkjdr,qwen3-drpo-unirl-tp2-flashinfer-natural500-20260930-0745-flexfix,113,100-200,151.8310696829576,79.0554542990867,0.7336753099225461,,68.38544854195789,2.484770796028897,0.01378808100707829,0.05196726694703102,4813.10546875,1007.0,8192.0,2467.78369140625,0.205078125,150.72510429495014,1.105965388007462,2464310.0,16230.60421787049,31171.916243462398
UniRL,6jlpkjdr,qwen3-drpo-unirl-tp2-flashinfer-natural500-20260930-0745-flexfix,114,100-200,143.8939078231342,72.90900389198214,0.6337650488130748,,66.92613272601739,2.594573962967843,0.013014745898544788,0.01993418112397194,4933.185546875,1138.0,8192.0,2265.79248046875,0.16796875,143.09642455680296,0.7974832663312554,2525791.0,17553.147580817327,34643.060049785745
UniRL,6jlpkjdr,qwen3-drpo-unirl-tp2-flashinfer-natural500-20260930-0745-flexfix,115,100-200,142.42772478004918,73.5432278518565,0.6220843270421028,,64.4140758428257,2.99513279995881,0.013110494008287787,0.030066072940826416,4576.99609375,861.0,8192.0,2317.15283203125,0.123046875,141.61769738863222,0.810027391416952,2343422.0,16453.411747038306,31864.551889407496
UniRL,6jlpkjdr,qwen3-drpo-unirl-tp2-flashinfer-natural500-20260930-0745-flexfix,116,100-200,143.8526774868369,72.75441889697686,1.143001126125455,,66.28511515911669,2.7594529278576374,0.012992695905268192,0.034343980019912124,4667.5625,535.0,8192.0,2398.36328125,0.17578125,142.98932478600182,0.8633527008350939,2389792.0,16612.773858301494,32847.37939263923
UniRL,6jlpkjdr,qwen3-drpo-unirl-tp2-flashinfer-natural500-20260930-0745-flexfix,117,100-200,139.61529284785502,70.13826363487169,0.6962677000556141,,65.13716045115143,2.7672444260679185,0.012769009917974472,0.016807712148874998,4708.1484375,615.0,8192.0,2468.24951171875,0.17578125,138.7685129342135,0.8467799136415124,2410572.0,17265.816307293124,34368.85766874759
UniRL,6jlpkjdr,qwen3-drpo-unirl-tp2-flashinfer-natural500-20260930-0745-flexfix,118,100-200,131.0173460978549,66.60028665303253,0.8018035308923572,,59.863271695096046,2.831766687100753,0.013166293036192656,0.021439580945298076,4184.716796875,846.0,8192.0,2229.504638671875,0.109375,130.13173444010317,0.8856116577517241,2142575.0,16353.368953144134,32170.657330082853
UniRL,6jlpkjdr,qwen3-drpo-unirl-tp2-flashinfer-natural500-20260930-0745-flexfix,119,100-200,144.99135515419766,74.0988788609393,0.748998919967562,,66.37024462106638,2.9321582578122616,0.012769650900736451,0.025088750990107656,4756.794921875,1079.0,8192.0,2349.363525390625,0.16796875,144.18813906167634,0.8032160925213248,2435479.0,16797.40835175917,32867.96018291507
UniRL,6jlpkjdr,qwen3-drpo-unirl-tp2-flashinfer-natural500-20260930-0745-flexfix,120,100-200,143.59816950489767,76.23116807988845,0.8661072279792279,,62.807349116075784,2.798627563053742,0.013181094080209732,0.039374333107843995,4461.6953125,606.0,8192.0,2304.870361328125,0.1328125,142.75580741418526,0.8423620907124132,2284388.0,15908.197213628735,29966.58791330622
UniRL,6jlpkjdr,qwen3-drpo-unirl-tp2-flashinfer-natural500-20260930-0745-flexfix,121,100-200,141.99491528607905,71.27037079702131,0.6234348160214722,,66.55301864095964,2.6326853651553392,0.012782271020114422,0.020132357953116298,4665.498046875,773.0,8192.0,2423.1240234375,0.1796875,141.112424248131,0.882491037948057,2388735.0,16822.67984869306,33516.52269079867
UniRL,6jlpkjdr,qwen3-drpo-unirl-tp2-flashinfer-natural500-20260930-0745-flexfix,122,100-200,127.94060614495538,65.5318945730105,0.5203967930283397,,57.62697926978581,3.1743618128821254,0.013168255100026727,0.027447245083749294,4059.50390625,700.0,8192.0,2255.612060546875,0.09765625,126.89424794889055,1.0463581960648298,2078466.0,16245.55379740127,31716.861133693244
UniRL,6jlpkjdr,qwen3-drpo-unirl-tp2-flashinfer-natural500-20260930-0745-flexfix,123,100-200,127.0387756510172,65.16365562612191,0.874281178927049,,57.66580389300361,2.517956460826099,0.012130993884056807,0.029353128047659993,4199.830078125,686.0,8192.0,2327.314208984375,0.130859375,126.26318128081039,0.775594370206818,2150313.0,16926.43044598472,32998.65514509306
UniRL,6jlpkjdr,qwen3-drpo-unirl-tp2-flashinfer-natural500-20260930-0745-flexfix,124,100-200,136.52061958494596,67.43117735418491,0.55606534704566,,64.986551605165,2.6550327599979937,0.012635464081540704,0.023119470104575157,4491.220703125,546.0,8192.0,2316.68994140625,0.1328125,135.66458200057968,0.8560375843662769,2299505.0,16843.646087975747,34101.51046187077
UniRL,6jlpkjdr,qwen3-drpo-unirl-tp2-flashinfer-natural500-20260930-0745-flexfix,125,100-200,129.11118700099178,62.37802853900939,0.5234998520463705,,62.52611549501307,2.792980563128367,0.012505505932494998,0.01735632191412151,4180.16796875,768.0,8192.0,2187.65966796875,0.103515625,128.25048627704382,0.8607007239479572,2140246.0,16576.76650423452,34310.89520024752
UniRL,6jlpkjdr,qwen3-drpo-unirl-tp2-flashinfer-natural500-20260930-0745-flexfix,126,100-200,136.34859991585836,69.15465057105757,0.6356755569577217,,63.15721679083072,2.4496535109356046,0.012800970813259482,0.026255798060446978,4403.783203125,757.0,8192.0,2230.712646484375,0.107421875,135.43625319865532,0.912346717203036,2254737.0,16536.561441712005,32604.271460864653
UniRL,6jlpkjdr,qwen3-drpo-unirl-tp2-flashinfer-natural500-20260930-0745-flexfix,127,100-200,138.17416651616804,74.00484004593454,0.588804226135835,,57.79500043205917,4.728254834190011,0.013266121037304401,0.03670163406059146,4075.3125,882.0,8192.0,2231.09912109375,0.11328125,137.16686729341745,1.0072992227505893,2086560.0,15100.941461122165,28194.91263956357
UniRL,6jlpkjdr,qwen3-drpo-unirl-tp2-flashinfer-natural500-20260930-0745-flexfix,128,100-200,126.1819345059339,64.438680147985,0.4859352130442858,,57.62422395311296,2.747518904041499,0.012454667128622532,0.025692138820886612,4102.947265625,499.0,8192.0,2317.29736328125,0.11328125,125.33450502413325,0.8474294818006456,2100709.0,16648.254825267486,32600.124570765118
UniRL,6jlpkjdr,qwen3-drpo-unirl-tp2-flashinfer-natural500-20260930-0745-flexfix,129,100-200,122.9641004470177,62.55637726909481,0.6682326970621943,,55.713415020145476,3.152698554098606,0.012740632053464651,0.020711615914478898,3987.1796875,750.0,8192.0,2261.98681640625,0.111328125,122.12417578836903,0.8399246586486697,2041436.0,16601.886181240403,32633.53936271731
UniRL,6jlpkjdr,qwen3-drpo-unirl-tp2-flashinfer-natural500-20260930-0745-flexfix,130,100-200,114.84617660101503,58.23517742706463,0.5384786380454898,,52.489401929080486,2.700741386041045,0.01248416700400412,0.016647595213726163,3931.607421875,622.0,8192.0,2186.59228515625,0.1015625,113.99293114244938,0.8532454585656524,2012983.0,17527.64488619649,34566.44401094367
UniRL,6jlpkjdr,qwen3-drpo-unirl-tp2-flashinfer-natural500-20260930-0745-flexfix,131,100-200,139.90767350699753,71.69013731996529,0.642205054871738,,63.6754417528864,2.902378703933209,0.012844298733398318,0.031098033068701625,4360.900390625,615.0,8192.0,2332.964111328125,0.138671875,138.95410516345873,0.9535683435387909,2232781.0,15958.960248798125,31144.8838497089
UniRL,6jlpkjdr,qwen3-drpo-unirl-tp2-flashinfer-natural500-20260930-0745-flexfix,132,100-200,106.4316204530187,54.174360666191205,0.4939743250142783,,48.01070827897638,2.854537467006594,0.012629024218767881,0.016725993948057294,3450.13671875,751.0,8192.0,1990.5577392578125,0.052734375,105.56293575535528,0.8686846976634115,1766470.0,16597.22921140489,32607.12223046884
UniRL,6jlpkjdr,qwen3-drpo-unirl-tp2-flashinfer-natural500-20260930-0745-flexfix,133,100-200,105.80642159702256,54.01141204498708,0.7781784129329026,,47.45274408091791,2.5535326569806784,0.012575663859024644,0.028750918805599213,3565.853515625,673.0,8192.0,2038.241943359375,0.072265625,104.8371937784832,0.9692278185393661,1825717.0,17255.257029232867,33802.430465608406
UniRL,6jlpkjdr,qwen3-drpo-unirl-tp2-flashinfer-natural500-20260930-0745-flexfix,134,100-200,115.809058962157,58.28627589112148,0.5168918389827013,,53.17032168013975,2.730467435903847,0.01250989525578916,0.0301064420491457,3837.427734375,654.0,8192.0,2169.364990234375,0.072265625,114.74657318345271,1.0624857787042856,1964763.0,16965.538081455503,33708.844319890486
UniRL,6jlpkjdr,qwen3-drpo-unirl-tp2-flashinfer-natural500-20260930-0745-flexfix,135,100-200,131.47419390105642,68.24704063311219,0.5680522969923913,,59.17471204302274,2.5329281690064818,0.012683863053098321,0.02492322400212288,4318.904296875,427.0,8192.0,2477.863037109375,0.1484375,130.56034022918902,0.9138536718674004,2211279.0,16819.110537115313,32401.09724152828
UniRL,6jlpkjdr,qwen3-drpo-unirl-tp2-flashinfer-natural500-20260930-0745-flexfix,136,100-200,143.32125556305982,65.59777132794261,10.77358728996478,,63.34371400298551,2.700743605848402,0.012406976893544197,0.020400431007146835,4283.859375,754.0,8192.0,2276.3740234375,0.125,142.448623634642,0.8726319284178317,2193336.0,15303.633723993966,33436.13594789473
UniRL,6jlpkjdr,qwen3-drpo-unirl-tp2-flashinfer-natural500-20260930-0745-flexfix,137,100-200,114.52625174308196,55.50957752508111,0.5676464929711074,,54.753701099194586,2.8043457469902933,0.011911687208339572,0.013665012083947659,3941.484375,676.0,8192.0,2166.630126953125,0.099609375,113.66084756352939,0.86540417955257,2018040.0,17620.763530505585,36354.80740396882
UniRL,6jlpkjdr,qwen3-drpo-unirl-tp2-flashinfer-natural500-20260930-0745-flexfix,138,100-200,122.11481476086192,62.57484142202884,0.5774925900623202,,55.28535842616111,2.709171971073374,0.012740341946482658,0.02378689404577017,3813.830078125,715.0,8192.0,2124.345458984375,0.080078125,121.1833916453179,0.9314231155440211,1952681.0,15990.533202903722,31205.528541900203
UniRL,6jlpkjdr,qwen3-drpo-unirl-tp2-flashinfer-natural500-20260930-0745-flexfix,139,100-200,116.97443955484778,63.340519186109304,0.6340729719959199,,48.88561321585439,3.1962701010052115,0.012408976908773184,0.03573805117048323,3622.96875,704.0,8192.0,2034.3580322265625,0.080078125,116.10462250304408,0.8698170518036932,1854960.0,15857.823359181248,29285.519345834415
UniRL,6jlpkjdr,qwen3-drpo-unirl-tp2-flashinfer-natural500-20260930-0745-flexfix,140,100-200,118.41841060505249,59.14219976007007,0.527139755897224,,55.456904197111726,2.442281357012689,0.012626532930880785,0.01865520398132503,3988.107421875,655.0,8192.0,2133.04541015625,0.06640625,117.59980680700392,0.8186037980485708,2041911.0,17243.188703234286,34525.44897355338
UniRL,6jlpkjdr,qwen3-drpo-unirl-tp2-flashinfer-natural500-20260930-0745-flexfix,141,100-200,129.41260665399022,60.70891428599134,10.640855938894674,,54.46311692893505,2.756719670025632,0.011571673210710287,0.020446879090741277,3709.701171875,548.0,8192.0,2194.3125,0.080078125,128.60162537614815,0.8109812778420746,1899367.0,14676.831331265332,31286.459696056223
UniRL,6jlpkjdr,qwen3-drpo-unirl-tp2-flashinfer-natural500-20260930-0745-flexfix,142,100-200,112.01756047597155,59.078158353921026,0.5930017561186105,,48.7707683541812,2.7399481481406838,0.011856118217110634,0.02247502002865076,3561.58984375,690.0,8192.0,2113.033203125,0.060546875,111.21620775060728,0.8013527253642678,1823534.0,16279.001187417924,30866.466572564914
UniRL,6jlpkjdr,qwen3-drpo-unirl-tp2-flashinfer-natural500-20260930-0745-flexfix,143,100-200,126.17138125700876,64.61328691896051,0.5069474920164794,,57.87499932292849,2.3565476569347084,0.011738530127331614,0.020156345097348094,4060.27734375,773.0,8192.0,2215.24267578125,0.1015625,125.38367626606487,0.7877049909438938,2078862.0,16476.493950441873,32173.908790731497
UniRL,6jlpkjdr,qwen3-drpo-unirl-tp2-flashinfer-natural500-20260930-0745-flexfix,144,100-200,133.46415110793896,67.36776996892877,0.5984951159916818,,62.07617442496121,2.6372545738704503,0.012027313932776451,0.023752975976094604,4176.732421875,626.0,8192.0,2190.75048828125,0.111328125,132.71547437366098,0.7486767342779785,2138487.0,16022.931867827949,31743.473191799414
UniRL,6jlpkjdr,qwen3-drpo-unirl-tp2-flashinfer-natural500-20260930-0745-flexfix,145,100-200,120.3575362029951,60.47722923918627,0.5675001009367406,,55.06240235106088,2.8632849608547986,0.012312180129811168,0.04052135907113552,4114.22265625,569.0,8192.0,2287.0751953125,0.091796875,119.02325019123964,1.3342860117554665,2106482.0,17501.87039760606,34830.99385504095
UniRL,6jlpkjdr,qwen3-drpo-unirl-tp2-flashinfer-natural500-20260930-0745-flexfix,146,100-200,146.5955526798498,79.76039580302313,0.691256175050512,,62.382340097101405,2.7668749431613833,0.01301319687627256,0.03480567107908428,4533.318359375,798.0,8192.0,2453.95751953125,0.181640625,145.6486858862918,0.9468667935580015,2321059.0,15833.079227641807,29100.394708823973
UniRL,6jlpkjdr,qwen3-drpo-unirl-tp2-flashinfer-natural500-20260930-0745-flexfix,147,100-200,144.95534475008026,76.20796106592752,0.7532722339965403,,64.42670600605197,2.694457008037716,0.01224643993191421,0.03143697697669268,4508.81640625,559.0,8192.0,2475.646240234375,0.173828125,144.12607973092236,0.8292650191579014,2308514.0,15925.690797949841,30292.294501920922
UniRL,6jlpkjdr,qwen3-drpo-unirl-tp2-flashinfer-natural500-20260930-0745-flexfix,148,100-200,122.30431560706347,63.21082685305737,0.6645560059696436,,54.9463917769026,2.6453089269343764,0.012333640130236745,0.020683845970779657,3856.669921875,814.0,8192.0,2337.5576171875,0.115234375,121.500101048965,0.8042145580984652,1974615.0,16145.096681166986,31238.556720516815
UniRL,6jlpkjdr,qwen3-drpo-unirl-tp2-flashinfer-natural500-20260930-0745-flexfix,149,100-200,125.48980193794705,64.69388059014454,0.6928424139041454,,56.41726390994154,2.736037995899096,0.012515164911746979,0.024696038104593754,3984.470703125,793.0,8192.0,2343.7724609375,0.119140625,124.57723611290567,0.9125658250413835,2040049.0,16256.691527880295,31533.878960273418
UniRL,6jlpkjdr,qwen3-drpo-unirl-tp2-flashinfer-natural500-20260930-0745-flexfix,150,100-200,124.50884760986082,61.03195985103957,0.9101570209022611,,58.23650348512456,3.0090053360909224,0.01283817901276052,0.049970783991739154,4018.263671875,753.0,8192.0,2301.81982421875,0.095703125,123.25043465616181,1.2584129536990076,2057351.0,16523.73336910607,33709.404138772
UniRL,6jlpkjdr,qwen3-drpo-unirl-tp2-flashinfer-natural500-20260930-0745-flexfix,151,100-200,114.9679621651303,57.73629383998923,0.6351704890839756,,49.803806516109034,5.794258852023631,0.013296889839693904,0.021444351878017187,3594.701171875,575.0,8192.0,2173.486083984375,0.080078125,114.00427093892358,0.9636912262067199,1840487.0,16008.694642742988,31877.47043654618
UniRL,6jlpkjdr,qwen3-drpo-unirl-tp2-flashinfer-natural500-20260930-0745-flexfix,152,100-200,109.99773652805015,55.233408581931144,0.6164754522033036,,49.494288941146806,3.609842356061563,0.012602193979546428,0.017930479953065515,3558.615234375,645.0,8192.0,2235.55419921875,0.078125,108.98454800527543,1.0131885227747262,1822011.0,16564.07720294658,32987.480707392846
UniRL,6jlpkjdr,qwen3-drpo-unirl-tp2-flashinfer-natural500-20260930-0745-flexfix,153,100-200,111.89379911310971,59.0902617671527,0.8971992619335651,,48.19461846118793,2.649535418022424,0.012548814062029123,0.04761110804975033,3385.0859375,731.0,8192.0,2249.742431640625,0.080078125,110.8917748304084,1.0020242827013135,1733164.0,15489.365932137154,29330.78900258718
UniRL,6jlpkjdr,qwen3-drpo-unirl-tp2-flashinfer-natural500-20260930-0745-flexfix,154,100-200,122.14679592684843,63.11568631418049,0.7805105741135776,,54.7811878870707,2.634917724179104,0.012388607021421194,0.02448505093343556,3753.611328125,636.0,8192.0,2140.889404296875,0.078125,121.34917615749873,0.7976197693496943,1921849.0,15733.928879730596,30449.625318709546
UniRL,6jlpkjdr,qwen3-drpo-unirl-tp2-flashinfer-natural500-20260930-0745-flexfix,155,100-200,130.93595371209085,68.53141661989503,0.6014064070768654,,58.327541925013065,2.655749395955354,0.012479136930778623,0.02211923711001873,4080.875,633.0,8192.0,2403.40576171875,0.13671875,130.1507127219811,0.7852409901097417,2089408.0,15957.48104905017,30488.32350261725
UniRL,6jlpkjdr,qwen3-drpo-unirl-tp2-flashinfer-natural500-20260930-0745-flexfix,156,100-200,125.29199454002082,66.43147277086973,0.8716327110305429,,54.132341287098825,2.7322161209303886,0.013344758888706565,0.026785216061398387,3980.474609375,707.0,8192.0,2241.69091796875,0.10546875,124.2077928648796,1.0842016751412302,2038003.0,16266.027270792789,30678.275145717773
UniRL,6jlpkjdr,qwen3-drpo-unirl-tp2-flashinfer-natural500-20260930-0745-flexfix,157,100-200,131.01057885191403,68.86896565696225,0.6830386300571263,,57.01145112491213,3.3017170219682157,0.014535165624693036,0.03285112790763378,3986.255859375,686.0,8192.0,2336.3974609375,0.123046875,129.91255872743204,1.098020124481991,2040963.0,15578.612184493695,29635.453074263947
UniRL,6jlpkjdr,qwen3-drpo-unirl-tp2-flashinfer-natural500-20260930-0745-flexfix,158,100-200,124.58696341095492,65.6668899951037,0.6342791940551251,,54.59462614590302,2.8423733860254288,0.013062214944511652,0.02721077809110284,3756.1875,771.0,8192.0,2337.547119140625,0.126953125,123.77844171412289,0.808521696832031,1923168.0,15436.350219535858,29286.72273261908
UniRL,6jlpkjdr,qwen3-drpo-unirl-tp2-flashinfer-natural500-20260930-0745-flexfix,159,100-200,132.57359038107097,66.43434171401896,0.5517567680217326,,61.986424640985206,2.6960713979788125,0.013185252901166677,0.0438890119548887,4265.99609375,674.0,8192.0,2303.085693359375,0.134765625,131.72566878586076,0.8479215952102095,2184190.0,16475.30246198915,32877.42368852423
UniRL,6jlpkjdr,qwen3-drpo-unirl-tp2-flashinfer-natural500-20260930-0745-flexfix,160,100-200,141.76891634683125,73.92725437018089,0.607266150880605,,63.68107483908534,2.659778557950631,0.012679602019488811,0.026688084937632084,4364.845703125,544.0,8192.0,2512.197998046875,0.169921875,140.9147416050546,0.8541747417766601,2234801.0,15763.68824413287,30229.730821728226
UniRL,6jlpkjdr,qwen3-drpo-unirl-tp2-flashinfer-natural500-20260930-0745-flexfix,161,100-200,133.3444729829207,71.05137749295682,0.7392320840153843,,57.38300656480715,2.7589592321310192,0.01277335942722857,0.05596982897259295,4092.037109375,621.0,8192.0,2436.349365234375,0.14453125,132.0013185623102,1.3431544206105173,2095123.0,15712.10979451958,29487.43675247796
UniRL,6jlpkjdr,qwen3-drpo-unirl-tp2-flashinfer-natural500-20260930-0745-flexfix,162,100-200,139.7021705629304,68.19474898301996,0.6828705440275371,,66.0177473789081,3.855998346116394,0.013869458111003041,0.0275188481900841,4574.9140625,719.0,8192.0,2302.8779296875,0.14453125,138.79275355837308,0.9094170045573264,2342356.0,16766.78315420203,34348.04050064369
UniRL,6jlpkjdr,qwen3-drpo-unirl-tp2-flashinfer-natural500-20260930-0745-flexfix,163,100-200,140.0056495119352,72.1359044041019,0.987706835148856,,63.24501080904156,2.7450712451245636,0.013416505884379148,0.038809647085145116,4488.12109375,704.0,8192.0,2417.1826171875,0.150390625,139.1659194463864,0.8397300655487925,2297918.0,16413.037673912633,31855.398764076945
UniRL,6jlpkjdr,qwen3-drpo-unirl-tp2-flashinfer-natural500-20260930-0745-flexfix,164,100-200,136.8948080430273,71.7815839459654,0.5366407609544694,,60.94346353597939,2.7352851880714297,0.013589092064648867,0.03473440604284406,4389.09765625,615.0,8192.0,2404.09228515625,0.13671875,136.04529692907818,0.84951111394912,2247218.0,16415.655437375528,31306.330627805946
UniRL,6jlpkjdr,qwen3-drpo-unirl-tp2-flashinfer-natural500-20260930-0745-flexfix,165,100-200,129.3308313600719,62.47520764707588,0.6692922608926892,,61.89852567319758,3.0987396859563887,0.013755969936028123,0.015257188817486167,4278.46484375,681.0,8192.0,2427.252197265625,0.138671875,128.17077842587605,1.1600529341958463,2190574.0,16937.75549854149,35063.092745119175
UniRL,6jlpkjdr,qwen3-drpo-unirl-tp2-flashinfer-natural500-20260930-0745-flexfix,166,100-200,143.77029446396045,80.05352931795642,1.4682821379974484,,58.624330380000174,2.637356905033812,0.013249858980998397,0.046674962155520916,4240.912109375,535.0,8192.0,2544.50146484375,0.162109375,142.84342356212437,0.9268709018360823,2171347.0,15102.890399548436,27123.688593114355
UniRL,6jlpkjdr,qwen3-drpo-unirl-tp2-flashinfer-natural500-20260930-0745-flexfix,167,100-200,127.539629684994,65.79749261401594,0.6174918788019568,,57.38056425494142,2.898120383033529,0.01304398407228291,0.027656324906274676,4052.228515625,477.0,8192.0,2225.62939453125,0.099609375,126.7343694397714,0.8052602452225983,2074741.0,16267.422173988867,31532.219809209666
UniRL,6jlpkjdr,qwen3-drpo-unirl-tp2-flashinfer-natural500-20260930-0745-flexfix,168,100-200,122.35724097117782,61.43382409005426,0.5407780460081995,,56.79846393596381,2.656256539048627,0.014076044782996178,0.017779123038053513,4046.333984375,590.0,8192.0,2254.71630859375,0.080078125,121.46117777889594,0.896063192281872,2071723.0,16931.756417162185,33722.83966830902
UniRL,6jlpkjdr,qwen3-drpo-unirl-tp2-flashinfer-natural500-20260930-0745-flexfix,169,100-200,132.00049835885875,65.51089716912247,1.0590326110832393,,61.98710106220096,2.579406968783587,0.012964827008545399,0.021355003118515015,4319.974609375,359.0,8192.0,2291.309814453125,0.11328125,131.17075764131732,0.8297407175414264,2211827.0,16756.201889381435,33762.73407292779
UniRL,6jlpkjdr,qwen3-drpo-unirl-tp2-flashinfer-natural500-20260930-0745-flexfix,170,100-200,121.33623218908906,59.32078495109454,0.800797110889107,,57.54946134891361,2.847349839983508,0.014011957217007875,0.018892152002081275,4030.373046875,671.0,8192.0,2162.556396484375,0.0859375,120.55129736009985,0.7849348289892077,2063551.0,17006.882138751305,34786.30637981679
UniRL,6jlpkjdr,qwen3-drpo-unirl-tp2-flashinfer-natural500-20260930-0745-flexfix,171,100-200,115.71952626598068,61.91570657491684,0.882975657004863,,48.991023999173194,2.827603975078091,0.013002987019717693,0.0549697179812938,3521.83203125,682.0,8192.0,2112.1962890625,0.072265625,114.685282911174,1.0342433548066765,1803178.0,15582.314050054141,29123.111077125293
UniRL,6jlpkjdr,qwen3-drpo-unirl-tp2-flashinfer-natural500-20260930-0745-flexfix,172,100-200,114.64630361297168,59.124918821966276,0.5701398730743676,,51.3721667190548,2.670817114878446,0.013231082120910287,0.022108348784968257,3643.294921875,760.0,8192.0,2019.157470703125,0.052734375,113.77338195987977,0.8729216530919075,1865367.0,16270.624880303098,31549.590885983136
UniRL,6jlpkjdr,qwen3-drpo-unirl-tp2-flashinfer-natural500-20260930-0745-flexfix,173,100-200,109.85702776210383,55.31027019000612,0.5755879271309823,,50.38102599186823,2.7380935619585216,0.013886268716305494,0.02000160003080964,3619.056640625,361.0,8192.0,2097.27880859375,0.060546875,109.03886553971097,0.8181622223928571,1852957.0,16866.986461827382,33501.13810029455
UniRL,6jlpkjdr,qwen3-drpo-unirl-tp2-flashinfer-natural500-20260930-0745-flexfix,174,100-200,108.23377492302097,54.450814854120836,0.48209157097153366,,49.46317599480972,2.9429352139122784,0.014215861912816763,0.024492511991411448,3611.7890625,776.0,8192.0,1907.119873046875,0.0390625,107.37772600771859,0.8560489153023809,1849236.0,17085.572422427573,33961.58542262935
UniRL,6jlpkjdr,qwen3-drpo-unirl-tp2-flashinfer-natural500-20260930-0745-flexfix,175,100-200,115.10199401108548,57.528226546011865,0.4901333348825574,,53.65996572910808,2.574321947991848,0.013155443128198385,0.029037423199042678,3767.8046875,585.0,8192.0,2075.2470703125,0.05078125,114.29484042432159,0.8071535867638886,1929116.0,16760.057169941007,33533.382059971314
UniRL,6jlpkjdr,qwen3-drpo-unirl-tp2-flashinfer-natural500-20260930-0745-flexfix,176,100-200,107.56193290185183,51.862027207855135,0.4881275629159063,,51.4431147610303,2.982436563121155,0.013081744778901339,0.016563965938985348,3681.380859375,576.0,8192.0,2002.515625,0.044921875,106.80535180564038,0.7565810962114483,1884867.0,17523.55084321425,36343.874342700474
UniRL,6jlpkjdr,qwen3-drpo-unirl-tp2-flashinfer-natural500-20260930-0745-flexfix,177,100-200,101.36835727700964,50.482403225963935,1.0465225779917091,,45.70022277790122,2.7098587781656533,0.012992457021027803,0.5654216629918665,3331.1171875,747.0,8192.0,1737.086669921875,0.01953125,100.51742148003541,0.8509357969742268,1705532.0,16825.092620760217,33784.683196754326
UniRL,6jlpkjdr,qwen3-drpo-unirl-tp2-flashinfer-natural500-20260930-0745-flexfix,178,100-200,123.80315587390214,62.219268946908414,0.7800262200180441,,56.89331974484958,3.030296212993562,0.013247403083369136,0.02220466802828014,3921.88671875,740.0,8192.0,1931.5601806640625,0.03125,122.95836319588125,0.8447926780208945,2008006.0,16219.344214821345,32273.056787495007
UniRL,6jlpkjdr,qwen3-drpo-unirl-tp2-flashinfer-natural500-20260930-0745-flexfix,179,100-200,120.62627888703719,59.573595247929916,0.5773729390930384,,56.91918632108718,2.720306863076985,0.013069355860352516,0.021765316138044,3907.220703125,948.0,8192.0,1845.123046875,0.02734375,119.82529604318552,0.8009828438516706,2000497.0,16584.2552589507,33580.26306242637
UniRL,6jlpkjdr,qwen3-drpo-unirl-tp2-flashinfer-natural500-20260930-0745-flexfix,180,100-200,103.11553112184629,52.68109102197923,0.5264281819108874,,46.30700795492157,2.7541697539854795,0.013927058083936572,0.020741126034408808,3336.568359375,869.0,8192.0,1724.33447265625,0.01953125,102.30336509691551,0.8121660249307752,1708323.0,16567.07754316237,32427.631373223947
UniRL,6jlpkjdr,qwen3-drpo-unirl-tp2-flashinfer-natural500-20260930-0745-flexfix,181,100-200,104.22601124504581,52.441715197172016,0.7319662568625063,,47.4700833321549,2.7060434210579842,0.012710901675745845,0.02473740791901946,3535.826171875,511.0,8192.0,1688.483642578125,0.01953125,103.38725651684217,0.8387547282036394,1810343.0,17369.397316219864,34521.04861927981
UniRL,6jlpkjdr,qwen3-drpo-unirl-tp2-flashinfer-natural500-20260930-0745-flexfix,182,100-200,109.05015147407539,57.94641027506441,0.49042937299236655,,46.663230563979596,2.919358054874465,0.013340021017938852,0.03720899508334696,3387.064453125,681.0,8192.0,1763.6190185546875,0.021484375,108.06997728301212,0.98017419106327,1734177.0,15902.563880548738,29927.25505804548
UniRL,6jlpkjdr,qwen3-drpo-unirl-tp2-flashinfer-natural500-20260930-0745-flexfix,183,100-200,106.59869141993113,53.725992382038385,0.6319573561195284,,48.37000859482214,2.936104499036446,0.013005655957385898,0.018979380140081048,3550.46484375,853.0,8192.0,1731.69873046875,0.017578125,105.69604786811396,0.9026435518171638,1817838.0,17053.098643011228,33835.35453516793
UniRL,6jlpkjdr,qwen3-drpo-unirl-tp2-flashinfer-natural500-20260930-0745-flexfix,184,100-200,125.75281941401772,64.1791047079023,0.48102165712043643,,57.59747272403911,2.542435399023816,0.013286702102050185,0.03944215108640492,3869.111328125,621.0,8192.0,1870.8148193359375,0.04296875,124.85276334127411,0.9000560727436095,1980985.0,15753.006646141079,30866.510354359674
UniRL,6jlpkjdr,qwen3-drpo-unirl-tp2-flashinfer-natural500-20260930-0745-flexfix,185,100-200,104.63992015877739,51.28626162093133,0.508568889927119,,48.13249238394201,3.872465363005176,0.014817401999607682,0.022257155971601605,3439.88671875,750.0,8192.0,1617.19091796875,0.0078125,103.83686281577684,0.8030573430005461,1761222.0,16831.262842398733,34341.00954789025
UniRL,6jlpkjdr,qwen3-drpo-unirl-tp2-flashinfer-natural500-20260930-0745-flexfix,186,100-200,112.51893842313439,55.74717410514131,0.4989348400849849,,52.860681909136474,2.61152125406079,0.01291293790563941,0.019150326028466225,3692.0,772.0,8192.0,1842.83837890625,0.029296875,111.75037537235767,0.76856305077672,1890304.0,16799.87410556075,33908.51698482176
UniRL,6jlpkjdr,qwen3-drpo-unirl-tp2-flashinfer-natural500-20260930-0745-flexfix,187,100-200,104.46087469509803,51.324946228880435,0.5398975701536983,,48.851525985170156,2.704180958913639,0.01305202511139214,0.016203813953325152,3650.765625,499.0,8192.0,1890.0584716796875,0.041015625,103.44980658218265,1.0110681129153818,1869192.0,17893.704274024374,36418.78145696351
UniRL,6jlpkjdr,qwen3-drpo-unirl-tp2-flashinfer-natural500-20260930-0745-flexfix,188,100-200,108.04802372702397,54.62685087113641,0.4759550979360938,,48.9722820580937,3.041323887882754,0.012956277932971716,0.0268759960308671,3458.896484375,642.0,8192.0,1847.1998291015625,0.021484375,107.1562441890128,0.8917795380111784,1770955.0,16390.4432391489,32419.13036828071
UniRL,6jlpkjdr,qwen3-drpo-unirl-tp2-flashinfer-natural500-20260930-0745-flexfix,189,100-200,97.26392945391126,47.64969252701849,0.4033988050650805,,45.42775184405036,2.920709141995758,0.012902858201414347,0.018651875900104642,3183.17578125,760.0,8192.0,1610.9886474609375,0.013671875,96.43310705223121,0.8308224016800523,1629786.0,16756.32486935743,34203.49457818376
UniRL,6jlpkjdr,qwen3-drpo-unirl-tp2-flashinfer-natural500-20260930-0745-flexfix,190,100-200,104.51968794688582,52.937723953975365,0.6264147420879453,,47.32199063501321,2.6737573330756277,0.01289652893319726,0.04291256214492023,3479.490234375,684.0,8192.0,1801.58251953125,0.02734375,103.61569575523026,0.9039921916555613,1781499.0,17044.626089060956,33652.73130270683
UniRL,6jlpkjdr,qwen3-drpo-unirl-tp2-flashinfer-natural500-20260930-0745-flexfix,191,100-200,105.86712923296727,54.764585982076824,0.4776043160818517,,46.87955898209475,2.9110915299970657,0.013019127072766423,0.02653254196047783,3157.072265625,607.0,8192.0,1606.7767333984375,0.013671875,105.07239247928374,0.7947367536835372,1616421.0,15268.393614820367,29515.807907851562
UniRL,6jlpkjdr,qwen3-drpo-unirl-tp2-flashinfer-natural500-20260930-0745-flexfix,192,100-200,96.63384177419357,46.80099305603653,0.4273814370390028,,45.923566904850304,2.679357413901016,0.013371468055993319,0.018697034800425172,3163.173828125,560.0,8192.0,1643.9825439453125,0.01171875,95.86336731468327,0.7704744595102966,1619545.0,16759.60481613084,34604.92810613783
UniRL,6jlpkjdr,qwen3-drpo-unirl-tp2-flashinfer-natural500-20260930-0745-flexfix,193,100-200,99.02934011002071,50.21777771413326,0.5077733369544148,,44.92131233215332,2.5469874881673604,0.01327458000741899,0.022859433898702264,3147.9765625,796.0,8192.0,1662.729248046875,0.01953125,98.22998488531448,0.7993552247062325,1611764.0,16275.620924155857,32095.486366900423
UniRL,6jlpkjdr,qwen3-drpo-unirl-tp2-flashinfer-natural500-20260930-0745-flexfix,194,100-200,103.00217858189717,52.70988510292955,0.4216066000517458,,46.23182447697036,2.797576555982232,0.012989515904337168,0.01863389601930976,3339.97265625,538.0,8192.0,1698.0404052734375,0.009765625,102.19251614785753,0.8096624340396374,1710066.0,16602.231365818385,32442.98477715628
UniRL,6jlpkjdr,qwen3-drpo-unirl-tp2-flashinfer-natural500-20260930-0745-flexfix,195,100-200,106.84526508813724,57.23350396286696,0.48120874585583806,,45.64441053499468,2.5347140568774194,0.012801599921658635,0.021465950878337026,3402.6015625,736.0,8192.0,1777.182373046875,0.041015625,105.92810485139489,0.9171602367423475,1742132.0,16305.186744240897,30439.02398724868
UniRL,6jlpkjdr,qwen3-drpo-unirl-tp2-flashinfer-natural500-20260930-0745-flexfix,196,100-200,97.46723898686469,48.00287816114724,0.5728569750208408,,44.41216845693998,3.4651601728983223,0.013037246186286211,0.025092319818213582,3185.23046875,733.0,8192.0,1649.547119140625,0.0234375,96.49119333201088,0.9760456548538059,1630838.0,16732.165771308883,33973.75454290935
UniRL,6jlpkjdr,qwen3-drpo-unirl-tp2-flashinfer-natural500-20260930-0745-flexfix,197,100-200,102.74414417915978,50.1317050519865,0.41889044106937945,,48.52587916702032,2.72710880311206,0.013065745122730732,0.03632306098006666,3212.7265625,663.0,8192.0,1680.0916748046875,0.009765625,101.85297226929106,0.8911719098687172,1644916.0,16009.827257227264,32811.89016599824
UniRL,6jlpkjdr,qwen3-drpo-unirl-tp2-flashinfer-natural500-20260930-0745-flexfix,198,100-200,105.84855272504501,54.02446691598743,0.4168080410454422,,47.75744749000296,2.8154680668376386,0.012263390701264143,0.021055218996480107,3396.771484375,872.0,8192.0,1684.31103515625,0.02734375,105.04750912357122,0.8010436014737934,1739147.0,16430.522243583757,32191.84009172213
UniRL,6jlpkjdr,qwen3-drpo-unirl-tp2-flashinfer-natural500-20260930-0745-flexfix,199,100-200,112.12167640193366,57.04751399089582,0.4680174121167511,,51.30196968396194,2.461334163090214,0.012742101913318038,0.025228686863556504,3632.470703125,770.0,8192.0,1685.2052001953125,0.01953125,111.3168060388416,0.80487036309205,1859825.0,16587.55969124919,32601.33299229846
UniRL,6jlpkjdr,qwen3-drpo-unirl-tp2-flashinfer-natural500-20260930-0745-flexfix,200,100-200,112.68698433507234,57.31165748392232,0.4768309600185603,,49.53220772813074,4.013760621193796,0.013084545033052564,0.02949953405186534,3684.822265625,785.0,8192.0,1889.7752685546875,0.0390625,111.37704087235034,1.3099434627220035,1886629.0,16742.208615594405,32918.765270909455
UniRL,6jlpkjdr,qwen3-drpo-unirl-tp2-flashinfer-natural500-20260930-0745-flexfix,201,200-300,117.82966207293794,60.977188613964245,0.5019438401795924,,52.68791548302397,2.8389705780427903,0.013396438909694552,0.024794075870886445,3773.525390625,872.0,8192.0,1875.929443359375,0.037109375,117.04420902999118,0.7854530429467559,1932045.0,16396.932368388203,31684.717579084103
UniRL,6jlpkjdr,qwen3-drpo-unirl-tp2-flashinfer-natural500-20260930-0745-flexfix,202,200-300,111.21297622495331,58.68102318607271,0.4958251991774887,,48.240649815881625,2.866736826952547,0.012695502024143934,0.025783947203308344,3539.470703125,748.0,8192.0,1779.3135986328125,0.029296875,110.32271447731182,0.8902617476414889,1812209.0,16294.942024880253,30882.368806924755
UniRL,6jlpkjdr,qwen3-drpo-unirl-tp2-flashinfer-natural500-20260930-0745-flexfix,203,200-300,104.61402591993101,50.17392802797258,0.4289903328754008,,50.257406609132886,2.7454071450047195,0.012698061764240265,0.024391463957726955,3436.328125,1097.0,8192.0,1498.518798828125,0.009765625,103.64282164070755,0.971204279223457,1759400.0,16818.012542090688,35066.02072333489
UniRL,6jlpkjdr,qwen3-drpo-unirl-tp2-flashinfer-natural500-20260930-0745-flexfix,204,200-300,96.28332931804471,47.49733132892288,0.5647836029529572,,44.6502905189991,2.690241313073784,0.013227781979367137,0.01630303217098117,3284.638671875,865.0,8192.0,1464.8251953125,0.01171875,95.43217757809907,0.8511517399456352,1681735.0,17466.523144882794,35406.936620372384
UniRL,6jlpkjdr,qwen3-drpo-unirl-tp2-flashinfer-natural500-20260930-0745-flexfix,205,200-300,99.016871195985,49.16034134919755,0.42062620678916574,,45.90631540492177,2.681271207984537,0.012960795778781176,0.01856523798778653,3251.123046875,813.0,8192.0,1539.783447265625,0.0078125,98.20008020265959,0.8167909933254123,1664575.0,16811.024019384447,33860.11883392203
UniRL,6jlpkjdr,qwen3-drpo-unirl-tp2-flashinfer-natural500-20260930-0745-flexfix,206,200-300,105.6865774791222,51.77171175694093,0.4229421780910343,,49.206934828078374,3.1692151110619307,0.01253065513446927,0.017513548023998737,3424.939453125,1002.0,8192.0,1558.339111328125,0.013671875,104.60084807733074,1.0857294017914683,1753569.0,16592.16375273774,33871.18062143082
UniRL,6jlpkjdr,qwen3-drpo-unirl-tp2-flashinfer-natural500-20260930-0745-flexfix,207,200-300,103.67387980688363,51.46551405917853,0.4529968900606036,,48.31681286706589,2.5534872789867222,0.012427686946466565,0.018229664070531726,3516.896484375,836.0,8192.0,1634.11376953125,0.01953125,102.81946844630875,0.8544113605748862,1800651.0,17368.41529760558,34987.52578142889
UniRL,6jlpkjdr,qwen3-drpo-unirl-tp2-flashinfer-natural500-20260930-0745-flexfix,208,200-300,101.87323189992458,49.94284497294575,0.46395017695613205,,48.24516235594638,2.4317464570049196,0.01406754506751895,0.014913979219272733,3580.900390625,819.0,8192.0,1666.0533447265625,0.0234375,101.11268548713997,0.7605464127846062,1833421.0,17997.082902023427,36710.38365942453
UniRL,6jlpkjdr,qwen3-drpo-unirl-tp2-flashinfer-natural500-20260930-0745-flexfix,209,200-300,109.47174982796423,56.65980638191104,0.45549428300000727,,48.5388110098429,2.866944045992568,0.012648542877286673,0.021147117018699646,3698.1484375,709.0,8192.0,1856.2935791015625,0.025390625,108.5548513806425,0.9168984473217279,1893452.0,17296.261391414457,33417.904523664154
UniRL,6jlpkjdr,qwen3-drpo-unirl-tp2-flashinfer-natural500-20260930-0745-flexfix,210,200-300,105.30765475216322,51.70712246885523,0.4482874129898846,,49.62724493886344,2.5245706839486957,0.011786889052018523,0.018883390817791224,3478.875,606.0,8192.0,1788.479248046875,0.013671875,104.33789578452706,0.9697589676361531,1781184.0,16914.098070001994,34447.5560610216
UniRL,6jlpkjdr,qwen3-drpo-unirl-tp2-flashinfer-natural500-20260930-0745-flexfix,211,200-300,105.72660834598355,54.56449180119671,0.5417949559632689,,47.16645133798011,2.586625542026013,0.013423248892650008,0.01739142998121679,3502.5703125,783.0,8192.0,1700.3104248046875,0.01171875,104.89017831603996,0.8364300299435854,1793316.0,16961.82283774287,32865.98923222573
UniRL,6jlpkjdr,qwen3-drpo-unirl-tp2-flashinfer-natural500-20260930-0745-flexfix,212,200-300,103.86299735098146,51.16417988482863,0.6305942318867892,,48.6576522490941,2.5921350738499314,0.011884917970746756,0.014164862921461463,3587.779296875,989.0,8192.0,1793.8184814453125,0.02734375,103.07061122055165,0.7923861304298043,1836943.0,17686.21209527073,35902.911062680716
UniRL,6jlpkjdr,qwen3-drpo-unirl-tp2-flashinfer-natural500-20260930-0745-flexfix,213,200-300,104.72513217898086,51.47013302682899,0.46256749401800334,,49.201660110848024,2.643832453992218,0.012224872130900621,0.02045729011297226,3504.87109375,955.0,8192.0,1585.9129638671875,0.015625,103.81087524793111,0.9142569310497493,1794494.0,17135.275579629862,34864.76320285812
UniRL,6jlpkjdr,qwen3-drpo-unirl-tp2-flashinfer-natural500-20260930-0745-flexfix,214,200-300,105.91153167397715,49.78878178191371,0.7812802579719573,,51.36335119511932,3.0589357558637857,0.013208522228524089,0.015118824085220695,3582.7578125,576.0,8192.0,1537.4296875,0.0078125,105.02067633718252,0.8908553367946297,1834372.0,17319.851493099613,36843.0785881641
UniRL,6jlpkjdr,qwen3-drpo-unirl-tp2-flashinfer-natural500-20260930-0745-flexfix,215,200-300,93.84707315894775,45.225964185083285,0.405034258030355,,44.679674809100106,2.626060680951923,0.012679653009399772,0.017333051888272166,3006.955078125,636.0,8192.0,1458.945068359375,0.00390625,92.96674663806334,0.8803265208844095,1539561.0,16404.997494087667,34041.529633276186
UniRL,6jlpkjdr,qwen3-drpo-unirl-tp2-flashinfer-natural500-20260930-0745-flexfix,216,200-300,105.3243534299545,50.14446852984838,0.46604354213923216,,50.81549625005573,3.059934285003692,0.012476557865738869,0.014369490090757608,3598.369140625,66.0,8192.0,1640.1507568359375,0.01171875,104.51278865500353,0.8115647749509662,1842365.0,17492.298219758424,36741.14122684013
UniRL,6jlpkjdr,qwen3-drpo-unirl-tp2-flashinfer-natural500-20260930-0745-flexfix,217,200-300,105.13706676592119,52.712959298165515,0.7134178930427879,,47.630551925860345,3.2025071408133954,0.012039256049320102,0.02544086310081184,3252.30078125,838.0,8192.0,1634.849853515625,0.017578125,104.29691637703218,0.8401503888890147,1665178.0,15838.162992575952,31589.53741490948
UniRL,6jlpkjdr,qwen3-drpo-unirl-tp2-flashinfer-natural500-20260930-0745-flexfix,218,200-300,101.529745465843,51.69852241082117,0.7480277868453413,,45.55113457003608,2.6687687411904335,0.012290831189602613,0.020484260050579906,3442.01171875,874.0,8192.0,1711.4476318359375,0.0078125,100.69922860013321,0.8305168657097965,1762310.0,17357.573309320298,34088.208285641944
UniRL,6jlpkjdr,qwen3-drpo-unirl-tp2-flashinfer-natural500-20260930-0745-flexfix,219,200-300,101.57869992312044,50.35274763498455,0.4140033482108265,,47.54817372490652,2.4027464839164168,0.01218773191794753,0.020486220018938184,3529.62890625,977.0,8192.0,1672.8226318359375,0.01171875,100.7503451439552,0.8283547791652381,1807170.0,17790.83608441289,35890.19636228148
UniRL,6jlpkjdr,qwen3-drpo-unirl-tp2-flashinfer-natural500-20260930-0745-flexfix,220,200-300,100.86884232889861,49.05983030400239,0.5991892928723246,,46.65542850201018,3.451784895034507,0.01251567481085658,0.030482094967737794,3347.908203125,663.0,8192.0,1661.0101318359375,0.009765625,99.809230763698,1.059611565200612,1714129.0,16993.642044694185,34939.562354339374
UniRL,6jlpkjdr,qwen3-drpo-unirl-tp2-flashinfer-natural500-20260930-0745-flexfix,221,200-300,105.10068993503228,54.33893050602637,0.44177850615233183,,46.749381916830316,2.7337395430076867,0.012383418157696724,0.018125155940651894,3502.419921875,857.0,8192.0,1731.852294921875,0.021484375,104.29433904611506,0.8063508889172226,1793239.0,17062.104931075963,33000.99916028203
UniRL,6jlpkjdr,qwen3-drpo-unirl-tp2-flashinfer-natural500-20260930-0745-flexfix,222,200-300,100.75271708611399,51.489544052165,0.7937080150004476,,44.95873766508885,2.710462166927755,0.012985576875507832,0.024205818073824048,3075.529296875,849.0,8192.0,1423.3349609375,0.0078125,99.98964329413138,0.763073791982606,1574671.0,15629.067339733565,30582.344998135388
UniRL,6jlpkjdr,qwen3-drpo-unirl-tp2-flashinfer-natural500-20260930-0745-flexfix,223,200-300,99.14934036578052,47.96403434500098,0.39627926400862634,,46.805983372963965,3.108624035026878,0.012068026000633836,0.01781204203143716,3380.025390625,974.0,8192.0,1459.46630859375,0.005859375,98.30480108503252,0.8445392807479948,1730573.0,17454.205883928138,36080.63882933917
UniRL,6jlpkjdr,qwen3-drpo-unirl-tp2-flashinfer-natural500-20260930-0745-flexfix,224,200-300,99.07542583881877,47.716913120122626,0.4617603961378336,,47.210460426984355,2.8467209569644183,0.012866469100117683,0.017458109185099602,3352.751953125,849.0,8192.0,1501.8763427734375,0.00390625,98.26617947849445,0.8092463603243232,1716609.0,17326.28434817602,35974.854359891346
UniRL,6jlpkjdr,qwen3-drpo-unirl-tp2-flashinfer-natural500-20260930-0745-flexfix,225,200-300,99.33778362697922,46.2335145289544,0.3991117679979652,,48.923201671103016,2.9510754698421806,0.012136871926486492,0.02001815987750888,3358.49609375,1045.0,8192.0,1497.8477783203125,0.005859375,98.53905846970156,0.7987251572776586,1719550.0,17310.13051848467,37192.7165286798
UniRL,6jlpkjdr,qwen3-drpo-unirl-tp2-flashinfer-natural500-20260930-0745-flexfix,226,200-300,118.56526839290746,59.4590609529987,0.4756860011257231,,53.43425003415905,4.393081173999235,0.01234077918343246,0.029250807128846645,3761.19140625,1113.0,8192.0,1653.6053466796875,0.03125,117.80366974859498,0.7615986443124712,1925730.0,16241.940208142747,32387.49433870566
UniRL,6jlpkjdr,qwen3-drpo-unirl-tp2-flashinfer-natural500-20260930-0745-flexfix,227,200-300,115.56426292401738,60.03322352701798,0.829345969017595,,50.09409470204264,3.3032610828522593,0.014111584052443504,0.02419742615893483,3716.134765625,790.0,8192.0,1846.85205078125,0.02734375,114.29823429114185,1.266028632875532,1902661.0,16464.094970700284,31693.467187276834
UniRL,6jlpkjdr,qwen3-drpo-unirl-tp2-flashinfer-natural500-20260930-0745-flexfix,228,200-300,109.92777370498516,54.76101192692295,0.6961148360278457,,51.12547300779261,2.522429874865338,0.011860247934237123,0.01978820306248963,3764.87890625,591.0,8192.0,1737.9083251953125,0.01953125,109.13667809660546,0.7910956083796918,1927618.0,17535.31373402665,35200.55477740902
UniRL,6jlpkjdr,qwen3-drpo-unirl-tp2-flashinfer-natural500-20260930-0745-flexfix,229,200-300,122.99942429317161,62.69893053593114,0.43788330093957484,,56.23416631692089,2.6791500269901007,0.012374427868053317,0.0312806679867208,3912.662109375,588.0,8192.0,1964.531494140625,0.03515625,122.09378527663648,0.9056390165351331,2003283.0,16286.92989021749,31950.83206167241
UniRL,6jlpkjdr,qwen3-drpo-unirl-tp2-flashinfer-natural500-20260930-0745-flexfix,230,200-300,121.05637835990638,60.387890266021714,0.5354680509772152,,56.47377801802941,2.798300095135346,0.012484084814786911,0.022586917970329523,3927.849609375,765.0,8192.0,1888.3048095703125,0.04296875,120.2305074329488,0.8258709269575775,2011059.0,16612.58189982378,33302.35567331215
UniRL,6jlpkjdr,qwen3-drpo-unirl-tp2-flashinfer-natural500-20260930-0745-flexfix,231,200-300,109.5101213878952,57.154469246044755,0.4857227138709277,,48.36950115393847,2.6934446771629155,0.012758280150592327,0.01930572185665369,3619.435546875,682.0,8192.0,1654.9671630859375,0.01171875,108.73520179302432,0.7749195948708802,1853151.0,16922.189259894654,32423.55365111265
UniRL,6jlpkjdr,qwen3-drpo-unirl-tp2-flashinfer-natural500-20260930-0745-flexfix,232,200-300,117.2865989881102,61.10410218895413,0.435307330917567,,52.19440562813543,2.6996822049841285,0.012990366201847792,0.02282397379167378,3746.7734375,933.0,8192.0,1794.15771484375,0.02734375,116.46931169298477,0.8172872951254249,1918348.0,16356.0715081735,31394.74980039527
UniRL,6jlpkjdr,qwen3-drpo-unirl-tp2-flashinfer-natural500-20260930-0745-flexfix,233,200-300,123.74177699489519,61.16725647402927,0.5004215259104967,,58.41939207096584,2.864703595871106,0.01243850588798523,0.01936103100888431,4014.5078125,860.0,8192.0,2003.3753662109375,0.046875,122.98357320367359,0.7582037912216038,2055428.0,16610.62294333137,33603.40349534403
UniRL,6jlpkjdr,qwen3-drpo-unirl-tp2-flashinfer-natural500-20260930-0745-flexfix,234,200-300,125.70979116298258,62.77804637909867,0.5224159960635006,,58.995130605995655,2.5744026070460677,0.012093163095414639,0.019162045093253255,4265.86328125,1222.0,8192.0,1933.171142578125,0.056640625,124.90125079639256,0.808540366590023,2184122.0,17374.31889587891,34791.17503610596
UniRL,6jlpkjdr,qwen3-drpo-unirl-tp2-flashinfer-natural500-20260930-0745-flexfix,235,200-300,107.7076309141703,54.84797712601721,0.6178908089641482,,48.6057385399472,2.700913025997579,0.012109553907066584,0.02795774396508932,3492.76171875,813.0,8192.0,1790.6622314453125,0.0390625,106.81258679879829,0.8950441153720021,1788294.0,16603.224718822847,32604.557063084834
UniRL,6jlpkjdr,qwen3-drpo-unirl-tp2-flashinfer-natural500-20260930-0745-flexfix,236,200-300,115.35351014998741,55.01244847313501,0.5581584260798991,,56.34169893502258,2.6078152351547033,0.012564453994855285,0.015907658962532878,3911.537109375,969.0,8192.0,1804.6390380859375,0.041015625,114.54859318234958,0.8049169676378369,2002707.0,17361.47428366937,36404.61487508613
UniRL,6jlpkjdr,qwen3-drpo-unirl-tp2-flashinfer-natural500-20260930-0745-flexfix,237,200-300,132.3581145890057,66.46693596593104,0.5216996690724045,,61.878281197045,2.6342063799966127,0.013618524884805083,0.02012724708765745,4426.611328125,948.0,8192.0,1964.2462158203125,0.0625,131.53486898401752,0.8232456049881876,2266425.0,17123.430679241937,34098.532857926555
UniRL,6jlpkjdr,qwen3-drpo-unirl-tp2-flashinfer-natural500-20260930-0745-flexfix,238,200-300,125.88886126619764,61.40578062599525,0.5028417271096259,,60.58072279393673,2.612191369989887,0.01303685619495809,0.017694504000246525,4207.759765625,1021.0,8192.0,2054.976806640625,0.0859375,125.1322678772267,0.7565933889709413,2154373.0,17113.293251930223,35084.205070556134
UniRL,6jlpkjdr,qwen3-drpo-unirl-tp2-flashinfer-natural500-20260930-0745-flexfix,239,200-300,141.1017170790583,72.46031317277811,0.7796089597977698,,63.6764793980401,2.8591832348611206,0.012971186777576804,0.03216726193204522,4707.115234375,905.0,8192.0,2052.841796875,0.09765625,139.82072321418673,1.2809938648715615,2410043.0,17080.18194172414,33260.17918599619
UniRL,6jlpkjdr,qwen3-drpo-unirl-tp2-flashinfer-natural500-20260930-0745-flexfix,240,200-300,137.30427499604411,68.24070648592897,0.6895163201261312,,64.84901330294088,2.6731110599357635,0.012991515919566154,0.025683247949928045,4633.380859375,1064.0,8192.0,2255.997314453125,0.1640625,136.49102193280123,0.8132530632428825,2372291.0,17277.619360856377,34763.57620197205
UniRL,6jlpkjdr,qwen3-drpo-unirl-tp2-flashinfer-natural500-20260930-0745-flexfix,241,200-300,152.20672762789764,75.8146400351543,0.5784618200268596,,72.15314698312432,2.7463244199752808,0.012247550301253796,0.03337507811374962,5244.271484375,718.0,8192.0,2102.045654296875,0.193359375,151.33819588669576,0.8685317412018776,2685067.0,17640.921934569335,35416.20719632736
UniRL,6jlpkjdr,qwen3-drpo-unirl-tp2-flashinfer-natural500-20260930-0745-flexfix,242,200-300,150.07582873897627,74.21935311006382,0.6098199770785868,,71.55433905310929,2.8613968319259584,0.012445046799257398,0.029629740864038467,5031.607421875,1155.0,8192.0,2001.8702392578125,0.13671875,149.28698375984095,0.7888449791353196,2576183.0,17165.87555535476,34710.39414988758
UniRL,6jlpkjdr,qwen3-drpo-unirl-tp2-flashinfer-natural500-20260930-0745-flexfix,243,200-300,155.01240417500958,77.10281946207397,0.6165193349588662,,73.58667317219079,2.747774519957602,0.012440708000212908,0.03299417602829635,5406.779296875,1207.0,8192.0,2159.489501953125,0.2265625,154.09922137320973,0.9131828017998487,2768271.0,17858.383751500376,35903.62867808851
UniRL,6jlpkjdr,qwen3-drpo-unirl-tp2-flashinfer-natural500-20260930-0745-flexfix,244,200-300,169.95630968990736,83.00078232586384,0.8623512960039079,,80.64839341817424,4.633009067969397,0.012436198070645332,0.0207210851367563,5732.333984375,1099.0,8192.0,1958.131591796875,0.205078125,169.17769339121878,0.7786162986885756,2934955.0,17268.879309952965,35360.570319413004
UniRL,6jlpkjdr,qwen3-drpo-unirl-tp2-flashinfer-natural500-20260930-0745-flexfix,245,200-300,168.8951574359089,83.70288721984252,1.1126058609224856,,80.41727359010838,2.812302009901032,0.012632773956283927,0.030672000953927636,5736.279296875,1490.0,8192.0,2052.64013671875,0.2421875,168.08837345568463,0.8067839802242815,2936975.0,17389.33812305721,35088.09668997611
UniRL,6jlpkjdr,qwen3-drpo-unirl-tp2-flashinfer-natural500-20260930-0745-flexfix,246,200-300,166.20973754790612,80.34429551404901,0.7600009238813072,,81.62750518415123,2.5852243730332702,0.013585055945441127,0.017479359172284603,5992.798828125,1699.0,8192.0,1855.16259765625,0.224609375,165.34809041023254,0.8616471376735717,3068313.0,18460.48880930114,38189.55633836474
UniRL,6jlpkjdr,qwen3-drpo-unirl-tp2-flashinfer-natural500-20260930-0745-flexfix,247,200-300,148.23615265707485,71.34658736991696,0.7347386770416051,,72.52355611603707,2.819618608104065,0.01289909821934998,0.01822766405530274,5292.166015625,1175.0,8192.0,2049.49560546875,0.158203125,147.45562753337435,0.7805251237004995,2709589.0,18278.867546355465,37977.836079970504
UniRL,6jlpkjdr,qwen3-drpo-unirl-tp2-flashinfer-natural500-20260930-0745-flexfix,248,200-300,146.86914262315258,72.70874549006112,0.6823667101562023,,70.03847495792434,2.6110749489162117,0.01292131724767387,0.020223594969138503,5205.41015625,1627.0,8192.0,1796.6715087890625,0.12109375,146.07380701927468,0.795335603877902,2665170.0,18146.561982992473,36655.42545173351
UniRL,6jlpkjdr,qwen3-drpo-unirl-tp2-flashinfer-natural500-20260930-0745-flexfix,249,200-300,154.37776975193992,78.19218086218461,0.6969108209013939,,71.86982927587815,2.6339585019741207,0.012398788006976247,0.02617525914683938,5100.05859375,1501.0,8192.0,1801.4918212890625,0.103515625,153.4314535080921,0.9463162438478321,2611230.0,16914.546726486748,33395.027114058226
UniRL,6jlpkjdr,qwen3-drpo-unirl-tp2-flashinfer-natural500-20260930-0745-flexfix,250,200-300,150.87106289505027,72.26235588104464,0.5591991799883544,,74.33078869106248,2.8249724260531366,0.012640742119401693,0.0151154650375247,5295.447265625,1589.0,8192.0,1931.6781005859375,0.140625,150.00507238530554,0.8659905097447336,2711269.0,17970.76886696309,37519.798060046385
UniRL,6jlpkjdr,qwen3-drpo-unirl-tp2-flashinfer-natural500-20260930-0745-flexfix,251,200-300,152.72496557305567,75.98618698492646,0.8596679929178208,,72.27164070983417,2.800590840866789,0.013233441160991788,0.02444731304422021,5105.822265625,1165.0,8192.0,1871.4827880859375,0.111328125,151.95576728275046,0.7691982903052121,2614181.0,17116.91988399573,34403.37124059904
UniRL,6jlpkjdr,qwen3-drpo-unirl-tp2-flashinfer-natural500-20260930-0745-flexfix,252,200-300,147.72563242795877,75.16228021401912,0.6153719529975206,,66.81264625210315,4.29803964914754,0.011977625777944922,0.025881524197757244,4972.9375,1498.0,8192.0,1929.0579833984375,0.11328125,146.92619721824303,0.7994352097157389,2546144.0,17235.627684597497,33875.28947698287
UniRL,6jlpkjdr,qwen3-drpo-unirl-tp2-flashinfer-natural500-20260930-0745-flexfix,253,200-300,145.37331934110261,72.61418773094192,0.5911919758655131,,68.76274149096571,2.534842930966988,0.012450667098164558,0.022100498899817467,5062.64453125,1403.0,8192.0,1789.5594482421875,0.1015625,144.5375152947381,0.8358040463645011,2592074.0,17830.465808639765,35696.52269064054
UniRL,6jlpkjdr,qwen3-drpo-unirl-tp2-flashinfer-natural500-20260930-0745-flexfix,254,200-300,157.63194640912116,83.73481159191579,0.799406219040975,,69.56776700005867,2.6748564769513905,0.013031925074756145,0.02902551321312785,5090.099609375,1017.0,8192.0,1984.8040771484375,0.138671875,156.8188987262547,0.8130476828664541,2606131.0,16533.012878214387,31123.62648764364
UniRL,6jlpkjdr,qwen3-drpo-unirl-tp2-flashinfer-natural500-20260930-0745-flexfix,255,200-300,158.89041060209274,77.25793283898383,0.6296503939665854,,77.31486073601991,2.8665647730231285,0.013322029961273074,0.019290494034066796,5511.474609375,1411.0,8192.0,1977.9591064453125,0.166015625,158.1016212659888,0.788789336103946,2821875.0,17759.88235732354,36525.375405541534
UniRL,6jlpkjdr,qwen3-drpo-unirl-tp2-flashinfer-natural500-20260930-0745-flexfix,256,200-300,170.17930395086296,83.01940676383674,0.8697061780840158,,83.06098822201602,2.422147696139291,0.012133823009207845,0.027416215045377612,6115.890625,1999.0,8192.0,1749.69677734375,0.23828125,169.41179889813066,0.7675050527323037,3131336.0,18400.216285431114,37718.12064265449
UniRL,6jlpkjdr,qwen3-drpo-unirl-tp2-flashinfer-natural500-20260930-0745-flexfix,257,200-300,169.7514787639957,84.04710212699138,0.6891581441741437,,79.62311222893186,4.489616997074336,0.013873777817934752,0.025807386031374335,5819.564453125,1189.0,8192.0,1819.0628662109375,0.201171875,168.88867066102102,0.8628081029746681,2979617.0,17552.819107647014,35451.75175103519
UniRL,6jlpkjdr,qwen3-drpo-unirl-tp2-flashinfer-natural500-20260930-0745-flexfix,258,200-300,170.3299643790815,84.00834692385979,1.2269665519706905,,81.68835464399308,2.5969488627742976,0.012393418001011014,0.022172386990860105,5950.591796875,1523.0,8192.0,1832.1397705078125,0.21875,169.55518278758973,0.7747815914917737,3046703.0,17887.06415284245,36266.67005793307
UniRL,6jlpkjdr,qwen3-drpo-unirl-tp2-flashinfer-natural500-20260930-0745-flexfix,259,200-300,164.3024509709794,82.09810205316171,0.9583734369371086,,77.71795667894185,2.5922912231180817,0.012662872904911637,0.020165737019851804,5713.982421875,1495.0,8192.0,1971.503173828125,0.240234375,163.3995520020835,0.9028989688958973,2925559.0,17805.936446539916,35634.91636025382
UniRL,6jlpkjdr,qwen3-drpo-unirl-tp2-flashinfer-natural500-20260930-0745-flexfix,260,200-300,158.0883070898708,77.84059662604704,0.9446227250155061,,75.70917341299355,2.67389815999195,0.01228777994401753,0.03258380386978388,5433.4921875,1385.0,8192.0,1912.7193603515625,0.142578125,157.21316250786185,0.875144582008943,2781948.0,17597.43051975694,35739.037476353355
UniRL,6jlpkjdr,qwen3-drpo-unirl-tp2-flashinfer-natural500-20260930-0745-flexfix,261,200-300,171.2012457670644,83.17196081602015,0.6382497381418943,,83.0105307570193,3.4901717309840024,0.012536565074697137,0.016977157909423113,6119.06640625,1827.0,8192.0,1796.75390625,0.2421875,170.34042676514946,0.8608190019149333,3132962.0,18299.878519941925,37668.48790459856
UniRL,6jlpkjdr,qwen3-drpo-unirl-tp2-flashinfer-natural500-20260930-0745-flexfix,262,200-300,167.64428852288984,80.50803562509827,2.8477996189612895,,80.5915273160208,2.8431242948863655,0.01180770993232727,0.036080295918509364,5738.408203125,1351.0,8192.0,1912.6256103515625,0.201171875,166.83837486081757,0.8059136620722711,2938065.0,17525.589603363325,36494.05897420831
UniRL,6jlpkjdr,qwen3-drpo-unirl-tp2-flashinfer-natural500-20260930-0745-flexfix,263,200-300,158.46912103705108,78.80985164712183,0.9857364611234516,,75.08468539989553,2.6379820769652724,0.011915576877072453,0.03023097012192011,5300.85546875,990.0,8192.0,1945.400146484375,0.138671875,157.56040213210508,0.9087189049459994,2714038.0,17126.604743175427,34437.80115400227
UniRL,6jlpkjdr,qwen3-drpo-unirl-tp2-flashinfer-natural500-20260930-0745-flexfix,264,200-300,155.85419769911095,73.13525876682252,4.210386631079018,,75.13627982279286,2.531709591858089,0.01239122822880745,0.01840468100272119,5321.251953125,1207.0,8192.0,2019.6751708984375,0.1328125,155.044430721784,0.8097669773269445,2724481.0,17480.960026882494,37252.63362623048
UniRL,6jlpkjdr,qwen3-drpo-unirl-tp2-flashinfer-natural500-20260930-0745-flexfix,265,200-300,145.34907070803456,72.88658405304886,0.6788970329798758,,68.02941112290137,2.8677384299226105,0.012842498952522874,0.022703886032104492,5093.001953125,1291.0,8192.0,1742.4583740234375,0.09375,144.49817702383734,0.8508936841972172,2607617.0,17940.37613930102,35776.36452412291
UniRL,6jlpkjdr,qwen3-drpo-unirl-tp2-flashinfer-natural500-20260930-0745-flexfix,266,200-300,143.39010201208293,67.981798293069,0.9311607768759131,,70.93466312997043,2.6770364339463413,0.012904388131573796,0.01498700794763863,5127.232421875,1628.0,8192.0,1838.6593017578125,0.1171875,142.5525500299409,0.8375519821420312,2625143.0,18307.70020498897,38615.38037995154
UniRL,6jlpkjdr,qwen3-drpo-unirl-tp2-flashinfer-natural500-20260930-0745-flexfix,267,200-300,144.5603664619848,70.99924478004687,0.5953022050671279,,69.20323803112842,2.5772463029716164,0.012735150987282395,0.03791173011995852,5114.51953125,1790.0,8192.0,1780.7982177734375,0.09765625,143.42567820032127,1.1346882616635412,2618634.0,18114.467084507738,36882.561330228724
UniRL,6jlpkjdr,qwen3-drpo-unirl-tp2-flashinfer-natural500-20260930-0745-flexfix,268,200-300,149.9124665639829,71.60063731484115,0.9517304450273514,,73.70276717282832,2.782382097095251,0.012754160910844803,0.019499619025737047,5171.330078125,1150.0,8192.0,2052.951904296875,0.1484375,149.06977080972865,0.8426957542542368,2647721.0,17661.77997524941,36979.014423537665
UniRL,6jlpkjdr,qwen3-drpo-unirl-tp2-flashinfer-natural500-20260930-0745-flexfix,269,200-300,141.53400666289963,70.164560375968,2.91007032408379,,64.85596457007341,2.8271463019773364,0.012976686703041196,0.023408483946695924,4781.609375,1467.0,8192.0,1877.7568359375,0.08203125,140.79412674275227,0.7398799201473594,2448184.0,17297.496606811907,34892.03077567526
UniRL,6jlpkjdr,qwen3-drpo-unirl-tp2-flashinfer-natural500-20260930-0745-flexfix,270,200-300,133.74256070004776,61.43752601998858,0.5562610609922558,,64.71629763417877,6.197843193076551,0.013183681992813945,0.015137564158067107,4619.455078125,1534.0,8192.0,1734.12939453125,0.060546875,132.93624915438704,0.8063115456607193,2365161.0,17684.430353509415,38497.00912811006
UniRL,6jlpkjdr,qwen3-drpo-unirl-tp2-flashinfer-natural500-20260930-0745-flexfix,271,200-300,136.61455483804457,65.59348207595758,0.47700709686614573,,67.12286412785761,2.519829314900562,0.012814601184800267,0.020175395999103785,4711.7578125,1446.0,8192.0,1858.96435546875,0.07421875,135.7461726127658,0.868382225278765,2412420.0,17658.586984819474,36778.34936718873
UniRL,6jlpkjdr,qwen3-drpo-unirl-tp2-flashinfer-natural500-20260930-0745-flexfix,272,200-300,138.4775177151896,68.24432563711889,0.7620943069923669,,65.2314034178853,3.3160370069090277,0.013087745057418942,0.019112486857920885,4685.91796875,1307.0,8192.0,1995.1424560546875,0.09375,137.58606060082093,0.8914571143686771,2399190.0,17325.483873378478,35155.889923470095
UniRL,6jlpkjdr,qwen3-drpo-unirl-tp2-flashinfer-natural500-20260930-0745-flexfix,273,200-300,139.21006262884475,68.2242078690324,0.6425231988541782,,66.32567461719736,2.9654783338773996,0.012586074881255627,0.0198982919100672,4834.130859375,1681.0,8192.0,1811.5972900390625,0.0859375,138.19036838575266,1.01969424309209,2475075.0,17779.42594996834,36278.54506938819
UniRL,6jlpkjdr,qwen3-drpo-unirl-tp2-flashinfer-natural500-20260930-0745-flexfix,274,200-300,155.6578533758875,78.66949572484009,0.7254891111515462,,72.55448271497153,2.7242383889388293,0.014965477166697383,0.02552820206619799,5154.94921875,1074.0,8192.0,2033.581298828125,0.1328125,154.7141996191349,0.9436537567526102,2639334.0,16955.99639053516,33549.649399451075
UniRL,6jlpkjdr,qwen3-drpo-unirl-tp2-flashinfer-natural500-20260930-0745-flexfix,275,200-300,146.27660224679857,73.2686610869132,0.6822882830165327,,68.83162807184272,2.6762292361818254,0.012466966873034835,0.024781286949291825,5004.23828125,1545.0,8192.0,1925.9002685546875,0.11328125,145.4960549317766,0.7805473150219768,2562170.0,17515.925039584217,34969.521238564565
UniRL,6jlpkjdr,qwen3-drpo-unirl-tp2-flashinfer-natural500-20260930-0745-flexfix,276,200-300,161.23309726291336,83.38101769704372,0.6400586939416826,,73.53657699609175,2.724880955880508,0.012564704986289144,0.03774208389222622,5256.068359375,1289.0,8192.0,1948.0091552734375,0.12109375,160.33284113183618,0.9002561310771853,2691107.0,16690.785240029036,32274.81595124994
UniRL,6jlpkjdr,qwen3-drpo-unirl-tp2-flashinfer-natural500-20260930-0745-flexfix,277,200-300,142.1767767390702,70.24204984493554,0.6757426178082824,,67.5479490510188,2.8105508210137486,0.0717452799435705,0.022674318170174956,5065.189453125,1718.0,8192.0,1904.8492431640625,0.109375,141.37071193289012,0.8060648061800748,2593377.0,18240.51057761348,36920.57685852092
UniRL,6jlpkjdr,qwen3-drpo-unirl-tp2-flashinfer-natural500-20260930-0745-flexfix,278,200-300,156.09888954414055,76.25638412614353,0.7883002520538867,,75.53190176002681,2.6452056178823113,0.012560095870867372,0.02082922402769327,5443.22265625,1081.0,8192.0,1843.86328125,0.13671875,155.2551810760051,0.8437084681354463,2786930.0,17853.618357816256,36546.841709539396
UniRL,6jlpkjdr,qwen3-drpo-unirl-tp2-flashinfer-natural500-20260930-0745-flexfix,279,200-300,150.9240474170074,74.55938595207408,0.7570095220580697,,72.0474410050083,2.728170488961041,0.012626195093616843,0.021292485063895583,5260.205078125,1416.0,8192.0,1975.567626953125,0.14453125,150.125925648259,0.7981217687483877,2693225.0,17844.903089290627,36121.877421726276
UniRL,6jlpkjdr,qwen3-drpo-unirl-tp2-flashinfer-natural500-20260930-0745-flexfix,280,200-300,150.46370508591644,73.57159222103655,0.6206756720785052,,72.7485139479395,2.5917960989754647,0.012415809091180563,0.021115547977387905,5259.158203125,1526.0,8192.0,2016.593505859375,0.162109375,149.5661092970986,0.8975957888178527,2692689.0,17895.937086372058,36599.574899917294
UniRL,6jlpkjdr,qwen3-drpo-unirl-tp2-flashinfer-natural500-20260930-0745-flexfix,281,200-300,151.09792176401243,74.5213523840066,0.6800078940577805,,71.94074886594899,3.0957335280254483,0.012191650923341513,0.035804181126877666,5283.033203125,1201.0,8192.0,1990.6651611328125,0.15234375,150.28583850408904,0.8120832599233836,2704913.0,17901.722064877795,36297.15394940303
UniRL,6jlpkjdr,qwen3-drpo-unirl-tp2-flashinfer-natural500-20260930-0745-flexfix,282,200-300,151.50013301707804,73.43084793817252,0.631395922973752,,73.6948245568201,2.8868626030161977,0.012226511258631945,0.02962141204625368,5187.771484375,1054.0,8192.0,2035.522705078125,0.15625,150.68577894428745,0.8143540727905929,2656139.0,17532.25523373358,36171.97778018881
UniRL,6jlpkjdr,qwen3-drpo-unirl-tp2-flashinfer-natural500-20260930-0745-flexfix,283,200-300,144.8162898560986,72.00956409191713,1.069531748071313,,67.84338171314448,2.8623329328838736,0.012045086128637195,0.024157128063961864,4981.943359375,1363.0,8192.0,2018.0977783203125,0.119140625,143.8210127002094,0.9952771558891982,2550755.0,17613.729798868902,35422.44745078682
UniRL,6jlpkjdr,qwen3-drpo-unirl-tp2-flashinfer-natural500-20260930-0745-flexfix,284,200-300,141.81416796590202,69.014432603959,0.5725126261822879,,68.6531314898748,2.698629185091704,0.012048924108967185,0.0182104439008981,5044.8671875,1255.0,8192.0,1965.3271484375,0.107421875,140.96896527311765,0.845202692784369,2582972.0,18213.779603608105,37426.54836883827
UniRL,6jlpkjdr,qwen3-drpo-unirl-tp2-flashinfer-natural500-20260930-0745-flexfix,285,200-300,141.819736426929,71.77939075184986,0.6218376208562404,,65.74572351598181,2.7600432538893074,0.012037704000249505,0.027232527965679765,4820.83203125,1084.0,8192.0,1934.8426513671875,0.099609375,140.94626537454315,0.8734710523858666,2468266.0,17404.248958477972,34386.83407794721
UniRL,6jlpkjdr,qwen3-drpo-unirl-tp2-flashinfer-natural500-20260930-0745-flexfix,286,200-300,137.02895993110724,65.21814468386583,0.6723151539918035,,67.38759809313342,2.909628818044439,0.012525465106591582,0.015475137857720256,4859.521484375,1317.0,8192.0,1931.6856689453125,0.09765625,136.2156873519998,0.8132725791074336,2488075.0,18157.293182776153,38150.04263093549
UniRL,6jlpkjdr,qwen3-drpo-unirl-tp2-flashinfer-natural500-20260930-0745-flexfix,287,200-300,129.8685361968819,62.929557140916586,0.5029615061357617,,62.83737020380795,2.7974661618936807,0.013366598170250654,0.014927268028259277,4558.6328125,1000.0,8192.0,1825.568603515625,0.060546875,129.0956488789525,0.7728873179294169,2334020.0,17972.174541658067,37089.407681250435
UniRL,6jlpkjdr,qwen3-drpo-unirl-tp2-flashinfer-natural500-20260930-0745-flexfix,288,200-300,125.48176969983615,60.93102311808616,0.5234556151553988,,60.40087705291808,2.68689082399942,0.012188451131805778,0.017455108929425478,4341.30859375,1004.0,8192.0,1632.5142822265625,0.046875,124.57189017022029,0.9098795296158642,2222750.0,17713.728498705597,36479.77477240524
UniRL,6jlpkjdr,qwen3-drpo-unirl-tp2-flashinfer-natural500-20260930-0745-flexfix,289,200-300,108.05019759712741,52.08242936315946,0.43038677400909364,,51.97820092178881,2.627915916033089,0.012732540955767035,0.015007685869932175,3820.853515625,1242.0,8192.0,1628.0260009765625,0.03125,107.14667320181616,0.9035243953112513,1956277.0,18105.26073533075,37561.17032021117
UniRL,6jlpkjdr,qwen3-drpo-unirl-tp2-flashinfer-natural500-20260930-0745-flexfix,290,200-300,115.8108931730967,56.763288668124005,0.4426884539425373,,55.249288411810994,2.554847224848345,0.013831909978762269,0.019920420134440064,3943.390625,1163.0,8192.0,1634.2193603515625,0.02734375,115.04386508883908,0.7670280842576176,2019016.0,17433.73135877882,35569.04554640081
UniRL,6jlpkjdr,qwen3-drpo-unirl-tp2-flashinfer-natural500-20260930-0745-flexfix,291,200-300,127.70629640691914,61.88574997498654,0.5158848429564387,,61.223028087988496,3.2141712680459023,0.012445027008652687,0.01775565417483449,4479.4765625,906.0,8192.0,1756.0589599609375,0.0546875,126.86903485516086,0.8372615517582744,2293492.0,17959.114503580095,37060.0986645068
UniRL,6jlpkjdr,qwen3-drpo-unirl-tp2-flashinfer-natural500-20260930-0745-flexfix,292,200-300,123.8358724550344,59.84730297396891,0.45701620099134743,,59.97291191201657,2.6491124448366463,0.01255793496966362,0.018967609852552414,4153.990234375,1304.0,8192.0,1586.3641357421875,0.021484375,122.95786907663569,0.8780033783987164,2126843.0,17174.692258677067,35537.82533734375
UniRL,6jlpkjdr,qwen3-drpo-unirl-tp2-flashinfer-natural500-20260930-0745-flexfix,293,200-300,139.41057803109288,69.52296169404872,0.5214336449280381,,65.36877863807604,3.1508256050292403,0.012656832812353969,0.02634189510717988,4502.037109375,1512.0,8192.0,1697.6744384765625,0.0390625,138.60299831000157,0.8075797210913152,2305043.0,16534.204452447677,33155.13240278594
UniRL,6jlpkjdr,qwen3-drpo-unirl-tp2-flashinfer-natural500-20260930-0745-flexfix,294,200-300,123.36376677709632,59.99692528299056,0.6995664890855551,,58.73994201282039,3.097676482051611,0.012725271983072162,0.019401892088353634,4194.140625,1076.0,8192.0,1786.517333984375,0.0390625,122.56623743101954,0.7975293460767716,2147400.0,17407.056027075574,35791.83416268832
UniRL,6jlpkjdr,qwen3-drpo-unirl-tp2-flashinfer-natural500-20260930-0745-flexfix,295,200-300,121.6819050970953,59.341051612980664,0.49333560303784907,,58.27640039799735,2.650777642149478,0.01227016095072031,0.018606217112392187,4295.54296875,1411.0,8192.0,1602.0284423828125,0.0234375,120.79244163422845,0.8894634628668427,2199318.0,18074.322539946003,37062.33610998067
UniRL,6jlpkjdr,qwen3-drpo-unirl-tp2-flashinfer-natural500-20260930-0745-flexfix,296,200-300,129.18599608307704,63.7852830181364,1.0330438411328942,,60.16624715994112,2.9184805888216943,0.012401109095662832,0.024000601144507527,4422.65234375,958.0,8192.0,1750.566162109375,0.05078125,127.93945631827228,1.2465397648047656,2264398.0,17528.20018157238,35500.320651648624
UniRL,6jlpkjdr,qwen3-drpo-unirl-tp2-flashinfer-natural500-20260930-0745-flexfix,297,200-300,136.63048175117,66.66469652717933,0.5153203308582306,,66.10823444998823,2.4349730950780213,0.012201053090393543,0.022493622032925487,4685.4609375,901.0,8192.0,1998.805908203125,0.083984375,135.75791907822713,0.8725626729428768,2398956.0,17557.985372319432,35985.40344396439
UniRL,6jlpkjdr,qwen3-drpo-unirl-tp2-flashinfer-natural500-20260930-0745-flexfix,298,200-300,133.87365556205623,64.76113249105401,0.6411322560161352,,64.86141592799686,2.787547576939687,0.013358449097722769,0.015611545881256461,4726.521484375,891.0,8192.0,2063.1025390625,0.09375,133.08019824698567,0.7934573150705546,2419979.0,18076.588630077673,37367.768396179476
UniRL,6jlpkjdr,qwen3-drpo-unirl-tp2-flashinfer-natural500-20260930-0745-flexfix,299,200-300,145.0283540310338,72.66678941412829,0.5779826680663973,,68.37873734114692,2.5360164921730757,0.013269782066345215,0.019279823871329427,4994.640625,1488.0,8192.0,1973.84423828125,0.134765625,144.19207552145235,0.8362785095814615,2557256.0,17632.800269199684,35191.53688525014
UniRL,6jlpkjdr,qwen3-drpo-unirl-tp2-flashinfer-natural500-20260930-0745-flexfix,300,200-300,139.57101044105366,68.8521878758911,0.6428534130100161,,64.96674096211791,4.118511910084635,0.01374855195172131,0.01993880094960332,4698.033203125,1271.0,8192.0,2128.6015625,0.138671875,138.613981514005,0.9570289270486683,2405393.0,17234.18776147567,34935.60733808226
UniRL,6jlpkjdr,qwen3-drpo-unirl-tp2-flashinfer-natural500-20260930-0745-flexfix,301,300-400,159.05628993501887,78.1996738910675,0.7561136242002249,,76.41019626893103,2.7243532289285213,0.01308388402685523,0.021833613980561495,5433.037109375,1366.0,8192.0,1945.9761962890625,0.15625,158.1252545111347,0.9310354238841683,2781715.0,17488.871399782092,35571.95141088365
UniRL,6jlpkjdr,qwen3-drpo-unirl-tp2-flashinfer-natural500-20260930-0745-flexfix,302,300-400,154.24317184090614,77.40801589004695,0.6580490968190134,,71.47948087821715,3.4197039490099996,0.013749681878834963,0.021710736909881234,5173.5,1348.0,8192.0,2031.7960205078125,0.177734375,153.00071023288183,1.242461608024314,2648832.0,17173.09083044618,34219.0917767805
UniRL,6jlpkjdr,qwen3-drpo-unirl-tp2-flashinfer-natural500-20260930-0745-flexfix,303,300-400,168.89873390388675,82.25112642697059,2.4589181849732995,,80.58922375901602,2.5940568200312555,0.013360329903662205,0.02574915811419487,5618.5703125,904.0,8192.0,2142.1181640625,0.240234375,167.93243467900902,0.96629922487773,2876708.0,17032.146621282638,34974.694268219915
UniRL,6jlpkjdr,qwen3-drpo-unirl-tp2-flashinfer-natural500-20260930-0745-flexfix,304,300-400,160.370596351102,77.94786467705853,1.7408822730649263,,77.22560216905549,2.64424866088666,0.012499975739046931,0.01770531409420073,5514.3359375,1046.0,8192.0,2069.9892578125,0.19140625,159.58880306989886,0.7817932812031358,2823340.0,17605.097594192484,36220.87675778192
UniRL,6jlpkjdr,qwen3-drpo-unirl-tp2-flashinfer-natural500-20260930-0745-flexfix,305,300-400,148.994224361144,73.41438339091837,0.6441079319920391,,70.44536762987264,3.538269242970273,0.011872498085722327,0.027196648996323347,5054.126953125,1242.0,8192.0,2086.38916015625,0.13671875,148.08119734283537,0.9130270183086395,2587713.0,17367.874567591938,35248.03833359049
UniRL,6jlpkjdr,qwen3-drpo-unirl-tp2-flashinfer-natural500-20260930-0745-flexfix,306,300-400,147.24647404416464,74.51206979504786,0.5781423591542989,,68.36346409283578,2.962755253072828,0.011726979864761233,0.030893957009539008,5050.447265625,1268.0,8192.0,2114.68798828125,0.154296875,146.45905243698508,0.7874216071795672,2585829.0,17561.228659535947,34703.491757946795
UniRL,6jlpkjdr,qwen3-drpo-unirl-tp2-flashinfer-natural500-20260930-0745-flexfix,307,300-400,146.47258509206586,72.08195778890513,0.6678292700089514,,69.9603775839787,2.8627778228837997,0.012410169234499335,0.01994144101627171,5071.826171875,1038.0,8192.0,2207.46240234375,0.1796875,145.60529407602735,0.8672910160385072,2596775.0,17728.744244991565,36025.311737574586
UniRL,6jlpkjdr,qwen3-drpo-unirl-tp2-flashinfer-natural500-20260930-0745-flexfix,308,300-400,155.95284884795547,82.9908541010227,0.619884055107832,,68.90655096503906,2.55326098180376,0.020603897282853723,0.03135102894157171,5019.154296875,1040.0,8192.0,2274.405029296875,0.197265625,155.12250502919778,0.830343818757683,2569807.0,16478.10231735751,30964.942195580225
UniRL,6jlpkjdr,qwen3-drpo-unirl-tp2-flashinfer-natural500-20260930-0745-flexfix,309,300-400,168.66924973204732,84.11405496485531,1.0580027070827782,,78.73441662895493,3.8795873338822275,0.012136041885241866,0.028041043085977435,5600.232421875,1097.0,8192.0,2202.61767578125,0.279296875,167.82623871974647,0.843011012300849,2867319.0,16999.654676564358,34088.46477794975
UniRL,6jlpkjdr,qwen3-drpo-unirl-tp2-flashinfer-natural500-20260930-0745-flexfix,310,300-400,153.53312319889665,79.14566338481382,0.777503740042448,,69.95629080198705,2.783789024921134,0.012366019887849689,0.029757410055026412,5210.02734375,1172.0,8192.0,2150.73193359375,0.189453125,152.70537038170733,0.8277528171893209,2667534.0,17374.322520257116,33704.108171160224
UniRL,6jlpkjdr,qwen3-drpo-unirl-tp2-flashinfer-natural500-20260930-0745-flexfix,311,300-400,164.22219301504083,83.63985398504883,0.7469989149831235,,76.01243295986205,2.9382601098623127,0.012047735042870045,0.02708272193558514,5468.416015625,1403.0,8192.0,2208.1904296875,0.25,163.37667642673478,0.8455165883060545,2799829.0,17049.02941920626,33474.81931879613
UniRL,6jlpkjdr,qwen3-drpo-unirl-tp2-flashinfer-natural500-20260930-0745-flexfix,312,300-400,160.87538010207936,79.10682710097171,1.0582702851388603,,77.51025020307861,2.3658919280860573,0.012903638882562518,0.026334906928241253,5571.435546875,1347.0,8192.0,2170.838623046875,0.26953125,160.08047806308605,0.7949020389933139,2852575.0,17731.582036915603,36059.78275881274
UniRL,6jlpkjdr,qwen3-drpo-unirl-tp2-flashinfer-natural500-20260930-0745-flexfix,313,300-400,165.4504587519914,80.47849044622853,1.0292662200517952,,80.23259407910518,2.8353790431283414,0.012170062866061926,0.021574069978669286,5763.4375,1162.0,8192.0,2202.172607421875,0.298828125,164.60947392135859,0.8409848306328058,2950880.0,17835.429543434147,36666.69172891136
UniRL,6jlpkjdr,qwen3-drpo-unirl-tp2-flashinfer-natural500-20260930-0745-flexfix,314,300-400,160.7150731959846,81.16233124001883,1.0459200160112232,,74.66302139009349,2.944970975862816,0.012430258328095078,0.028338128002360463,5321.90625,1491.0,8192.0,2268.20166015625,0.248046875,159.85701200831681,0.8580611876677722,2724816.0,16954.327592392117,33572.42157007525
UniRL,6jlpkjdr,qwen3-drpo-unirl-tp2-flashinfer-natural500-20260930-0745-flexfix,315,300-400,171.985666600056,88.12500267499126,0.9989776599686593,,79.21652173087932,2.7199140440206975,0.012495506089180708,0.027192139998078346,5814.123046875,1315.0,8192.0,2163.14208984375,0.326171875,171.1001037559472,0.8855628441087902,2976831.0,17308.59936672787,33779.64152782699
UniRL,6jlpkjdr,qwen3-drpo-unirl-tp2-flashinfer-natural500-20260930-0745-flexfix,316,300-400,161.14410030981526,82.46146816806868,0.8903282601386309,,74.33330157096498,2.5578037451487035,0.012246540980413556,0.022678027860820293,5438.013671875,1207.0,8192.0,2252.21826171875,0.265625,160.27782631316222,0.8662739966530353,2784263.0,17278.094541760962,33764.41217763986
UniRL,6jlpkjdr,qwen3-drpo-unirl-tp2-flashinfer-natural500-20260930-0745-flexfix,317,300-400,160.82019435591064,87.38219472393394,0.7768299840390682,,69.17540678498335,2.6360305990092456,0.01319648395292461,0.03756934707053006,5147.037109375,1068.0,8192.0,2174.126220703125,0.193359375,160.02122792298906,0.7989664329215884,2635283.0,16386.517940451333,30158.123268998155
UniRL,6jlpkjdr,qwen3-drpo-unirl-tp2-flashinfer-natural500-20260930-0745-flexfix,318,300-400,174.24713764199987,86.91044349200092,0.8897767318412662,,82.97677341499366,2.53826020215638,0.011974676977843046,0.033166603883728385,5903.396484375,1425.0,8192.0,2033.319091796875,0.294921875,173.3603951218538,0.8867425201460719,3022539.0,17346.2763343061,34777.62715913639
UniRL,6jlpkjdr,qwen3-drpo-unirl-tp2-flashinfer-natural500-20260930-0745-flexfix,319,300-400,172.75607415218838,87.39425551705062,0.8096977740060538,,80.89493940398097,2.8416408479679376,0.012146503198891878,0.037122565787285566,5758.58203125,1418.0,8192.0,2178.504150390625,0.291015625,171.98980261199176,0.7662715401966125,2948394.0,17066.803667942993,33736.702516159865
UniRL,6jlpkjdr,qwen3-drpo-unirl-tp2-flashinfer-natural500-20260930-0745-flexfix,320,300-400,170.1695008201059,79.04141761991195,10.729268733877689,,76.91894120210782,2.663920442108065,0.012466817162930965,0.022665099008008838,5515.951171875,1570.0,8192.0,2123.14990234375,0.248046875,169.38867991417646,0.7808209059294313,2824167.0,16596.199591521152,35730.21695512381
UniRL,6jlpkjdr,qwen3-drpo-unirl-tp2-flashinfer-natural500-20260930-0745-flexfix,321,300-400,166.24366993294097,81.65377365914173,1.1987880179658532,,79.91055969591253,2.5385355360340327,0.013375960057601333,0.020494570955634117,5799.642578125,1130.0,8192.0,2019.6197509765625,0.2578125,165.33552744006738,0.9081424928735942,2969417.0,17861.834987147464,36365.94938521316
UniRL,6jlpkjdr,qwen3-drpo-unirl-tp2-flashinfer-natural500-20260930-0745-flexfix,322,300-400,171.5932606330607,85.22081014304422,3.8242989289574325,,78.93247930589132,2.7391396360471845,0.01259396388195455,0.0323340289760381,5572.19140625,972.0,8192.0,2073.66064453125,0.21875,170.76165600679815,0.8316046262625605,2852962.0,16626.30565719504,33477.29263792807
UniRL,6jlpkjdr,qwen3-drpo-unirl-tp2-flashinfer-natural500-20260930-0745-flexfix,323,300-400,166.7969084100332,81.07456398918293,0.9546077339909971,,81.04192534997128,2.715385949006304,0.0123562291264534,0.01692936010658741,5876.345703125,1061.0,8192.0,2034.4979248046875,0.26171875,165.81576861138456,0.9811397986486554,3008689.0,18038.038166773484,37110.14715295198
UniRL,6jlpkjdr,qwen3-drpo-unirl-tp2-flashinfer-natural500-20260930-0745-flexfix,324,300-400,151.52520531509072,73.23962753312662,1.027319755870849,,73.29398463317193,2.9729910329915583,0.012468407163396478,0.02036912296898663,5300.36328125,1694.0,8192.0,2040.0548095703125,0.18359375,150.56676048529334,0.9584448297973722,2713786.0,17909.799193848896,37053.519950965645
UniRL,6jlpkjdr,qwen3-drpo-unirl-tp2-flashinfer-natural500-20260930-0745-flexfix,325,300-400,152.3208916769363,73.01674365880899,0.9468902240041643,,73.25975633994676,4.191912344191223,0.012702611973509192,0.018738143844529986,5171.125,1294.0,8192.0,1852.068603515625,0.115234375,151.44674332276918,0.8741483541671187,2647616.0,17381.831020366128,36260.39545630412
UniRL,6jlpkjdr,qwen3-drpo-unirl-tp2-flashinfer-natural500-20260930-0745-flexfix,326,300-400,132.89277595607564,63.232286086073145,0.5916336621157825,,65.41307698911987,2.789551411056891,0.013159713242202997,0.013849779963493347,4712.513671875,1569.0,8192.0,1788.5279541015625,0.080078125,132.0535576415714,0.8392183145042509,2412807.0,18156.04334126855,38157.83279946
UniRL,6jlpkjdr,qwen3-drpo-unirl-tp2-flashinfer-natural500-20260930-0745-flexfix,327,300-400,135.77802720014006,63.409486341057345,0.533070923993364,,68.49225512100384,2.45271131885238,0.013237311039119959,0.01410561497323215,4751.712890625,896.0,8192.0,1906.786376953125,0.076171875,134.91486663091928,0.8631605692207813,2432877.0,17918.046462804185,38367.71341932041
UniRL,6jlpkjdr,qwen3-drpo-unirl-tp2-flashinfer-natural500-20260930-0745-flexfix,328,300-400,125.77579861390404,60.17012092098594,0.4904471959453076,,60.47019617003389,3.6118570151738822,0.012626134091988206,0.03665653499774635,4343.642578125,1117.0,8192.0,1704.6390380859375,0.029296875,124.79190397122875,0.9838946426752955,2223945.0,17681.819749973358,36960.95281112091
UniRL,6jlpkjdr,qwen3-drpo-unirl-tp2-flashinfer-natural500-20260930-0745-flexfix,329,300-400,132.2781199628953,63.151689229067415,0.4431997179053724,,65.35778386704624,2.488810655893758,0.01193854701705277,0.013994517037644982,4592.587890625,1085.0,8192.0,1823.1162109375,0.04296875,131.46741653396748,0.810703428927809,2351405.0,17776.220289943503,37234.23757472028
UniRL,6jlpkjdr,qwen3-drpo-unirl-tp2-flashinfer-natural500-20260930-0745-flexfix,330,300-400,118.10667698504403,55.937603319995105,0.4634782010689378,,58.138400027062744,2.6954404471907765,0.012687422102317214,0.016557006863877177,4163.57421875,1023.0,8192.0,1810.69140625,0.048828125,117.26416642428376,0.8425105607602745,2131750.0,18049.36058162017,38109.426816253996
UniRL,6jlpkjdr,qwen3-drpo-unirl-tp2-flashinfer-natural500-20260930-0745-flexfix,331,300-400,128.24151113419794,62.91483617806807,0.6105707890819758,,61.11206724913791,2.7409488069824874,0.012713141972199082,0.019860393134877086,4452.056640625,973.0,8192.0,1800.44921875,0.0546875,127.41099655837752,0.8305145758204162,2279453.0,17774.689177006603,36230.77064920675
UniRL,6jlpkjdr,qwen3-drpo-unirl-tp2-flashinfer-natural500-20260930-0745-flexfix,332,300-400,133.48660809593275,66.5090048990678,0.6439507768955082,,62.729881525970995,2.6478434519376606,0.012124123983085155,0.02133312402293086,4521.126953125,1161.0,8192.0,1877.3614501953125,0.076171875,132.56413790187798,0.9224701940547675,2314817.0,17341.192745990007,34804.565239141695
UniRL,6jlpkjdr,qwen3-drpo-unirl-tp2-flashinfer-natural500-20260930-0745-flexfix,333,300-400,148.69589921692386,72.66694258293137,0.6545360898599029,,71.75303103309125,2.6700568401720375,0.012224821140989661,0.02143020206131041,5054.279296875,1446.0,8192.0,1985.21923828125,0.123046875,147.77822156925686,0.9176776476670057,2587791.0,17403.243893261784,35611.66753433552
UniRL,6jlpkjdr,qwen3-drpo-unirl-tp2-flashinfer-natural500-20260930-0745-flexfix,334,300-400,139.99504023208283,69.6419349189382,0.5139188040047884,,66.27009206009097,2.6637200829572976,0.012235889909788966,0.025829085847362876,4721.98828125,1266.0,8192.0,1835.97998046875,0.068359375,139.12773084174842,0.8673093903344125,2417658.0,17269.597522826687,34715.54894065055
UniRL,6jlpkjdr,qwen3-drpo-unirl-tp2-flashinfer-natural500-20260930-0745-flexfix,335,300-400,143.78334798500873,71.20101391198114,0.5717642849776894,,68.33468357194215,2.7598236380144954,0.012910488992929459,0.027242308016866446,5005.58984375,1477.0,8192.0,1877.724853515625,0.11328125,142.90743820392527,0.8759097810834646,2562862.0,17824.470190158678,35994.74023176434
UniRL,6jlpkjdr,qwen3-drpo-unirl-tp2-flashinfer-natural500-20260930-0745-flexfix,336,300-400,123.82132680807263,59.633855717023835,0.6409719248767942,,60.14623684203252,2.6387013408821076,0.01236507878638804,0.015278581995517015,4360.63671875,1434.0,8192.0,1772.7220458984375,0.064453125,123.08740948559716,0.7339173224754632,2232646.0,18031.19105209298,37439.23603723381
UniRL,6jlpkjdr,qwen3-drpo-unirl-tp2-flashinfer-natural500-20260930-0745-flexfix,337,300-400,123.41320385993458,59.39923729514703,0.5198751981370151,,59.89809430204332,2.7439887169748545,0.012480437057092786,0.019021608866751194,4268.853515625,1093.0,8192.0,1896.21142578125,0.0703125,122.59269755822606,0.8205063017085195,2185653.0,17710.04180784873,36795.97751634043
UniRL,6jlpkjdr,qwen3-drpo-unirl-tp2-flashinfer-natural500-20260930-0745-flexfix,338,300-400,119.55475173005834,56.822353166062385,0.5474659400060773,,57.13821452087723,4.03550208103843,0.01263244403526187,0.017552417004480958,3981.4140625,1167.0,8192.0,1732.0865478515625,0.025390625,118.57372056902386,0.9810311610344797,2038484.0,17050.63136764882,35874.684634101024
UniRL,6jlpkjdr,qwen3-drpo-unirl-tp2-flashinfer-natural500-20260930-0745-flexfix,339,300-400,135.18931486899965,64.87821518792771,0.6752801269758493,,64.81254203990102,3.933885926147923,0.012637011939659715,0.019969490123912692,4527.1171875,1219.0,8192.0,1736.8699951171875,0.048828125,134.33252978301607,0.8567850859835744,2317884.0,17145.46746720377,35726.69182230067
UniRL,6jlpkjdr,qwen3-drpo-unirl-tp2-flashinfer-natural500-20260930-0745-flexfix,340,300-400,128.8305669799447,64.5976061031688,0.5706658479757607,,60.257968042977154,2.58342003216967,0.012709192000329494,0.022112848004326224,4417.072265625,843.0,8192.0,1837.2215576171875,0.05859375,128.04448206629604,0.786084913648665,2261541.0,17554.382108339694,35009.67197434676
UniRL,6jlpkjdr,qwen3-drpo-unirl-tp2-flashinfer-natural500-20260930-0745-flexfix,341,300-400,121.57484804512933,58.46703695994802,0.44561219681054354,,59.27852573012933,2.548665899084881,0.01252691587433219,0.01662501599639654,4158.509765625,1135.0,8192.0,1788.1217041015625,0.044921875,120.7689927178435,0.8058553272858262,2129157.0,17513.137250310556,36416.365711478546
UniRL,6jlpkjdr,qwen3-drpo-unirl-tp2-flashinfer-natural500-20260930-0745-flexfix,342,300-400,131.19683254603297,62.13933053915389,0.8949807900935411,,64.78394458792172,2.5749470468144864,0.012427066918462515,0.015018007019534707,4695.97265625,1386.0,8192.0,1921.3743896484375,0.080078125,130.42064803792164,0.7761845081113279,2404338.0,18326.18938537553,38692.69235987392
UniRL,6jlpkjdr,qwen3-drpo-unirl-tp2-flashinfer-natural500-20260930-0745-flexfix,343,300-400,137.66826495807618,68.90887268586084,0.5153010168578476,,64.56342962896451,2.6523664670530707,0.012163191800937057,0.019192314939573407,4704.96875,1017.0,8192.0,1881.252197265625,0.083984375,136.67132530547678,0.9969396525993943,2408944.0,17498.1794150859,34958.40094470567
UniRL,6jlpkjdr,qwen3-drpo-unirl-tp2-flashinfer-natural500-20260930-0745-flexfix,344,300-400,121.60821577417664,60.932372535113245,0.4811687229666859,,56.91161107295193,2.4845112410839647,0.012179490877315402,0.0273924358189106,4041.517578125,1085.0,8192.0,1614.7598876953125,0.025390625,120.84923549881205,0.7589802753645927,2069257.0,17015.766466326237,33959.895436659026
UniRL,6jlpkjdr,qwen3-drpo-unirl-tp2-flashinfer-natural500-20260930-0745-flexfix,345,300-400,119.28678323188797,59.023541163187474,0.4991152030415833,,56.32939365203492,2.4018012147862464,0.01296455692499876,0.01592327910475433,4085.72265625,1081.0,8192.0,1738.1619873046875,0.033203125,118.28273906907998,1.0040441628079861,2091890.0,17536.645245378637,35441.62140689545
UniRL,6jlpkjdr,qwen3-drpo-unirl-tp2-flashinfer-natural500-20260930-0745-flexfix,346,300-400,122.62818944011815,58.80595556809567,0.7014585558790714,,59.863091808976606,2.4672387780155987,0.012109613977372646,0.02284041396342218,4167.228515625,789.0,8192.0,1788.7852783203125,0.041015625,121.87269473890774,0.7554947012104094,2133621.0,17399.107087378885,36282.39655980636
UniRL,6jlpkjdr,qwen3-drpo-unirl-tp2-flashinfer-natural500-20260930-0745-flexfix,347,300-400,121.48208374087699,55.814962511882186,0.48704291600733995,,61.269925304921344,3.0341349930968136,0.011986335273832083,0.013538385974243283,4294.935546875,1099.0,8192.0,1727.2711181640625,0.0234375,120.63159044715576,0.8504932937212288,2199007.0,18101.492271819385,39398.16316336079
UniRL,6jlpkjdr,qwen3-drpo-unirl-tp2-flashinfer-natural500-20260930-0745-flexfix,348,300-400,125.87740368209779,59.348405711119995,0.46446049585938454,,57.44578303908929,7.663390119094402,0.012153302785009146,0.0203486829996109,3952.919921875,1070.0,8192.0,1626.368408203125,0.025390625,124.9545413509477,0.9228623311500996,2023895.0,16078.302704044707,34101.92701470979
UniRL,6jlpkjdr,qwen3-drpo-unirl-tp2-flashinfer-natural500-20260930-0745-flexfix,349,300-400,119.0128024360165,57.68569697719067,0.501596231944859,,57.03368700994179,3.013002875028178,0.012602373724803329,0.022683996940031648,4018.76953125,1074.0,8192.0,1739.2811279296875,0.029296875,118.26926946477033,0.743532971246168,2057610.0,17288.98032718967,35669.3271958488
UniRL,6jlpkjdr,qwen3-drpo-unirl-tp2-flashinfer-natural500-20260930-0745-flexfix,350,300-400,123.74284866498783,59.8394369489979,0.5162311459425837,,59.7206244089175,2.862131268950179,0.012732722098007798,0.017062867060303688,4286.458984375,1092.0,8192.0,1686.919921875,0.03515625,122.96821936196648,0.7746293030213565,2194667.0,17735.707749396315,36675.92998695074
UniRL,6jlpkjdr,qwen3-drpo-unirl-tp2-flashinfer-natural500-20260930-0745-flexfix,351,300-400,145.47831729589961,73.91960519296117,0.6538282111287117,,67.20679249498062,2.5821632221341133,0.012469246983528137,0.036036986857652664,4675.1953125,1213.0,8192.0,1718.8836669921875,0.052734375,144.4108953550458,1.0674219408538193,2393700.0,16453.99839985273,32382.478149760664
UniRL,6jlpkjdr,qwen3-drpo-unirl-tp2-flashinfer-natural500-20260930-0745-flexfix,352,300-400,130.9491203641519,63.87647845107131,0.5007471779827029,,62.721958150854334,2.8969985181465745,0.01258462481200695,0.018776133889332414,4494.029296875,801.0,8192.0,1778.333740234375,0.046875,130.02754305675626,0.921577307395637,2300943.0,17571.274962377654,36021.757238268816
UniRL,6jlpkjdr,qwen3-drpo-unirl-tp2-flashinfer-natural500-20260930-0745-flexfix,353,300-400,124.65745261800475,60.50302675017156,0.454961562063545,,60.11817480996251,2.7215314828790724,0.013183203060179949,0.017395820934325457,4380.177734375,1402.0,8192.0,1607.874755859375,0.0234375,123.82827362907119,0.8291789889335632,2242651.0,17990.508813558776,37066.757160105895
UniRL,6jlpkjdr,qwen3-drpo-unirl-tp2-flashinfer-natural500-20260930-0745-flexfix,354,300-400,129.47495572897606,62.25409441883676,0.50001379288733,,62.893043181160465,2.9467624782118946,0.012223921250551939,0.01407976495102048,4644.3203125,1398.0,8192.0,1705.7081298828125,0.03515625,128.62021755729802,0.8547381716780365,2377892.0,18365.652157298526,38196.55594059209
UniRL,6jlpkjdr,qwen3-drpo-unirl-tp2-flashinfer-natural500-20260930-0745-flexfix,355,300-400,127.54665363812819,60.284223104128614,0.5065358951687813,,62.780316307907924,2.6735579988453537,0.012399778002873063,0.03777206293307245,4513.876953125,1133.0,8192.0,1780.5084228515625,0.056640625,126.29480514698662,1.2518484911415726,2311105.0,18119.683536010303,38336.81319916889
UniRL,6jlpkjdr,qwen3-drpo-unirl-tp2-flashinfer-natural500-20260930-0745-flexfix,356,300-400,134.9094875480514,66.90477450098842,0.48274363996461034,,63.74723820993677,2.836652803933248,0.013007856206968427,0.03166484204120934,4432.7265625,1006.0,8192.0,1768.110107421875,0.046875,134.01608185307123,0.8934056949801743,2269556.0,16822.804987615422,33922.182937280064
UniRL,6jlpkjdr,qwen3-drpo-unirl-tp2-flashinfer-natural500-20260930-0745-flexfix,357,300-400,130.81190315098502,65.56212215404958,0.5315695370081812,,61.022233926923946,2.843667187029496,0.011942096753045917,0.02096331096254289,4337.98828125,1179.0,8192.0,1849.5419921875,0.05078125,129.9924982127268,0.8194049382582307,2221050.0,16978.95945628458,33877.03031914156
UniRL,6jlpkjdr,qwen3-drpo-unirl-tp2-flashinfer-natural500-20260930-0745-flexfix,358,300-400,121.30024697608314,59.00194157194346,0.9245245680212975,,57.78732149396092,2.6634259638376534,0.013290011091157794,0.015708933118730783,4279.37109375,1071.0,8192.0,1733.5093994140625,0.044921875,120.40621254197322,0.8940344341099262,2191038.0,18062.93107079995,37135.01524908936
UniRL,6jlpkjdr,qwen3-drpo-unirl-tp2-flashinfer-natural500-20260930-0745-flexfix,359,300-400,131.0854476641398,63.435742458095774,0.4289651389699429,,63.72054066089913,2.6254792949184775,0.06044571101665497,0.018062958028167486,4498.068359375,1277.0,8192.0,1636.356201171875,0.025390625,130.28923622192815,0.7962114422116429,2303011.0,17568.777015589505,36304.62749799638
UniRL,6jlpkjdr,qwen3-drpo-unirl-tp2-flashinfer-natural500-20260930-0745-flexfix,360,300-400,135.5023495790083,67.89041709783487,0.496186267118901,,63.303145605837926,2.6884969449602067,0.01322179101407528,0.021483500953763723,4542.14453125,1007.0,8192.0,1867.0506591796875,0.060546875,134.41295120771974,1.0893983712885529,2325578.0,17162.639668059845,34254.87866201615
UniRL,6jlpkjdr,qwen3-drpo-unirl-tp2-flashinfer-natural500-20260930-0745-flexfix,361,300-400,139.63626962713897,66.6521498709917,0.5121718950103968,,67.77375219389796,3.8535295999608934,0.013772350968793035,0.01835025195032358,4899.59375,1050.0,8192.0,1767.999267578125,0.072265625,138.82372616278008,0.812543464358896,2508592.0,17965.189178273802,37637.075546032574
UniRL,6jlpkjdr,qwen3-drpo-unirl-tp2-flashinfer-natural500-20260930-0745-flexfix,362,300-400,134.93197298701853,65.34738520393148,0.5181981478817761,,65.38125428999774,2.868813696084544,0.019287833012640476,0.01761725707910955,4799.029296875,901.0,8192.0,1934.2362060546875,0.078125,134.1525564279873,0.7794165590312332,2457103.0,18209.939020430626,37600.63225685385
UniRL,6jlpkjdr,qwen3-drpo-unirl-tp2-flashinfer-natural500-20260930-0745-flexfix,363,300-400,137.60909958090633,67.91699795681052,0.8162295799702406,,65.45636577904224,2.571314888074994,0.012588724959641695,0.02214775700122118,4815.763671875,859.0,8192.0,1731.9046630859375,0.056640625,136.79564468585886,0.8134548950474709,2465671.0,17917.93571434806,36304.18119434488
UniRL,6jlpkjdr,qwen3-drpo-unirl-tp2-flashinfer-natural500-20260930-0745-flexfix,364,300-400,135.9531041290611,65.42527750506997,0.5364330010488629,,66.04383782320656,2.7515557911247015,0.01263251411728561,0.025978792924433947,4889.70703125,1437.0,8192.0,1828.2093505859375,0.083984375,134.7957154274918,1.157388701569289,2503530.0,18414.65861363036,38265.485382251456
UniRL,6jlpkjdr,qwen3-drpo-unirl-tp2-flashinfer-natural500-20260930-0745-flexfix,365,300-400,134.64284522109665,63.35377713292837,0.9583167880773544,,66.9780338020064,2.5693243970163167,0.012346868636086583,0.01573955314233899,4921.177734375,1275.0,8192.0,1847.474853515625,0.091796875,133.88753854180686,0.755306679289788,2519643.0,18713.530569429822,39770.99888951066
UniRL,6jlpkjdr,qwen3-drpo-unirl-tp2-flashinfer-natural500-20260930-0745-flexfix,366,300-400,152.61332424613647,74.98331857006997,0.6091351129580289,,73.38515921891667,2.715338706970215,0.01209310395643115,0.02705420204438269,5285.294921875,636.0,8192.0,2142.0087890625,0.15234375,151.7320989149157,0.8812253312207758,2706071.0,17731.551379063196,36088.97354244527
UniRL,6jlpkjdr,qwen3-drpo-unirl-tp2-flashinfer-natural500-20260930-0745-flexfix,367,300-400,153.93960653292015,74.17302345414646,0.9483273020014167,,75.21553250798024,2.5772275631316006,0.012381779262796044,0.030778918880969286,5380.18359375,1013.0,8192.0,1938.0140380859375,0.171875,152.95727152540348,0.9823350075166672,2754654.0,17894.381192996712,37138.219149215605
UniRL,6jlpkjdr,qwen3-drpo-unirl-tp2-flashinfer-natural500-20260930-0745-flexfix,368,300-400,162.4533508978784,81.42389389500022,1.1390732091385871,,76.52493084408343,2.490912687033415,0.012367927702143788,0.02504737116396427,5491.21875,803.0,8192.0,2035.5245361328125,0.1640625,161.61622593412176,0.8371249637566507,2811504.0,17306.531287048492,34529.22558119809
UniRL,6jlpkjdr,qwen3-drpo-unirl-tp2-flashinfer-natural500-20260930-0745-flexfix,369,300-400,155.27361782011576,73.93792785191908,0.6285210438072681,,76.96624102187343,2.979768426856026,0.01282500009983778,0.021443102043122053,5344.84375,1060.0,8192.0,1932.9105224609375,0.13671875,154.54672644659877,0.7268913735169917,2736560.0,17624.114375761506,37011.586333345855
UniRL,6jlpkjdr,qwen3-drpo-unirl-tp2-flashinfer-natural500-20260930-0745-flexfix,370,300-400,152.59066395205446,76.8685223760549,0.5959625800605863,,71.73167157592252,2.5188770729582757,0.012415617005899549,0.02123993495479226,5142.17578125,1232.0,8192.0,1956.145751953125,0.154296875,151.74868915695697,0.8419747950974852,2632794.0,17253.965162817894,34250.612846698015
UniRL,6jlpkjdr,qwen3-drpo-unirl-tp2-flashinfer-natural500-20260930-0745-flexfix,371,300-400,165.0717480930034,81.88825861597434,0.6981386039406061,,78.6804729171563,2.9610354469623417,0.012311728904023767,0.02329121599905193,5704.6015625,1542.0,8192.0,1875.00439453125,0.177734375,164.26350852893665,0.8082395640667528,2920756.0,17693.857572492725,35667.579813820026
UniRL,6jlpkjdr,qwen3-drpo-unirl-tp2-flashinfer-natural500-20260930-0745-flexfix,372,300-400,154.98625077307224,76.62710719113238,0.6880688909441233,,74.1012398339808,2.6999246180057526,0.013315809890627861,0.025537231005728245,5264.818359375,1240.0,8192.0,2094.987548828125,0.1875,154.1551935749594,0.8310571981128305,2695587.0,17392.426660780537,35177.98203286402
UniRL,6jlpkjdr,qwen3-drpo-unirl-tp2-flashinfer-natural500-20260930-0745-flexfix,373,300-400,168.60839036782272,82.52944402210414,1.1138694549445063,,81.3179538641125,2.6177513021975756,0.01314650196582079,0.03260086290538311,5893.177734375,1090.0,8192.0,1972.838623046875,0.220703125,167.62476600822993,0.9836243595927954,3017307.0,17895.35499044669,36560.369886799
UniRL,6jlpkjdr,qwen3-drpo-unirl-tp2-flashinfer-natural500-20260930-0745-flexfix,374,300-400,172.083931716159,85.59367008297704,0.7085669010411948,,82.37495332001708,2.5050657929386944,0.013196632033213973,0.02098498004488647,6116.423828125,1261.0,8192.0,2043.2916259765625,0.30078125,171.21643770905212,0.8674940071068704,3131609.0,18198.148826384215,36586.92280590522
UniRL,6jlpkjdr,qwen3-drpo-unirl-tp2-flashinfer-natural500-20260930-0745-flexfix,375,300-400,182.4302035898436,90.33772615599446,1.1595136129762977,,87.34890507091768,2.7362596369348466,0.013283960754051805,0.018888840917497873,6326.412109375,1527.0,8192.0,1855.9385986328125,0.3125,181.61457727849483,0.8156263113487512,3239123.0,17755.409664961484,35855.706556159144
UniRL,6jlpkjdr,qwen3-drpo-unirl-tp2-flashinfer-natural500-20260930-0745-flexfix,376,300-400,173.96215182496235,83.24716423614882,1.0018900071736425,,85.95627613505349,2.8279571970924735,0.01328826998360455,0.017866660840809345,6342.626953125,1043.0,8192.0,2081.59716796875,0.404296875,173.06444250629283,0.8977093186695129,3247425.0,18667.422574006225,39009.43689550755
UniRL,6jlpkjdr,qwen3-drpo-unirl-tp2-flashinfer-natural500-20260930-0745-flexfix,377,300-400,172.52079785289243,83.76165247708559,0.9499381810892373,,83.9744286830537,2.961824686964974,0.01374452211894095,0.02494769310578704,6049.134765625,1330.0,8192.0,2001.94970703125,0.3203125,171.68653624341823,0.834261609474197,3097157.0,17952.368865352277,36975.83450669481
UniRL,6jlpkjdr,qwen3-drpo-unirl-tp2-flashinfer-natural500-20260930-0745-flexfix,378,300-400,177.18859813804738,90.87153090792708,0.7061541408766061,,81.63259373907931,3.090023973956704,0.013525465736165643,0.03893887996673584,5953.431640625,1305.0,8192.0,2066.288330078125,0.291015625,176.3527671075426,0.835831030504778,3048157.0,17202.89585239105,33543.585868366805
UniRL,6jlpkjdr,qwen3-drpo-unirl-tp2-flashinfer-natural500-20260930-0745-flexfix,379,300-400,178.39534693490714,88.00769585883245,1.8621527389623225,,84.7276781538967,2.7604782280977815,0.013719973154366016,0.024372363928705454,6290.404296875,1325.0,8192.0,1995.0362548828125,0.345703125,177.39609731687233,0.9992496180348098,3220687.0,18053.649130070437,36595.51552362079
UniRL,6jlpkjdr,qwen3-drpo-unirl-tp2-flashinfer-natural500-20260930-0745-flexfix,380,300-400,174.35276718996465,86.25170038500801,0.7227035788819194,,83.51906566391699,2.9000463241245598,0.013668262865394354,0.019317663041874766,6173.70703125,1562.0,8192.0,1956.1051025390625,0.302734375,173.42650187783875,0.9262653121259063,3160938.0,18129.55452869885,36647.8340240284
UniRL,6jlpkjdr,qwen3-drpo-unirl-tp2-flashinfer-natural500-20260930-0745-flexfix,381,300-400,193.83900359319523,101.80508704809472,2.8460864168591797,,84.82773195509799,3.2180746339727193,0.013953877380117774,0.042294064071029425,6231.01953125,1253.0,8192.0,1989.87255859375,0.353515625,192.75322799547575,1.0857755977194756,3190282.0,16458.411056916906,31337.15703708252
UniRL,6jlpkjdr,qwen3-drpo-unirl-tp2-flashinfer-natural500-20260930-0745-flexfix,382,300-400,197.61589951603673,91.82233350095339,10.887836155947298,,91.2019579061307,2.8016126949805766,0.013312960276380181,0.019843093119561672,6645.654296875,1937.0,8192.0,1754.67529296875,0.38671875,196.7468963114079,0.8690032046288252,3402575.0,17218.123685052364,37056.071984542534
UniRL,6jlpkjdr,qwen3-drpo-unirl-tp2-flashinfer-natural500-20260930-0745-flexfix,383,300-400,183.05600926815532,93.62822742410935,0.833819380030036,,84.88769092014991,2.7943917559459805,0.01369178225286305,0.02599744312465191,6362.650390625,1390.0,8192.0,1897.888427734375,0.365234375,182.1838187056128,0.8721905625425279,3257677.0,17796.06696892365,34793.74852675194
UniRL,6jlpkjdr,qwen3-drpo-unirl-tp2-flashinfer-natural500-20260930-0745-flexfix,384,300-400,172.05236735311337,84.3759547660593,0.813464627834037,,82.46679680701345,3.2039950431790203,0.013684923062101007,0.04897423414513469,5865.251953125,1235.0,8192.0,2127.50439453125,0.28515625,170.92287040129304,1.1294969518203288,3003009.0,17454.040570315112,35590.81504115883
UniRL,6jlpkjdr,qwen3-drpo-unirl-tp2-flashinfer-natural500-20260930-0745-flexfix,385,300-400,172.99818780599162,83.94251381210051,1.3771912581287324,,84.15543819894083,2.6528962969314307,0.013490057084709406,0.01814237586222589,6192.38671875,1081.0,8192.0,1986.637939453125,0.33984375,172.15967199904844,0.8385158069431782,3170502.0,18326.79313124107,37769.91962734102
UniRL,6jlpkjdr,qwen3-drpo-unirl-tp2-flashinfer-natural500-20260930-0745-flexfix,386,300-400,168.6831515431404,83.78666877304204,0.8908168280031532,,79.87399226799607,3.0151375881396234,0.014339671237394214,0.02856171317398548,5994.931640625,1360.0,8192.0,2055.85302734375,0.294921875,167.60951684159227,1.0736347015481442,3069405.0,18196.274920883283,36633.57243995797
UniRL,6jlpkjdr,qwen3-drpo-unirl-tp2-flashinfer-natural500-20260930-0745-flexfix,387,300-400,169.93820406892337,84.39023120515049,0.7699946549255401,,81.27390666981228,2.667628569062799,0.01311284489929676,0.022943892050534487,5906.57421875,1222.0,8192.0,2064.3232421875,0.291015625,169.13781783590093,0.8003862330224365,3024166.0,17795.68059206664,35835.49845536423
UniRL,6jlpkjdr,qwen3-drpo-unirl-tp2-flashinfer-natural500-20260930-0745-flexfix,388,300-400,165.0482196318917,81.48374031903222,0.673433753894642,,76.3754348650109,5.2576944881584495,0.014483896782621741,0.03692071000114083,5649.61328125,1170.0,8192.0,2012.0806884765625,0.203125,163.84170803287998,1.2065115990117192,2892602.0,17525.799469096924,35499.13134417533
UniRL,6jlpkjdr,qwen3-drpo-unirl-tp2-flashinfer-natural500-20260930-0745-flexfix,389,300-400,169.77115746983327,85.46932732919231,1.0413015291560441,,79.67163009312935,2.7401186239439994,0.013336929259821773,0.02577632782049477,5818.5,1431.0,8192.0,2056.419189453125,0.271484375,168.96149083250202,0.8096666373312473,2979072.0,17547.57430177357,34855.45157651532
UniRL,6jlpkjdr,qwen3-drpo-unirl-tp2-flashinfer-natural500-20260930-0745-flexfix,390,300-400,175.2181721071247,88.09536990989,0.7251727250404656,,82.51174466591328,3.0279948089737445,0.01351085607893765,0.026163059985265136,5961.67578125,1561.0,8192.0,2034.8646240234375,0.271484375,174.3999560258817,0.8182160812430084,3052378.0,17420.441974099813,34648.56329137595
UniRL,6jlpkjdr,qwen3-drpo-unirl-tp2-flashinfer-natural500-20260930-0745-flexfix,391,300-400,174.2505517010577,85.91559130488895,0.985389290144667,,83.9991796950344,2.5223631609696895,0.013492566999047995,0.022018881049007177,6121.6796875,1327.0,8192.0,2040.242919921875,0.310546875,173.45803489908576,0.7925168019719422,3134300.0,17987.317511494424,36481.15496147025
UniRL,6jlpkjdr,qwen3-drpo-unirl-tp2-flashinfer-natural500-20260930-0745-flexfix,392,300-400,159.91274420008995,76.01284869806841,1.0112211559899151,,79.11143737984821,2.856686169980094,0.014123125234618783,0.02791185607202351,5643.751953125,1299.0,8192.0,2082.010009765625,0.248046875,159.03422838519327,0.878515814896673,2889601.0,18069.86062589485,38014.63896554937
UniRL,6jlpkjdr,qwen3-drpo-unirl-tp2-flashinfer-natural500-20260930-0745-flexfix,393,300-400,169.99774546991102,81.98733250494115,1.014812605921179,,80.70886207302101,5.331591886933893,0.013095404952764511,0.022126777796074748,5825.4453125,1250.0,8192.0,1979.1650390625,0.279296875,169.07782125356607,0.9199242163449526,2982628.0,17545.103270371983,36379.13210336786
UniRL,6jlpkjdr,qwen3-drpo-unirl-tp2-flashinfer-natural500-20260930-0745-flexfix,394,300-400,155.59060724894516,74.72668513096869,0.6150517731439322,,76.49116117297672,2.8955120989121497,0.013359138974919915,0.019015679135918617,5451.900390625,1236.0,8192.0,1987.40576171875,0.19140625,154.76078499411233,0.829822254832834,2791373.0,17940.49814031383,37354.43362846537
UniRL,6jlpkjdr,qwen3-drpo-unirl-tp2-flashinfer-natural500-20260930-0745-flexfix,395,300-400,132.14125900296494,62.05420707096346,0.5484965809155256,,66.060065403115,2.6599628049880266,0.013010797090828419,0.016213973984122276,4637.099609375,1370.0,8192.0,1831.7098388671875,0.08203125,131.35195663105696,0.7893023719079792,2374195.0,17967.098375736896,38260.01671868818
UniRL,6jlpkjdr,qwen3-drpo-unirl-tp2-flashinfer-natural500-20260930-0745-flexfix,396,300-400,148.62379861297086,73.99679924803786,0.6837170228827745,,70.12022434500977,2.926243800902739,0.01343232812359929,0.022439341992139816,5112.548828125,1308.0,8192.0,1906.4102783203125,0.146484375,147.7628560869489,0.8609425260219723,2617625.0,17612.42159350617,35374.84089312702
UniRL,6jlpkjdr,qwen3-drpo-unirl-tp2-flashinfer-natural500-20260930-0745-flexfix,397,300-400,153.46180025301874,79.13200087007135,0.6912363469600677,,69.88427116698585,2.866173123009503,0.013302820967510343,0.029793079011142254,5043.927734375,943.0,8192.0,2045.9267578125,0.13671875,152.61677740700543,0.8450228460133076,2582491.0,16828.23344794693,32635.22938387785
UniRL,6jlpkjdr,qwen3-drpo-unirl-tp2-flashinfer-natural500-20260930-0745-flexfix,398,300-400,146.0598548669368,74.62634628801607,0.6014783568680286,,66.8934948949609,2.934189864899963,0.013295340817421675,0.02972364006564021,4853.72265625,1141.0,8192.0,2003.80126953125,0.12109375,145.09852838562801,0.9613264813087881,2485106.0,17014.298708320483,33300.65216390036
UniRL,6jlpkjdr,qwen3-drpo-unirl-tp2-flashinfer-natural500-20260930-0745-flexfix,399,300-400,150.2976548341103,74.12337800813839,0.5510154420044273,,71.98217360605486,2.7729121420998126,0.013920538825914264,0.024023612029850483,5084.228515625,1162.0,8192.0,2010.0693359375,0.115234375,149.46742334915325,0.8302314849570394,2603125.0,17319.797856281766,35118.812309312045
UniRL,6jlpkjdr,qwen3-drpo-unirl-tp2-flashinfer-natural500-20260930-0745-flexfix,400,300-400,147.19716031011194,76.65648111794144,0.5553334769792855,,65.89503632998094,3.1973050739616156,0.014472877141088247,0.02295382204465568,4894.35546875,886.0,8192.0,2075.931884765625,0.123046875,146.34158269804902,0.8555776120629162,2505910.0,17024.173528352047,32690.125654795967
UniRL,6jlpkjdr,qwen3-drpo-unirl-tp2-flashinfer-natural500-20260930-0745-flexfix,401,400-500,142.50049312599003,72.01392245292664,0.9821920429822057,,65.95687500294298,2.656058164080605,0.013217751868069172,0.02356538991443813,4795.978515625,248.0,8192.0,1979.1043701171875,0.099609375,141.64583080471493,0.8546623212751001,2455541.0,17231.807035425234,34098.142641863655
UniRL,6jlpkjdr,qwen3-drpo-unirl-tp2-flashinfer-natural500-20260930-0745-flexfix,402,400-500,142.36996473185718,71.14952207286842,0.5777944410219789,,67.19375179894269,2.4924701349809766,0.013049565022811294,0.022974801948294044,4835.3203125,946.0,8192.0,1957.2760009765625,0.09375,141.44956281478517,0.920401917072013,2475684.0,17389.089086751967,34795.51131017445
UniRL,6jlpkjdr,qwen3-drpo-unirl-tp2-flashinfer-natural500-20260930-0745-flexfix,403,400-500,155.0047574948985,69.09801346599124,10.502615259960294,,71.06979648792185,2.818799000000581,0.013689832761883736,0.029704930959269404,5099.814453125,1056.0,8192.0,1923.00830078125,0.130859375,153.53261897759512,1.4721385173033923,2611105.0,16845.321667536147,37788.42355989203
UniRL,6jlpkjdr,qwen3-drpo-unirl-tp2-flashinfer-natural500-20260930-0745-flexfix,404,400-500,139.05578626412898,68.61693011899479,0.5925500229932368,,66.22857107385062,2.7324835038743913,0.01309490529820323,0.020388251869007945,4774.462890625,1069.0,8192.0,2001.8349609375,0.11328125,138.20401787688024,0.8517683872487396,2444525.0,17579.455452193528,35625.682987576525
UniRL,6jlpkjdr,qwen3-drpo-unirl-tp2-flashinfer-natural500-20260930-0745-flexfix,405,400-500,161.41139976494014,83.0376672190614,1.272050408879295,,73.30631827493198,2.89554119319655,0.013798851054161787,0.032454987056553364,5163.873046875,521.0,8192.0,2000.7645263671875,0.13671875,160.55783093417995,0.8535688307601959,2643903.0,16379.902558618893,31839.803411446133
UniRL,6jlpkjdr,qwen3-drpo-unirl-tp2-flashinfer-natural500-20260930-0745-flexfix,406,400-500,143.777194743976,68.19855496077798,0.9817755308467895,,71.2671464968007,2.488217168021947,0.01388538908213377,0.014150473987683654,5084.494140625,1028.0,8192.0,2033.682861328125,0.12890625,142.96373001951724,0.8134647244587541,2603261.0,18106.216390127975,38171.7911984671
UniRL,6jlpkjdr,qwen3-drpo-unirl-tp2-flashinfer-natural500-20260930-0745-flexfix,407,400-500,151.88792203506455,70.86419877689332,10.810200780862942,,65.97657983703539,2.9948381469585,0.013964908197522163,0.03961497684940696,4741.833984375,929.0,8192.0,1928.8541259765625,0.08203125,150.69939742679708,1.1885246082674712,2427819.0,15984.27950998973,34260.162986442156
UniRL,6jlpkjdr,qwen3-drpo-unirl-tp2-flashinfer-natural500-20260930-0745-flexfix,408,400-500,140.90016591106541,70.7595384651795,0.586600478971377,,65.71759106288664,2.9316903210710734,0.013361489865928888,0.021074628923088312,4782.861328125,1287.0,8192.0,1918.1673583984375,0.08984375,140.0298564468976,0.8703094641678035,2448825.0,17379.85888210856,34607.70170519212
UniRL,6jlpkjdr,qwen3-drpo-unirl-tp2-flashinfer-natural500-20260930-0745-flexfix,409,400-500,134.31339494907297,66.53049763804302,0.5831743159797043,,63.432712476933375,2.9232322049792856,0.01397599815391004,0.02334565413184464,4569.76953125,1163.0,8192.0,2022.80712890625,0.103515625,133.50693828822114,0.8064566608518362,2339722.0,17419.87089885668,35167.6611939562
UniRL,6jlpkjdr,qwen3-drpo-unirl-tp2-flashinfer-natural500-20260930-0745-flexfix,410,400-500,145.48753094905987,76.05400147219189,0.59707798413001,,63.9346946971491,3.9467853808309883,0.013714422937482595,0.03614689502865076,4639.99609375,1154.0,8192.0,2067.083251953125,0.103515625,144.58242085226811,0.9051100967917591,2375678.0,16329.0832176663,31236.725931753037
UniRL,6jlpkjdr,qwen3-drpo-unirl-tp2-flashinfer-natural500-20260930-0745-flexfix,411,400-500,132.17743056779727,64.92350675002672,0.7830175880808383,,62.86285651102662,2.7344202378299087,0.013159452006220818,0.03428808110766113,4462.662109375,1175.0,8192.0,1934.9498291015625,0.076171875,131.35124862007797,0.8261819477193058,2284883.0,17286.48370742858,35193.46249729586
UniRL,6jlpkjdr,qwen3-drpo-unirl-tp2-flashinfer-natural500-20260930-0745-flexfix,412,400-500,135.4194169768598,71.58044401393272,0.5874942918308079,,59.54706363310106,2.703853144077584,0.013381760101765394,0.042593908961862326,4231.06640625,833.0,8192.0,1937.56201171875,0.052734375,134.4748307520058,0.9445862248539925,2166306.0,15997.011716349172,30263.936328452237
UniRL,6jlpkjdr,qwen3-drpo-unirl-tp2-flashinfer-natural500-20260930-0745-flexfix,413,400-500,131.3225361618679,59.75148222618736,10.580271412152797,,57.26169159589335,2.8412309740670025,0.013394527835771441,0.018346182070672512,4107.375,859.0,8192.0,1878.287109375,0.048828125,130.46641691820696,0.8561192436609417,2102976.0,16013.824142170663,35195.377949608854
UniRL,6jlpkjdr,qwen3-drpo-unirl-tp2-flashinfer-natural500-20260930-0745-flexfix,414,400-500,132.738950565923,64.43674658401869,0.5458100051619112,,63.13433699612506,3.777087231166661,0.01342416787520051,0.017387510975822806,4532.087890625,643.0,8192.0,1978.5743408203125,0.08984375,131.92479249532335,0.8141580705996603,2320429.0,17481.14619037605,36010.95838962643
UniRL,6jlpkjdr,qwen3-drpo-unirl-tp2-flashinfer-natural500-20260930-0745-flexfix,415,400-500,138.27784748817794,74.03338469704613,0.9925262921024114,,59.819383258000016,2.6197654630523175,0.013154753018170595,0.03049021610058844,4333.578125,764.0,8192.0,2063.446533203125,0.09375,137.50870467931964,0.7691428088583052,2218792.0,16045.896290001878,29970.15480353322
UniRL,6jlpkjdr,qwen3-drpo-unirl-tp2-flashinfer-natural500-20260930-0745-flexfix,416,400-500,131.07820227206685,65.32682017190382,0.5396817240398377,,61.59108440298587,2.7126382330898196,0.013634913135319948,0.02143674180842936,4482.009765625,977.0,8192.0,1858.294921875,0.05859375,130.2052961869631,0.8729060851037502,2294789.0,17507.022222023763,35127.82336506496
UniRL,6jlpkjdr,qwen3-drpo-unirl-tp2-flashinfer-natural500-20260930-0745-flexfix,417,400-500,136.40424752584659,67.66915688896552,0.6153938169591129,,64.32723246701062,2.871518755098805,0.013360489858314395,0.021772284992039204,4783.287109375,1275.0,8192.0,2040.720947265625,0.099609375,135.5184347028844,0.8858128229621798,2449043.0,17954.3016029317,36191.42180267586
UniRL,6jlpkjdr,qwen3-drpo-unirl-tp2-flashinfer-natural500-20260930-0745-flexfix,418,400-500,140.90257042297162,70.01351241511293,0.6644728200044483,,66.42033620504662,2.8898230178747326,0.013606144115328789,0.02007207809947431,4809.7265625,1355.0,8192.0,2050.451171875,0.125,140.02182268025354,0.8807477427180856,2462580.0,17477.18294001059,35172.92469772498
UniRL,6jlpkjdr,qwen3-drpo-unirl-tp2-flashinfer-natural500-20260930-0745-flexfix,419,400-500,135.22141077602282,64.91530952812172,0.6524113952182233,,65.80971214408055,3.0244969211053103,0.01362068415619433,0.019560489105060697,4708.33984375,1369.0,8192.0,2019.1029052734375,0.091796875,134.43511116178706,0.7862996142357588,2410670.0,17827.576166861403,37135.61588974142
UniRL,6jlpkjdr,qwen3-drpo-unirl-tp2-flashinfer-natural500-20260930-0745-flexfix,420,400-500,141.21817355696112,63.95211391500197,10.487587552983314,,63.18209558306262,2.7175955569837242,0.01355331507511437,0.018721594009548426,4608.732421875,272.0,8192.0,1940.9176025390625,0.08984375,140.3716675171163,0.8465060398448259,2359671.0,16709.400359495612,36897.46680049094
UniRL,6jlpkjdr,qwen3-drpo-unirl-tp2-flashinfer-natural500-20260930-0745-flexfix,421,400-500,135.0743296360597,66.08870595297776,1.0878620920702815,,64.39905202784576,2.6477282599080354,0.013936108676716685,0.017514999024569988,4718.025390625,1113.0,8192.0,1922.6195068359375,0.087890625,134.25479944050312,0.819530195556581,2415629.0,17883.701562751412,36551.313347226445
UniRL,6jlpkjdr,qwen3-drpo-unirl-tp2-flashinfer-natural500-20260930-0745-flexfix,422,400-500,128.25611426401883,61.638260753126815,0.5421795749571174,,62.29087598412298,2.8779998179525137,0.013122335076332092,0.01675839303061366,4327.91796875,531.0,8192.0,1951.267333984375,0.07421875,127.37919685826637,0.8769174057524651,2215894.0,17277.102247449347,35949.97608506647
UniRL,6jlpkjdr,qwen3-drpo-unirl-tp2-flashinfer-natural500-20260930-0745-flexfix,423,400-500,143.86529554915614,70.23450476094149,0.6743711638264358,,69.08810872188769,2.9807475379202515,0.013530615950003266,0.017716644098982215,4906.041015625,791.0,8192.0,2095.8154296875,0.140625,143.00897944462486,0.8563161045312881,2511893.0,17460.034335672928,35764.37263350511
UniRL,6jlpkjdr,qwen3-drpo-unirl-tp2-flashinfer-natural500-20260930-0745-flexfix,424,400-500,137.9326592090074,68.03237195289694,0.5747274500317872,,65.8481246039737,2.5566240181215107,0.013779591070488095,0.022827774053439498,4738.767578125,837.0,8192.0,1872.0802001953125,0.0859375,137.04845539014786,0.8842038188595325,2426249.0,17590.098051568333,35663.15461821387
UniRL,6jlpkjdr,qwen3-drpo-unirl-tp2-flashinfer-natural500-20260930-0745-flexfix,425,400-500,136.5784468979109,64.80103391804732,0.6568957150448114,,65.95383956097066,4.2413415380287915,0.013939827913418412,0.02039411198347807,4828.0390625,1289.0,8192.0,1905.5345458984375,0.091796875,135.6874446719885,0.8910022259224206,2471956.0,18099.166128662506,38146.860482600285
UniRL,6jlpkjdr,qwen3-drpo-unirl-tp2-flashinfer-natural500-20260930-0745-flexfix,426,400-500,124.06716957991011,59.50685107288882,0.5491688188631088,,60.07685576588847,2.863240191945806,0.012769280932843685,0.018069147132337093,4265.19921875,194.0,8192.0,1861.037841796875,0.060546875,123.02695427765138,1.04021530225873,2183782.0,17601.610542049588,36697.992930681656
UniRL,6jlpkjdr,qwen3-drpo-unirl-tp2-flashinfer-natural500-20260930-0745-flexfix,427,400-500,138.0106882750988,69.1274314140901,0.6086554781068116,,64.27476351102814,3.1154954880476,0.012583173112943769,0.02213734807446599,4675.302734375,1154.0,8192.0,1957.8709716796875,0.11328125,137.16106641246006,0.8496218626387417,2393755.0,17344.707355045513,34628.1490724113
UniRL,6jlpkjdr,qwen3-drpo-unirl-tp2-flashinfer-natural500-20260930-0745-flexfix,428,400-500,126.49590285401791,61.360299319028854,0.47287129797041416,,60.83061257004738,2.9762895149178803,0.01301507605239749,0.014580144779756665,4354.90234375,1099.0,8192.0,1799.503173828125,0.060546875,125.66766792279668,0.8282349312212318,2229710.0,17626.73691157561,36337.990928093954
UniRL,6jlpkjdr,qwen3-drpo-unirl-tp2-flashinfer-natural500-20260930-0745-flexfix,429,400-500,134.88008054392412,65.93958304985426,2.202361905016005,,63.26527282898314,2.6126649740617722,0.013101934222504497,0.01928573288023472,4511.3515625,983.0,8192.0,1975.926513671875,0.076171875,134.05227042501792,0.8278101189061999,2309812.0,17124.930461824588,35029.21755288693
UniRL,6jlpkjdr,qwen3-drpo-unirl-tp2-flashinfer-natural500-20260930-0745-flexfix,430,400-500,139.88958581513725,70.42174128605984,0.5500839010346681,,64.00786585197784,3.9562106339726597,0.012434438103809953,0.031389688141644,4682.916015625,1030.0,8192.0,1861.9476318359375,0.078125,138.97972579929046,0.9098600158467889,2397653.0,17139.610400794776,34047.056437592255
UniRL,6jlpkjdr,qwen3-drpo-unirl-tp2-flashinfer-natural500-20260930-0745-flexfix,431,400-500,143.88136088498868,74.26805728208274,0.8071978809311986,,65.06761234113947,2.7844523610547185,0.01253564516082406,0.02664351905696094,4924.818359375,1495.0,8192.0,1918.951416015625,0.109375,142.9664990294259,0.9148618555627763,2521507.0,17524.903743547173,33951.43339245952
UniRL,6jlpkjdr,qwen3-drpo-unirl-tp2-flashinfer-natural500-20260930-0745-flexfix,432,400-500,147.19363605882972,75.81790408701636,0.8765077670104802,,66.97311705211177,2.667660643113777,0.012557643931359053,0.025580320041626692,4781.01171875,884.0,8192.0,1971.508056640625,0.1015625,146.37332751322538,0.8203085456043482,2447878.0,16630.324962022423,32286.278940005588
UniRL,6jlpkjdr,qwen3-drpo-unirl-tp2-flashinfer-natural500-20260930-0745-flexfix,433,400-500,136.04899926111102,66.55493248696439,0.556439173175022,,64.9633074188605,2.84294815803878,0.01357433502562344,0.027421184116974473,4640.177734375,781.0,8192.0,1867.1842041015625,0.083984375,134.95862275618128,1.0903765049297363,2375771.0,17462.612829957827,35696.39260719443
UniRL,6jlpkjdr,qwen3-drpo-unirl-tp2-flashinfer-natural500-20260930-0745-flexfix,434,400-500,134.1363310010638,67.07711421092972,0.6344311779830605,,62.609904904151335,2.8436857517808676,0.013195652980357409,0.02088905102573335,4521.56640625,1119.0,8192.0,1934.1448974609375,0.080078125,133.19922074885108,0.937110252212733,2315042.0,17258.873734824607,34513.1424813559
UniRL,6jlpkjdr,qwen3-drpo-unirl-tp2-flashinfer-natural500-20260930-0745-flexfix,435,400-500,129.4910350330174,63.6585755830165,0.5845402139239013,,61.59087152197026,2.770997293991968,0.013837439939379692,0.016472638119012117,4615.525390625,568.0,8192.0,1909.664794921875,0.08984375,128.63529469096102,0.8557403420563787,2363149.0,18249.518195583565,37122.24124333793
UniRL,6jlpkjdr,qwen3-drpo-unirl-tp2-flashinfer-natural500-20260930-0745-flexfix,436,400-500,126.22465296299197,61.55771807092242,0.5562049779109657,,60.350265563931316,2.8447712410707027,0.013440106995403767,0.019168115919455886,4297.8046875,959.0,8192.0,1897.73779296875,0.044921875,125.34156807675026,0.8830848862417042,2200476.0,17433.012873049145,35746.54923798131
UniRL,6jlpkjdr,qwen3-drpo-unirl-tp2-flashinfer-natural500-20260930-0745-flexfix,437,400-500,132.12837332091294,66.68606504402123,0.5097659858874977,,61.10677806707099,2.914211513940245,0.0151758030988276,0.0246184088755399,4396.330078125,823.0,8192.0,1955.7781982421875,0.05078125,131.25661482289433,0.8717584980186075,2250921.0,17035.864011834692,33753.99340947929
UniRL,6jlpkjdr,qwen3-drpo-unirl-tp2-flashinfer-natural500-20260930-0745-flexfix,438,400-500,125.47292249207385,60.798666565911844,0.4970048170071095,,60.732520065037534,2.5841759450268,0.013150303158909082,0.026465211994946003,4144.435546875,1187.0,8192.0,1872.3489990234375,0.0546875,124.65198290813714,0.8209395839367062,2121951.0,16911.624897667018,34901.27530510217
UniRL,6jlpkjdr,qwen3-drpo-unirl-tp2-flashinfer-natural500-20260930-0745-flexfix,439,400-500,136.399218542967,70.20632075401954,0.5667971919756383,,62.046784739010036,2.646652335068211,0.01355356490239501,0.03143626498058438,4307.169921875,935.0,8192.0,1942.06201171875,0.046875,135.5115448499564,0.8876736930105835,2205271.0,16167.768580765876,31411.288560848574
UniRL,6jlpkjdr,qwen3-drpo-unirl-tp2-flashinfer-natural500-20260930-0745-flexfix,440,400-500,131.5725471030455,65.40947049017996,0.5816360230091959,,61.94690298102796,2.74083638493903,0.013550234958529472,0.02084972197189927,4467.7734375,1002.0,8192.0,1997.7625732421875,0.08984375,130.71324583608657,0.859301266958937,2287500.0,17385.845682598716,34971.99996968981
UniRL,6jlpkjdr,qwen3-drpo-unirl-tp2-flashinfer-natural500-20260930-0745-flexfix,441,400-500,127.47219016915187,62.60051422799006,0.8260032271500677,,60.43063626415096,2.577212203061208,0.013306759996339679,0.021626177011057734,4212.525390625,1154.0,8192.0,1844.0206298828125,0.05859375,126.4692988593597,1.002891309792176,2156813.0,16919.870892137118,34453.59876989064
UniRL,6jlpkjdr,qwen3-drpo-unirl-tp2-flashinfer-natural500-20260930-0745-flexfix,442,400-500,122.71361978794448,60.66423341888003,0.46831997809931636,,57.92107020993717,2.806996671948582,0.012847088975831866,0.019080677069723606,3912.212890625,999.0,8192.0,1834.5369873046875,0.04296875,121.89254804491065,0.8210717430338264,2003053.0,16322.98846257962,33018.68147198257
UniRL,6jlpkjdr,qwen3-drpo-unirl-tp2-flashinfer-natural500-20260930-0745-flexfix,443,400-500,126.89485734188929,63.67032170994207,0.5312050289940089,,58.87784404098056,2.5109661270398647,0.013291390845552087,0.03399404510855675,4235.166015625,828.0,8192.0,1870.8807373046875,0.05078125,125.63762234291062,1.2572349989786744,2168405.0,17088.20235447152,34056.76211090049
UniRL,6jlpkjdr,qwen3-drpo-unirl-tp2-flashinfer-natural500-20260930-0745-flexfix,444,400-500,112.41216515400447,57.10038439906202,0.5186245338991284,,49.53045796207152,4.259354337118566,0.014161763014271855,0.0235163108445704,3637.30078125,746.0,8192.0,1744.4359130859375,0.037109375,111.44649930601008,0.9656658479943871,1862298.0,16566.694516102016,32614.45644542091
UniRL,6jlpkjdr,qwen3-drpo-unirl-tp2-flashinfer-natural500-20260930-0745-flexfix,445,400-500,119.94273926015012,57.61672689788975,0.5089056040160358,,58.324373837094754,2.637551562860608,0.013482977170497179,0.022497960133478045,4042.548828125,178.0,8192.0,1828.8944091796875,0.044921875,119.12353883916512,0.8192004209849983,2069785.0,17256.44263893902,35923.33531316593
UniRL,6jlpkjdr,qwen3-drpo-unirl-tp2-flashinfer-natural500-20260930-0745-flexfix,446,400-500,111.97396050696261,55.104063723934814,0.4405671500135213,,52.96524396282621,2.562740324996412,0.013485607225447893,0.026179507840424776,3738.28125,748.0,8192.0,1828.0645751953125,0.02734375,111.11228027683683,0.8616802301257849,1914000.0,17093.259819822004,34734.28038971727
UniRL,6jlpkjdr,qwen3-drpo-unirl-tp2-flashinfer-natural500-20260930-0745-flexfix,447,400-500,128.46846054284833,63.09440629417077,0.5356954338494688,,61.21376958116889,2.8020943580195308,0.014146442990750074,0.022341354051604867,4205.197265625,139.0,8192.0,1980.6907958984375,0.06640625,127.68245346425101,0.7860070785973221,2153061.0,16759.452015709998,34124.43553175837
UniRL,6jlpkjdr,qwen3-drpo-unirl-tp2-flashinfer-natural500-20260930-0745-flexfix,448,400-500,134.915865910938,71.38346839603037,0.6814354499801993,,59.294498580973595,2.6413249750621617,0.013290450908243656,0.029539054026827216,4268.181640625,1013.0,8192.0,1943.932861328125,0.05859375,134.0435569069814,0.8723090039566159,2185309.0,16197.568649506262,30613.6567626003
UniRL,6jlpkjdr,qwen3-drpo-unirl-tp2-flashinfer-natural500-20260930-0745-flexfix,449,400-500,143.8634724409785,66.35442881495692,10.352274261182174,,63.815596719039604,2.462471416918561,0.013088843785226345,0.021254794904962182,4696.728515625,975.0,8192.0,2108.970703125,0.099609375,143.01911485078745,0.8443575901910663,2404725.0,16715.32710283052,36240.61035482762
UniRL,6jlpkjdr,qwen3-drpo-unirl-tp2-flashinfer-natural500-20260930-0745-flexfix,450,400-500,133.51792553602718,65.19501528283581,0.5219211429357529,,63.717954363906756,3.201630478957668,0.013514355989173055,0.018621477065607905,4513.359375,869.0,8192.0,2078.5595703125,0.083984375,132.66865710169077,0.849268434336409,2310840.0,17307.33900128238,35445.04115805285
UniRL,6jlpkjdr,qwen3-drpo-unirl-tp2-flashinfer-natural500-20260930-0745-flexfix,451,400-500,129.2689452599734,63.38164690788835,0.5748204002156854,,61.99333482608199,2.4569190449547023,0.012791519984602928,0.020727005088701844,4439.7265625,1277.0,8192.0,1990.7342529296875,0.080078125,128.44023970421404,0.8287055557593703,2273140.0,17584.57915339587,35864.32525654504
UniRL,6jlpkjdr,qwen3-drpo-unirl-tp2-flashinfer-natural500-20260930-0745-flexfix,452,400-500,140.97638819995336,66.91327193612233,0.6811856038402766,,69.81340177101083,2.732797299977392,0.012017856119200587,0.01910809683613479,4741.056640625,716.0,8192.0,2163.200439453125,0.138671875,140.17178256390616,0.8046056360471994,2427421.0,17218.635198378583,36277.123054411364
UniRL,6jlpkjdr,qwen3-drpo-unirl-tp2-flashinfer-natural500-20260930-0745-flexfix,453,400-500,147.03826662199572,76.53770309314132,0.6592643919866532,,66.19793808809482,2.5512304939329624,0.012274890672415495,0.025782837066799402,4786.302734375,1117.0,8192.0,2133.65283203125,0.134765625,145.98419379489496,1.0540728271007538,2450587.0,16666.321334567558,32018.036875470352
UniRL,6jlpkjdr,qwen3-drpo-unirl-tp2-flashinfer-natural500-20260930-0745-flexfix,454,400-500,139.57584219286218,70.34326186706312,1.0451922118663788,,64.5016137668863,2.8061454091221094,0.013052044901996851,0.01964562595821917,4717.607421875,1179.0,8192.0,2006.28515625,0.1171875,138.72891092579812,0.8469312670640647,2415415.0,17305.39441533474,34337.546140023
UniRL,6jlpkjdr,qwen3-drpo-unirl-tp2-flashinfer-natural500-20260930-0745-flexfix,455,400-500,139.1819074829109,65.95113816205412,0.9785937720444053,,65.04876864212565,6.240420649992302,0.014358930056914687,0.021897882921621203,4655.826171875,1023.0,8192.0,2123.69482421875,0.126953125,138.25517803919502,0.9267294437158853,2383783.0,17127.103968543375,36144.683267521556
UniRL,6jlpkjdr,qwen3-drpo-unirl-tp2-flashinfer-natural500-20260930-0745-flexfix,456,400-500,149.45758003089577,76.93952229479328,0.6603909549303353,,68.01512174098752,2.8488457140047103,0.01379147102124989,0.028796337079256773,4986.138671875,1196.0,8192.0,2293.5966796875,0.197265625,148.50646851281635,0.951111518079415,2552903.0,17081.120940619174,33180.645315402
UniRL,6jlpkjdr,qwen3-drpo-unirl-tp2-flashinfer-natural500-20260930-0745-flexfix,457,400-500,149.61600093892775,74.90549161098897,0.7551053259521723,,70.35423264815472,2.72513857902959,0.012230661930516362,0.02923243003897369,4655.001953125,1154.0,8192.0,2181.345703125,0.1328125,148.78143125609495,0.8345696828328073,2383361.0,15929.85365898713,31818.241209571745
UniRL,6jlpkjdr,qwen3-drpo-unirl-tp2-flashinfer-natural500-20260930-0745-flexfix,458,400-500,156.5599664421752,78.09509994112886,0.9811272430233657,,73.73332866793498,2.875770417973399,0.012868069112300873,0.036718283081427217,5306.486328125,1392.0,8192.0,2099.633056640625,0.201171875,155.73491262225434,0.8250538199208677,2716921.0,17353.868052874703,34789.90361812868
UniRL,6jlpkjdr,qwen3-drpo-unirl-tp2-flashinfer-natural500-20260930-0745-flexfix,459,400-500,139.75024084700271,68.28156750905327,0.6943821720778942,,65.85949467215687,3.846205329988152,0.012695441022515297,0.022791924886405468,4715.42578125,1168.0,8192.0,2114.622314453125,0.09765625,138.7171370491851,1.0331037978176028,2414298.0,17275.805647041077,35357.9756305374
UniRL,6jlpkjdr,qwen3-drpo-unirl-tp2-flashinfer-natural500-20260930-0745-flexfix,460,400-500,132.54347271611914,63.530062927166,1.041447354014963,,64.23775325901806,2.7246104199439287,0.012165802996605635,0.017167794052511454,4660.1015625,1171.0,8192.0,1907.5540771484375,0.08203125,131.56320755719207,0.9802651589270681,2385972.0,18001.429652520583,37556.581719986585
UniRL,6jlpkjdr,qwen3-drpo-unirl-tp2-flashinfer-natural500-20260930-0745-flexfix,461,400-500,145.7688070971053,73.26108277589083,0.6734316409565508,,68.2911576461047,2.687823788030073,0.012842840049415827,0.02234170399606228,5029.720703125,1376.0,8192.0,1960.2572021484375,0.12109375,144.94868039502762,0.8201267020776868,2575217.0,17666.447652854113,35151.22766991736
UniRL,6jlpkjdr,qwen3-drpo-unirl-tp2-flashinfer-natural500-20260930-0745-flexfix,462,400-500,137.27512075612321,61.63339873496443,10.499673643149436,,61.33477794006467,2.5624994540121406,0.012787190033122897,0.02157471887767315,4337.408203125,186.0,8192.0,1887.160400390625,0.0625,136.06471168110147,1.2104090750217438,2220753.0,16177.388792433041,36031.649163948736
UniRL,6jlpkjdr,qwen3-drpo-unirl-tp2-flashinfer-natural500-20260930-0745-flexfix,463,400-500,117.82640496408567,57.12333469907753,0.5524825011380017,,56.6556683529634,2.667179040843621,0.012450586073100567,0.01724519394338131,4024.048828125,952.0,8192.0,1906.7655029296875,0.060546875,117.02836037403904,0.7980445900466293,2060313.0,17486.004097536526,36067.79980289336
UniRL,6jlpkjdr,qwen3-drpo-unirl-tp2-flashinfer-natural500-20260930-0745-flexfix,464,400-500,124.62985019409098,61.24860490206629,0.5443085599690676,,59.24286904511973,2.6535454569384456,0.012585913995280862,0.020492109935730696,4007.177734375,768.0,8192.0,1907.74267578125,0.05078125,123.72240598802455,0.9074442060664296,2051675.0,16462.14768616704,33497.497670037286
UniRL,6jlpkjdr,qwen3-drpo-unirl-tp2-flashinfer-natural500-20260930-0745-flexfix,465,400-500,121.44564340007491,60.09532975289039,0.5010488140396774,,57.539169545983896,2.536398763069883,0.011754720704630017,0.017281312961131334,3865.794921875,1112.0,8192.0,1973.0693359375,0.052734375,120.70098290964961,0.7446604904253036,1979287.0,16297.719247776484,32935.78732555008
UniRL,6jlpkjdr,qwen3-drpo-unirl-tp2-flashinfer-natural500-20260930-0745-flexfix,466,400-500,124.94996148790233,67.09736836701632,0.49667469994165003,,53.84238921292126,2.5949771502055228,0.011901177931576967,0.025992142967879772,3853.716796875,949.0,8192.0,1802.8184814453125,0.03125,124.0693027509842,0.8806587369181216,1973103.0,15791.14532333038,29406.56314875587
UniRL,6jlpkjdr,qwen3-drpo-unirl-tp2-flashinfer-natural500-20260930-0745-flexfix,467,400-500,120.9134430049453,60.49386102799326,0.6387442380655557,,56.10712556610815,2.889956444967538,0.011442086892202497,0.01810999703593552,4003.884765625,706.0,8192.0,1864.923828125,0.03125,120.15923936106265,0.7542036438826472,2049989.0,16954.185978445395,33887.55429334188
UniRL,6jlpkjdr,qwen3-drpo-unirl-tp2-flashinfer-natural500-20260930-0745-flexfix,468,400-500,115.634611829184,55.91623535100371,0.5083030529785901,,55.45157188596204,2.925754697062075,0.011982745956629515,0.015121434815227985,3877.25390625,1120.0,8192.0,1765.2421875,0.033203125,114.82896916777827,0.8056426614057273,1985154.0,17167.472338926334,35502.28279029457
UniRL,6jlpkjdr,qwen3-drpo-unirl-tp2-flashinfer-natural500-20260930-0745-flexfix,469,400-500,122.40357918199152,59.222431293921545,0.5350918900221586,,58.64165880600922,2.875820151064545,0.011914476752281189,0.02791985496878624,4144.15625,907.0,8192.0,1963.4952392578125,0.060546875,121.31483647273853,1.0887427092529833,2121808.0,17334.525789031573,35827.77595653655
UniRL,6jlpkjdr,qwen3-drpo-unirl-tp2-flashinfer-natural500-20260930-0745-flexfix,470,400-500,120.9010188630782,60.665649126982316,0.48772176005877554,,55.76651026401669,3.1413483631331474,0.011907629203051329,0.02028229390271008,3929.91796875,939.0,8192.0,1692.3795166015625,0.029296875,120.09341943729669,0.8075994257815182,2012118.0,16642.688530844778,33167.33652331544
UniRL,6jlpkjdr,qwen3-drpo-unirl-tp2-flashinfer-natural500-20260930-0745-flexfix,471,400-500,110.61494204006158,58.243294849060476,0.44526371802203357,,48.06280472595245,3.0418022060766816,0.011299779871478677,0.02234552288427949,3575.12109375,1071.0,8192.0,1702.791015625,0.01953125,109.8268108018674,0.7881312381941825,1830462.0,16548.053691851674,31427.85800054248
UniRL,6jlpkjdr,qwen3-drpo-unirl-tp2-flashinfer-natural500-20260930-0745-flexfix,472,400-500,121.6498258758802,59.01138788694516,0.9981970658991486,,58.20785758085549,2.6067170589230955,0.011962796095758677,0.01868920517154038,3931.513671875,1021.0,8192.0,1880.372314453125,0.0546875,120.85481159389019,0.7950142819900066,2012935.0,16546.961621250535,34110.958445112476
UniRL,6jlpkjdr,qwen3-drpo-unirl-tp2-flashinfer-natural500-20260930-0745-flexfix,473,400-500,113.76622640783899,55.271091914968565,0.579009807901457,,54.50136311096139,2.4818507260642946,0.011692631989717484,0.06267761602066457,3842.576171875,229.0,8192.0,1769.3427734375,0.037109375,112.90768580790609,0.8585405999328941,1967399.0,17293.34849296221,35595.44296730616
UniRL,6jlpkjdr,qwen3-drpo-unirl-tp2-flashinfer-natural500-20260930-0745-flexfix,474,400-500,110.56928221206181,52.131415348965675,0.42397667397744954,,53.60528326104395,2.601329202996567,0.01178214093670249,0.048027293058112264,3769.3359375,872.0,8192.0,1631.1881103515625,0.021484375,108.82181392097846,1.7474682910833508,1929900.0,17454.214781810988,37019.904161076855
UniRL,6jlpkjdr,qwen3-drpo-unirl-tp2-flashinfer-natural500-20260930-0745-flexfix,475,400-500,135.43171724188142,70.54846166120842,0.7070600278675556,,60.355360283050686,2.8491038870997727,0.011928275926038623,0.03812974598258734,4218.837890625,682.0,8192.0,2002.7266845703125,0.064453125,134.51004388113506,0.9216733607463539,2160045.0,15949.328886837888,30617.889449851977
UniRL,6jlpkjdr,qwen3-drpo-unirl-tp2-flashinfer-natural500-20260930-0745-flexfix,476,400-500,129.93999019800685,61.24960544798523,0.6842865329235792,,64.18800191301852,2.852244926150888,0.012187941931188107,0.01625837292522192,4386.23828125,1005.0,8192.0,2025.2279052734375,0.09765625,129.00258513493463,0.9374050630722195,2245754.0,17283.008845682118,36665.607616152774
UniRL,6jlpkjdr,qwen3-drpo-unirl-tp2-flashinfer-natural500-20260930-0745-flexfix,477,400-500,126.39251684094779,60.47873235587031,2.6215913579799235,,59.794847653014585,2.67877363297157,0.012428418267518282,0.01668739505112171,4171.14453125,1232.0,8192.0,1922.1270751953125,0.076171875,125.60306081315503,0.7894560277927667,2135626.0,16896.775642876622,35312.01658516091
UniRL,6jlpkjdr,qwen3-drpo-unirl-tp2-flashinfer-natural500-20260930-0745-flexfix,478,400-500,126.99671971518546,64.61242175102234,0.5448024380020797,,58.33201902988367,2.617314890958369,0.012227511964738369,0.04645682405680418,4106.685546875,790.0,8192.0,2193.48193359375,0.09765625,126.165242445888,0.8314772692974657,2102623.0,16556.514252616413,32542.08622766459
UniRL,6jlpkjdr,qwen3-drpo-unirl-tp2-flashinfer-natural500-20260930-0745-flexfix,479,400-500,138.5543970610015,69.90886625810526,0.6216639569029212,,64.39982955600135,2.760406075976789,0.012315209023654461,0.02436463488265872,4579.845703125,690.0,8192.0,2017.2537841796875,0.078125,137.72744569089264,0.8269513701088727,2344881.0,16923.90172913543,33541.96864447267
UniRL,6jlpkjdr,qwen3-drpo-unirl-tp2-flashinfer-natural500-20260930-0745-flexfix,480,400-500,138.25433953898028,69.3501805018168,0.806036968016997,,64.81515922117978,2.394468548009172,0.012478495715186,0.01877636299468577,4732.255859375,972.0,8192.0,2086.46875,0.107421875,137.39710009773262,0.8572394412476569,2422915.0,17525.055691411904,34937.400053869016
UniRL,6jlpkjdr,qwen3-drpo-unirl-tp2-flashinfer-natural500-20260930-0745-flexfix,481,400-500,128.648273516912,62.22414141893387,0.5344490997958928,,62.261137107154354,2.757163329049945,0.012228631880134344,0.015826270915567875,4371.26171875,870.0,8192.0,2048.115234375,0.08203125,127.80494585772976,0.8433276591822505,2238086.0,17396.937703215914,35968.12987634064
UniRL,6jlpkjdr,qwen3-drpo-unirl-tp2-flashinfer-natural500-20260930-0745-flexfix,482,400-500,133.4516506108921,68.29978964291513,0.8513709739781916,,60.690509140025824,2.6763062868267298,0.011843448970466852,0.033950258046388626,4175.7890625,913.0,8192.0,2076.22265625,0.087890625,132.56376975076273,0.8878808601293713,2138004.0,16020.813457255954,31303.229646502714
UniRL,6jlpkjdr,qwen3-drpo-unirl-tp2-flashinfer-natural500-20260930-0745-flexfix,483,400-500,129.02786216698587,62.27407123311423,0.8071538470685482,,62.14821247989312,2.782955326139927,0.011944596888497472,0.018161815125495195,4340.01953125,846.0,8192.0,1915.5955810546875,0.05859375,128.0424992982298,0.9853628687560558,2222090.0,17221.784215289914,35682.42698766102
UniRL,6jlpkjdr,qwen3-drpo-unirl-tp2-flashinfer-natural500-20260930-0745-flexfix,484,400-500,142.52932970388792,71.45976500911638,0.6720661229919642,,66.57807123404928,2.7771278601139784,0.013794779777526855,0.023976821918040514,4751.01953125,1008.0,8192.0,2052.494384765625,0.119140625,141.52480182796717,1.0045278759207577,2432522.0,17066.81708988382,34040.44219414484
UniRL,6jlpkjdr,qwen3-drpo-unirl-tp2-flashinfer-natural500-20260930-0745-flexfix,485,400-500,130.57005987409502,62.535133458906785,0.5860149029176682,,63.647178679006174,2.9389781111385673,0.01379568106494844,0.01635816995985806,4552.61328125,168.0,8192.0,2012.59423828125,0.091796875,129.737459002994,0.8326008711010218,2330938.0,17852.009888389857,37274.05493636167
UniRL,6jlpkjdr,qwen3-drpo-unirl-tp2-flashinfer-natural500-20260930-0745-flexfix,486,400-500,130.58375976700336,64.57681529899128,0.6528946440666914,,61.552527006017044,2.9594351609703153,0.014152633026242256,0.019312461838126183,4370.296875,955.0,8192.0,1958.158935546875,0.08203125,129.7751372049097,0.8086225620936602,2237592.0,17135.3007754752,34650.08284536683
UniRL,6jlpkjdr,qwen3-drpo-unirl-tp2-flashinfer-natural500-20260930-0745-flexfix,487,400-500,131.59189988998696,65.87853826605715,0.6047336149495095,,61.297509267926216,2.928152092033997,0.012773251160979271,0.022232515970245004,4323.70703125,1173.0,8192.0,1862.066650390625,0.056640625,130.7439390080981,0.8479608818888664,2213738.0,16822.7527822816,33603.32603403547
UniRL,6jlpkjdr,qwen3-drpo-unirl-tp2-flashinfer-natural500-20260930-0745-flexfix,488,400-500,131.97748925513588,65.4766843970865,0.7341367769986391,,61.93035036395304,2.848799522034824,0.01340740779414773,0.04309001797810197,4442.93359375,999.0,8192.0,1996.5123291015625,0.083984375,131.04646848584525,0.931020769290626,2274782.0,17236.13635051386,34741.863015000505
UniRL,6jlpkjdr,qwen3-drpo-unirl-tp2-flashinfer-natural500-20260930-0745-flexfix,489,400-500,121.57752475398593,57.48060969891958,0.6005931759718806,,59.62888765800744,2.8699728189967573,0.013921838020905852,0.017538817133754492,4041.0,813.0,8192.0,1984.604736328125,0.0546875,120.61152400705032,0.966000746935606,2068992.0,17017.88224580685,35994.60776142201
UniRL,6jlpkjdr,qwen3-drpo-unirl-tp2-flashinfer-natural500-20260930-0745-flexfix,490,400-500,126.38662287709303,64.67156110703945,0.5645803089719266,,57.06958473101258,2.758262270828709,0.013330910122022033,0.030854088021442294,4091.87890625,861.0,8192.0,1987.5206298828125,0.048828125,125.10817341599613,1.2784494610968977,2095042.0,16576.453680840586,32395.10480553339
UniRL,6jlpkjdr,qwen3-drpo-unirl-tp2-flashinfer-natural500-20260930-0745-flexfix,491,400-500,143.77724191104062,73.03115491312928,0.8063362359534949,,64.63888923614286,4.435812555951998,0.013823390938341618,0.03422922105528414,4525.5703125,1004.0,8192.0,2094.919677734375,0.080078125,142.96024555317126,0.8169963578693569,2317092.0,16115.846772423523,31727.445673783823
UniRL,6jlpkjdr,qwen3-drpo-unirl-tp2-flashinfer-natural500-20260930-0745-flexfix,492,400-500,140.1357375769876,70.05528189404868,0.5876015699468553,,66.10782324685715,2.5732336658984423,0.01323585188947618,0.02270939713343978,4710.162109375,1101.0,8192.0,1973.2491455078125,0.109375,139.35988562577404,0.7758519512135535,2411603.0,17209.050608344045,34424.28514736831
UniRL,6jlpkjdr,qwen3-drpo-unirl-tp2-flashinfer-natural500-20260930-0745-flexfix,493,400-500,136.99226618208922,66.77825651806779,0.8052862270269543,,65.76224673888646,2.699849182041362,0.013165842974558473,0.021752525120973587,4610.046875,1156.0,8192.0,1973.9549560546875,0.060546875,136.0805570341181,0.9117091479711235,2360344.0,17229.76096229145,35345.99618307459
UniRL,6jlpkjdr,qwen3-drpo-unirl-tp2-flashinfer-natural500-20260930-0745-flexfix,494,400-500,125.96342948498204,59.73828723304905,0.5125170259270817,,60.755846281768754,4.136456944979727,0.01293083792552352,0.018178155878558755,4470.197265625,152.0,8192.0,1976.08935546875,0.064453125,125.1742164795287,0.7892130054533482,2288741.0,18169.8847781282,38312.79914456266
UniRL,6jlpkjdr,qwen3-drpo-unirl-tp2-flashinfer-natural500-20260930-0745-flexfix,495,400-500,125.70700626983307,60.11256057699211,0.7561898108106107,,60.79552594805136,3.1697716938797385,0.01339433784596622,0.016920229885727167,4342.099609375,1022.0,8192.0,2055.588623046875,0.080078125,124.86436259746552,0.8426436723675579,2223155.0,17685.211556370574,36983.20248981218
UniRL,6jlpkjdr,qwen3-drpo-unirl-tp2-flashinfer-natural500-20260930-0745-flexfix,496,400-500,139.80141491792165,72.95314186718315,0.5727529018186033,,62.398524169810116,3.017131781904027,0.0126506129745394,0.031161831924691796,4486.634765625,620.0,8192.0,2014.7469482421875,0.091796875,138.98536316561513,0.8160517523065209,2297157.0,16431.571893236392,31488.116086653983
UniRL,6jlpkjdr,qwen3-drpo-unirl-tp2-flashinfer-natural500-20260930-0745-flexfix,497,400-500,133.419969370123,67.86372256209143,0.7844831780530512,,60.93564967205748,2.9021178770344704,0.012990475865080953,0.045402423944324255,4289.140625,860.0,8192.0,1959.4447021484375,0.07421875,132.54436618904583,0.8756031810771674,2196040.0,16459.605037892954,32359.557022395125
UniRL,6jlpkjdr,qwen3-drpo-unirl-tp2-flashinfer-natural500-20260930-0745-flexfix,498,400-500,130.1906938580796,68.35637599602342,0.7774293560069054,,57.0235337279737,3.010935583151877,0.013335288967937231,0.03621824295260012,4230.783203125,893.0,8192.0,2018.56298828125,0.07421875,129.21782819507644,0.9728656630031765,2166161.0,16638.37049951761,31689.231157105445
UniRL,6jlpkjdr,qwen3-drpo-unirl-tp2-flashinfer-natural500-20260930-0745-flexfix,499,400-500,113.81785046099685,55.39224194781855,0.8183271680027246,,53.310830302070826,3.1956556979566813,0.014245121972635388,0.01778581296093762,3827.935546875,732.0,8192.0,1905.6776123046875,0.04296875,112.74908605078235,1.0687644102144986,1959903.0,17219.645179220992,35382.26529712045
UniRL,6jlpkjdr,qwen3-drpo-unirl-tp2-flashinfer-natural500-20260930-0745-flexfix,500,400-500,123.44995750300586,59.916402734816074,0.7214274888392538,,58.96765690296888,2.853972617071122,0.013276760932058096,0.02068857615813613,4159.923828125,904.0,8192.0,1983.3701171875,0.0625,122.49342508078553,0.9565324222203344,2129881.0,17252.99095342451,35547.54462524457
VERL,xd9cv7e4,qwen3-drpo-verl-tp2-natural500-20260930-epochfix500,2,0-100,54.71264418400824,35.709819462150335,2.438947558403015e-05,0.014439389109611511,15.898568909615278,3.0017615128308535,,,961.470703125,2.0,8192.0,,0.017578125,54.62461366318166,0.08803052082657814,492273.0,8997.426597486303,13785.367930010723
VERL,xd9cv7e4,qwen3-drpo-verl-tp2-natural500-20260930-epochfix500,3,0-100,60.80204601958394,40.30956543982029,2.1260231733322144e-05,0.0068623777478933334,17.469167368486524,2.9530811682343483,,,1052.951171875,2.0,8192.0,,0.033203125,60.73869761452079,0.06334840506315231,539111.0,8866.658859248846,13374.269707890046
VERL,xd9cv7e4,qwen3-drpo-verl-tp2-natural500-20260930-epochfix500,4,0-100,52.49192005209625,33.40061313658953,2.1237879991531372e-05,0.007151039317250252,16.180456759408116,2.840672044083476,,,979.5859375,2.0,8192.0,,0.00390625,52.42891421727836,0.06300583481788635,501548.0,9554.765752562158,15016.131528752292
VERL,xd9cv7e4,qwen3-drpo-verl-tp2-natural500-20260930-epochfix500,5,0-100,51.8702497780323,32.402126386761665,2.240017056465149e-05,0.006837967783212662,16.457922058179975,2.9403994753956795,,,1041.052734375,2.0,8192.0,,0.01171875,51.8073082882911,0.06294148974120617,533019.0,10276.00603970371,16450.12409487336
VERL,xd9cv7e4,qwen3-drpo-verl-tp2-natural500-20260930-epochfix500,6,0-100,56.12937429174781,36.61101505532861,2.1167099475860596e-05,0.006920233368873596,16.536894911900163,2.911831872537732,,,1066.771484375,3.0,8192.0,,0.0078125,56.06668324023485,0.06269105151295662,546187.0,9730.858519124824,14918.652191821826
VERL,xd9cv7e4,qwen3-drpo-verl-tp2-natural500-20260930-epochfix500,7,0-100,57.03800790756941,36.51441555283964,2.2249296307563782e-05,0.006840487942099571,16.195201832801104,4.258625406771898,,,1029.212890625,2.0,8192.0,,0.009765625,56.975105529651046,0.06290237791836262,526957.0,9238.699234621561,14431.478418090683
VERL,xd9cv7e4,qwen3-drpo-verl-tp2-natural500-20260930-epochfix500,8,0-100,61.063299007713795,40.02061357907951,2.144835889339447e-05,0.006833318620920181,17.892425088211894,3.077675063163042,,,1170.58984375,131.0,8192.0,,0.01171875,60.99756849743426,0.06573051027953625,599342.0,9815.093677206802,14975.832362382915
VERL,xd9cv7e4,qwen3-drpo-verl-tp2-natural500-20260930-epochfix500,9,0-100,60.4137584194541,39.092454187572,2.1198764443397522e-05,0.0071436092257499695,18.306167347356677,2.944043692201376,,,1221.541015625,2.0,8192.0,,0.015625,60.34983003512025,0.06392838433384895,625429.0,10352.426605503208,15998.714150794656
VERL,xd9cv7e4,qwen3-drpo-verl-tp2-natural500-20260930-epochfix500,10,0-100,60.151062324643135,39.82660874724388,2.2253021597862244e-05,0.006831018254160881,17.319946875795722,2.9347263015806675,,,1166.560546875,27.0,8192.0,,0.009765625,60.08813519589603,0.0629271287471056,597279.0,9929.650066301527,14996.983644542255
VERL,xd9cv7e4,qwen3-drpo-verl-tp2-natural500-20260930-epochfix500,11,0-100,59.270055681467056,36.95762528665364,2.245977520942688e-05,0.007096469402313232,18.543274069204926,3.6989941243082285,,,1225.462890625,94.0,8192.0,,0.01171875,59.207012409344316,0.06304327212274075,627437.0,10586.07070275102,16977.200107783545
VERL,xd9cv7e4,qwen3-drpo-verl-tp2-natural500-20260930-epochfix500,12,0-100,57.145818235352635,36.84324359148741,2.0368024706840515e-05,0.006804715842008591,16.98104352504015,3.251132257282734,,,1121.267578125,190.0,8032.0,,0.0,57.08224445767701,0.06357377767562866,574089.0,10046.036923220501,15581.934271732867
VERL,xd9cv7e4,qwen3-drpo-verl-tp2-natural500-20260930-epochfix500,13,0-100,62.29844543710351,38.79511667601764,2.6360154151916504e-05,0.006930246949195862,19.777998134493828,3.6543604023754597,,,1342.8671875,244.0,8192.0,,0.01953125,62.23443181999028,0.06401361711323261,687548.0,11036.358855762272,17722.539817106113
VERL,xd9cv7e4,qwen3-drpo-verl-tp2-natural500-20260930-epochfix500,14,0-100,63.89778799004853,40.5703259408474,2.0820647478103638e-05,0.006880255416035652,20.132548958063126,3.1236740574240685,,,1350.3515625,94.0,8192.0,,0.017578125,63.833450032398105,0.06433795765042305,691380.0,10820.092866245634,17041.519484168064
VERL,xd9cv7e4,qwen3-drpo-verl-tp2-natural500-20260930-epochfix500,15,0-100,58.03126350417733,35.87084561213851,2.179853618144989e-05,0.007004212588071823,18.447094148024917,3.6418891716748476,,,1269.080078125,108.0,8192.0,,0.005859375,57.96685494296253,0.06440856121480465,649769.0,11196.878385272912,18114.125522040147
VERL,xd9cv7e4,qwen3-drpo-verl-tp2-natural500-20260930-epochfix500,16,0-100,65.28647822700441,41.53306255862117,2.2700056433677673e-05,0.006873868405818939,20.689103804528713,2.9933882001787424,,,1428.33984375,58.0,8192.0,,0.01171875,65.22245113179088,0.06402709521353245,731310.0,11201.553826463083,17607.89970563342
VERL,xd9cv7e4,qwen3-drpo-verl-tp2-natural500-20260930-epochfix500,17,0-100,61.15458779968321,37.7985789552331,2.2038817405700684e-05,0.006994482129812241,20.21249133348465,3.071285678073764,,,1352.0546875,12.0,8192.0,,0.01171875,61.08937248773873,0.06521531194448471,692252.0,11319.706744938372,18314.233474752356
VERL,xd9cv7e4,qwen3-drpo-verl-tp2-natural500-20260930-epochfix500,18,0-100,57.283833557739854,35.39769986271858,2.1340325474739075e-05,0.006911156699061394,18.640067828819156,3.17283053137362,,,1242.234375,198.0,8192.0,,0.01171875,57.217530719935894,0.06630283780395985,636024.0,11103.027861410721,17967.94713969171
VERL,xd9cv7e4,qwen3-drpo-verl-tp2-natural500-20260930-epochfix500,19,0-100,60.58067575097084,37.233665097504854,2.1670013666152954e-05,0.006990283727645874,20.08055347390473,3.1956794802099466,,,1314.193359375,198.0,8192.0,,0.005859375,60.51691000536084,0.0637657456099987,672867.0,11106.957650422328,18071.468340222327
VERL,xd9cv7e4,qwen3-drpo-verl-tp2-natural500-20260930-epochfix500,20,0-100,65.27752457000315,41.247250232845545,2.3830682039260864e-05,0.007183350622653961,20.9510027654469,3.0074512138962746,,,1385.078125,3.0,8192.0,,0.013671875,65.21291139349341,0.06461317650973797,709160.0,10863.769799351105,17192.903672286247
VERL,xd9cv7e4,qwen3-drpo-verl-tp2-natural500-20260930-epochfix500,21,0-100,72.83151929266751,45.50289186090231,2.5140121579170227e-05,0.006961051374673843,24.153014983981848,3.100024664774537,,,1663.216796875,245.0,8192.0,,0.033203125,72.76291770115495,0.06860159151256084,851567.0,11692.286640047252,18714.56879275175
VERL,xd9cv7e4,qwen3-drpo-verl-tp2-natural500-20260930-epochfix500,22,0-100,65.60370400175452,40.12394450046122,2.03792005777359e-05,0.006868867203593254,22.2434042096138,3.1654518768191338,,,1568.931640625,318.0,8192.0,,0.017578125,65.53968983329833,0.06401416845619678,803293.0,12244.628748073685,20020.289879295546
VERL,xd9cv7e4,qwen3-drpo-verl-tp2-natural500-20260930-epochfix500,23,0-100,67.13812435790896,41.92457498982549,2.1168962121009827e-05,0.006983533501625061,22.19232931174338,2.9515046048909426,,,1513.84375,211.0,8192.0,,0.0234375,67.07541360892355,0.06271074898540974,775088.0,11544.677594328617,18487.676981534176
VERL,xd9cv7e4,qwen3-drpo-verl-tp2-natural500-20260930-epochfix500,24,0-100,67.11611362919211,41.33500884287059,2.0168721675872803e-05,0.006864028051495552,22.659380106255412,3.051142008975148,,,1563.69921875,193.0,8192.0,,0.021484375,67.05241515487432,0.06369847431778908,800614.0,11928.789626039572,19368.90840022377
VERL,xd9cv7e4,qwen3-drpo-verl-tp2-natural500-20260930-epochfix500,25,0-100,82.85137836076319,52.77686616033316,2.2999942302703857e-05,0.006954453885555267,26.901495495811105,3.10134862549603,,,1924.19140625,225.0,8192.0,,0.044921875,82.78668773546815,0.06469062529504299,985186.0,11891.003137089208,18667.00453579529
VERL,xd9cv7e4,qwen3-drpo-verl-tp2-natural500-20260930-epochfix500,26,0-100,87.19538385607302,55.707544930279255,2.214871346950531e-05,0.006856415420770645,28.402186127379537,3.014819109812379,,,1972.390625,242.0,8192.0,,0.046875,87.13142873160541,0.06395512446761131,1009864.0,11581.622275634543,18127.95737568214
VERL,xd9cv7e4,qwen3-drpo-verl-tp2-natural500-20260930-epochfix500,27,0-100,88.2818743698299,53.21772192046046,2.1200627088546753e-05,0.006904374808073044,31.246811032295227,3.7456471119076014,,,2245.283203125,277.0,8192.0,,0.060546875,88.21710564009845,0.06476872973144054,1149585.0,13021.755691141825,21601.544720726244
VERL,xd9cv7e4,qwen3-drpo-verl-tp2-natural500-20260930-epochfix500,28,0-100,108.92881838791072,65.33733719401062,1.9827857613563538e-05,0.0068680644035339355,40.49864502623677,3.021399263292551,,,2920.65625,312.0,8192.0,,0.1015625,108.86426937580109,0.06454901210963726,1495376.0,13728.010843510276,22887.005565587682
VERL,xd9cv7e4,qwen3-drpo-verl-tp2-natural500-20260930-epochfix500,29,0-100,108.66541798226535,63.98416870646179,2.1599233150482178e-05,0.006899924948811531,41.58011890389025,3.0301346872001886,,,2971.708984375,182.0,8192.0,,0.123046875,108.60134382173419,0.06407416053116322,1521515.0,14001.83267365076,23779.55407970068
VERL,xd9cv7e4,qwen3-drpo-verl-tp2-natural500-20260930-epochfix500,30,0-100,109.85250237211585,66.43721731938422,2.0908191800117493e-05,0.006975864991545677,40.287222204729915,3.057077456265688,,,2920.607421875,271.0,8192.0,,0.08203125,109.78851375356317,0.06398861855268478,1495351.0,13612.35263384923,22507.730761982188
VERL,xd9cv7e4,qwen3-drpo-verl-tp2-natural500-20260930-epochfix500,31,0-100,110.35880139097571,64.23374601267278,2.4478882551193237e-05,0.006915681064128876,43.01693816483021,3.036035204306245,,,3129.361328125,255.0,8192.0,,0.09375,110.29365954175591,0.06514184921979904,1602233.0,14518.397987340031,24943.788887602674
VERL,xd9cv7e4,qwen3-drpo-verl-tp2-natural500-20260930-epochfix500,32,0-100,131.24078352749348,75.79814529977739,2.0967796444892883e-05,0.006983824074268341,52.2016907595098,3.1701811999082565,,,3798.19921875,88.0,8192.0,,0.162109375,131.17702205106616,0.06376147642731667,1944678.0,14817.634791037435,25656.010345753293
VERL,xd9cv7e4,qwen3-drpo-verl-tp2-natural500-20260930-epochfix500,33,0-100,129.0502419359982,74.90308024734259,2.0250678062438965e-05,0.0068947747349739075,50.96126769669354,3.1156984511762857,,,3718.076171875,521.0,8192.0,,0.169921875,128.98696142062545,0.06328051537275314,1903655.0,14751.270291644303,25414.909423134675
VERL,xd9cv7e4,qwen3-drpo-verl-tp2-natural500-20260930-epochfix500,34,0-100,127.64810398966074,73.66118897683918,2.0040199160575867e-05,0.006919573992490768,50.79886830598116,3.1153748612850904,,,3689.8125,325.0,8192.0,,0.154296875,127.58237175829709,0.06573223136365414,1889184.0,14799.937805210333,25646.93872364732
VERL,xd9cv7e4,qwen3-drpo-verl-tp2-natural500-20260930-epochfix500,35,0-100,125.17087721452117,72.31383781321347,2.0386651158332825e-05,0.00685737282037735,49.48326781578362,3.3024695683270693,,,3566.654296875,270.0,8192.0,,0.119140625,125.10645295679569,0.06442425772547722,1826127.0,14589.072479458102,25252.80161062511
VERL,xd9cv7e4,qwen3-drpo-verl-tp2-natural500-20260930-epochfix500,36,0-100,146.3435678165406,85.80163205973804,2.1500512957572937e-05,0.006966752931475639,57.374397529289126,3.096734970808029,,,4169.662109375,252.0,8192.0,,0.201171875,146.27975281327963,0.06381500326097012,2134867.0,14588.048056039706,24881.42648048504
VERL,xd9cv7e4,qwen3-drpo-verl-tp2-natural500-20260930-epochfix500,37,0-100,128.1812018752098,73.95719916559756,2.284906804561615e-05,0.006922272965312004,50.735960859805346,3.4174564480781555,,,3722.90234375,173.0,8192.0,,0.142578125,128.11756159551442,0.06364027969539165,1906126.0,14870.55802344325,25773.36650799868
VERL,xd9cv7e4,qwen3-drpo-verl-tp2-natural500-20260930-epochfix500,38,0-100,128.32516566105187,74.71472765505314,2.4961307644844055e-05,0.0070519279688596725,50.474889531731606,3.0647736117243767,,,3631.080078125,469.0,8192.0,,0.150390625,128.26146768778563,0.06369797326624393,1859113.0,14487.516851608956,24882.818399382384
VERL,xd9cv7e4,qwen3-drpo-verl-tp2-natural500-20260930-epochfix500,39,0-100,132.7490375675261,75.06308719329536,1.8909573554992676e-05,0.006883595138788223,54.308136923238635,3.307455465197563,,,3954.71484375,455.0,8192.0,,0.173828125,132.6855820864439,0.063455481082201,2024814.0,15252.946741478469,26974.82978265856
VERL,xd9cv7e4,qwen3-drpo-verl-tp2-natural500-20260930-epochfix500,40,0-100,126.0192509572953,72.02468151971698,2.070702612400055e-05,0.0068555548787117004,50.669609965756536,3.230480333790183,,,3703.037109375,214.0,8192.0,,0.1328125,125.93164808116853,0.0876028761267662,1895955.0,15044.96325440381,26323.684603603233
VERL,xd9cv7e4,qwen3-drpo-verl-tp2-natural500-20260930-epochfix500,41,0-100,145.9311061296612,89.47657728753984,2.137012779712677e-05,0.0072037894278764725,52.892435444518924,3.4909171760082245,,,3869.580078125,555.0,8192.0,,0.154296875,145.86715506762266,0.06395106203854084,1981225.0,13576.440640692892,22142.386980596963
VERL,xd9cv7e4,qwen3-drpo-verl-tp2-natural500-20260930-epochfix500,42,0-100,136.78713307902217,77.94352970272303,2.0638108253479004e-05,0.006811877712607384,55.43180959485471,3.3414352759718895,,,4085.556640625,432.0,8192.0,,0.158203125,136.7236070893705,0.06352598965167999,2091805.0,15292.410571918052,26837.442543058463
VERL,xd9cv7e4,qwen3-drpo-verl-tp2-natural500-20260930-epochfix500,43,0-100,126.35940880700946,73.75726110301912,2.387911081314087e-05,0.006987264379858971,49.406499890610576,3.1242603957653046,,,3572.185546875,308.0,8192.0,,0.12890625,126.29503253288567,0.06437627412378788,1828959.0,14474.26050238487,24797.0026631742
VERL,xd9cv7e4,qwen3-drpo-verl-tp2-natural500-20260930-epochfix500,44,0-100,158.36216719076037,92.61337618529797,2.2938475012779236e-05,0.006875775754451752,62.541767571121454,3.134492799639702,,,4530.365234375,555.0,8192.0,,0.23046875,158.2965352702886,0.06563192047178745,2319547.0,14647.103163256872,25045.485820094957
VERL,xd9cv7e4,qwen3-drpo-verl-tp2-natural500-20260930-epochfix500,45,0-100,156.88379143550992,92.55839557573199,1.9798055291175842e-05,0.006889514625072479,60.54381621629,3.706972686573863,,,4447.365234375,630.0,8192.0,,0.19921875,156.81609379127622,0.06769764423370361,2277051.0,14514.252741883953,24601.23672019465
VERL,xd9cv7e4,qwen3-drpo-verl-tp2-natural500-20260930-epochfix500,46,0-100,129.58942771703005,74.39698268845677,2.20518559217453e-05,0.006884915754199028,51.92209735698998,3.178406657651067,,,3856.421875,518.0,8192.0,,0.142578125,129.50439367070794,0.08503404632210732,1974488.0,15236.489849399357,26539.893536654894
VERL,xd9cv7e4,qwen3-drpo-verl-tp2-natural500-20260930-epochfix500,47,0-100,144.10167949274182,83.86174858734012,2.244114875793457e-05,0.006827596575021744,56.80974217876792,3.359989618882537,,,4124.724609375,511.0,8192.0,,0.197265625,144.03833042271435,0.06334907002747059,2111859.0,14655.339253741113,25182.62539923725
VERL,xd9cv7e4,qwen3-drpo-verl-tp2-natural500-20260930-epochfix500,48,0-100,167.7387420348823,95.90891706757247,2.175942063331604e-05,0.006846005097031593,68.46465460211039,3.29455335251987,,,4954.271484375,564.0,8192.0,,0.271484375,167.6749927867204,0.06374924816191196,2536587.0,15122.248856930744,26447.874478791702
VERL,xd9cv7e4,qwen3-drpo-verl-tp2-natural500-20260930-epochfix500,49,0-100,153.27238971740007,87.79309144057333,2.847239375114441e-05,0.006816526874899864,62.04653024673462,3.3591551706194878,,,4560.66796875,405.0,8192.0,,0.23046875,153.2056218571961,0.0667678602039814,2335062.0,15234.720384443219,26597.33199599869
VERL,xd9cv7e4,qwen3-drpo-verl-tp2-natural500-20260930-epochfix500,50,0-100,151.70796059258282,87.89563083462417,2.0967796444892883e-05,0.006866345182061195,60.43368256278336,3.3058357164263725,,,4417.6796875,262.0,8192.0,,0.22265625,151.6420364268124,0.06592416577041149,2261852.0,14909.250583588588,25733.383770300024
VERL,xd9cv7e4,qwen3-drpo-verl-tp2-natural500-20260930-epochfix500,51,0-100,141.97338795103133,80.30616813711822,2.1787360310554504e-05,0.006981033831834793,58.206511188298464,3.3897069599479437,,,4304.349609375,478.0,8192.0,,0.18359375,141.90938910655677,0.06399884447455406,2203827.0,15522.81756324736,27442.8110707149
VERL,xd9cv7e4,qwen3-drpo-verl-tp2-natural500-20260930-epochfix500,52,0-100,160.06064502894878,93.48174751363695,2.2679567337036133e-05,0.006888885051012039,63.02416325546801,3.4836021065711975,,,4604.58984375,621.0,8192.0,,0.236328125,159.9964244402945,0.06422058865427971,2357550.0,14729.10470636683,25219.361669036887
VERL,xd9cv7e4,qwen3-drpo-verl-tp2-natural500-20260930-epochfix500,53,0-100,158.38525884784758,92.80351632460952,2.1871179342269897e-05,0.006876107305288315,62.3947354927659,3.1170365419238806,,,4561.599609375,475.0,8192.0,,0.224609375,158.32218633778393,0.06307251006364822,2335539.0,14745.93669252787,25166.49252632537
VERL,xd9cv7e4,qwen3-drpo-verl-tp2-natural500-20260930-epochfix500,54,0-100,134.7608536556363,77.35462048649788,2.240017056465149e-05,0.006954662501811981,54.28627593256533,3.0324647333472967,,,3975.046875,377.0,8192.0,,0.15625,134.68033821508288,0.08051544055342674,2035224.0,15102.48669988948,26310.309419141227
VERL,xd9cv7e4,qwen3-drpo-verl-tp2-natural500-20260930-epochfix500,55,0-100,145.83383744210005,83.87925169616938,2.175942063331604e-05,0.006929384544491768,58.552387380972505,3.3313977755606174,,,4276.974609375,456.0,8192.0,,0.15625,145.76998799666762,0.06384944543242455,2189811.0,15015.79495135629,26106.706434769076
VERL,xd9cv7e4,qwen3-drpo-verl-tp2-natural500-20260930-epochfix500,56,0-100,141.38409220054746,81.92441589199007,2.080760896205902e-05,0.00679369829595089,56.32875225506723,3.0603127647191286,,,4184.447265625,758.0,8192.0,,0.158203125,141.32029541768134,0.06379678286612034,2142437.0,15153.310154306768,26151.385721499795
VERL,xd9cv7e4,qwen3-drpo-verl-tp2-natural500-20260930-epochfix500,57,0-100,160.68604007735848,91.14711262099445,2.1379441022872925e-05,0.006928447633981705,66.1683650650084,3.3003324065357447,,,4838.537109375,717.0,8192.0,,0.23828125,160.6227599196136,0.06328015774488449,2477331.0,15417.213584996853,27179.478633636736
VERL,xd9cv7e4,qwen3-drpo-verl-tp2-natural500-20260930-epochfix500,58,0-100,146.69293545000255,83.38944835960865,2.121180295944214e-05,0.0068687088787555695,60.06429785490036,3.1654220018535852,,,4380.310546875,670.0,8192.0,,0.185546875,146.6260581370443,0.06687731295824051,2242719.0,15288.527652133509,26894.517761150055
VERL,xd9cv7e4,qwen3-drpo-verl-tp2-natural500-20260930-epochfix500,59,0-100,137.68910862505436,79.83856954611838,2.167932689189911e-05,0.006801208481192589,54.61685240641236,3.16276360116899,,,4027.228515625,514.0,8192.0,,0.173828125,137.62500844150782,0.06410018354654312,2061941.0,14975.338431559883,25826.37704711041
VERL,xd9cv7e4,qwen3-drpo-verl-tp2-natural500-20260930-epochfix500,60,0-100,135.44090575911105,78.19180904328823,2.2118911147117615e-05,0.006828216835856438,54.05879150889814,3.119483310729265,,,3995.53125,463.0,8192.0,,0.119140625,135.37693419866264,0.06397156044840813,2045712.0,15104.092729846396,26162.74038201957
VERL,xd9cv7e4,qwen3-drpo-verl-tp2-natural500-20260930-epochfix500,61,0-100,149.66185462474823,87.6855242010206,2.0269304513931274e-05,0.007260579615831375,58.80250616930425,3.103194272145629,,,4256.302734375,532.0,8192.0,,0.20703125,149.59850549139082,0.06334913335740566,2179227.0,14561.004909795103,24852.756710492875
VERL,xd9cv7e4,qwen3-drpo-verl-tp2-natural500-20260930-epochfix500,62,0-100,137.1688785608858,78.65086016617715,2.0051375031471252e-05,0.006882667541503906,55.24229767359793,3.2051959186792374,,,4087.98828125,648.0,8192.0,,0.138671875,137.10525647737086,0.06362208351492882,2093050.0,15258.927695256678,26611.91493109812
VERL,xd9cv7e4,qwen3-drpo-verl-tp2-natural500-20260930-epochfix500,63,0-100,134.56539727561176,77.50055930018425,2.0401552319526672e-05,0.006881648674607277,53.90790363959968,3.0858994275331497,,,3934.990234375,522.0,8192.0,,0.140625,134.501264417544,0.06413285806775093,2014715.0,14972.01391137379,25996.134972347358
VERL,xd9cv7e4,qwen3-drpo-verl-tp2-natural500-20260930-epochfix500,64,0-100,142.24677309580147,80.68563429825008,2.091936767101288e-05,0.007137259468436241,58.53311583213508,2.955728255212307,,,4327.482421875,603.0,8192.0,,0.177734375,142.18163656443357,0.06513653136789799,2215671.0,15576.247894971737,27460.538908449205
VERL,xd9cv7e4,qwen3-drpo-verl-tp2-natural500-20260930-epochfix500,65,0-100,138.5796292461455,78.583356898278,2.356991171836853e-05,0.006880085915327072,56.80498458631337,3.1205292269587517,,,4148.01953125,402.0,8192.0,,0.16796875,138.51577436737716,0.06385487876832485,2123786.0,15325.383763494749,27025.900697384674
VERL,xd9cv7e4,qwen3-drpo-verl-tp2-natural500-20260930-epochfix500,66,0-100,131.5839264523238,73.88728113844991,2.174079418182373e-05,0.006886206567287445,54.610672038048506,3.014639727771282,,,4022.107421875,407.0,8192.0,,0.123046875,131.51950085163116,0.06442560069262981,2059319.0,15650.232178974715,27871.08915459009
VERL,xd9cv7e4,qwen3-drpo-verl-tp2-natural500-20260930-epochfix500,67,0-100,132.94590730406344,77.75334363617003,2.1860003471374512e-05,0.006814116612076759,51.677809769287705,3.4442839939147234,,,3802.119140625,399.0,8192.0,,0.123046875,132.882273375988,0.06363392807543278,1946685.0,14642.6846788724,25036.672494871626
VERL,xd9cv7e4,qwen3-drpo-verl-tp2-natural500-20260930-epochfix500,68,0-100,128.87070301175117,75.37500837631524,2.1727755665779114e-05,0.006844358518719673,50.341523576527834,3.078937279060483,,,3709.451171875,526.0,8192.0,,0.1328125,128.80233531817794,0.06836769357323647,1899239.0,14737.554429471968,25197.197863221594
VERL,xd9cv7e4,qwen3-drpo-verl-tp2-natural500-20260930-epochfix500,69,0-100,127.22617499530315,74.51407876051962,2.0658597350120544e-05,0.0068064481019973755,49.59046327136457,3.0514028891921043,,,3604.173828125,550.0,8192.0,,0.142578125,127.16277202777565,0.06340296752750874,1845337.0,14504.381665707744,24764.94416485666
VERL,xd9cv7e4,qwen3-drpo-verl-tp2-natural500-20260930-epochfix500,70,0-100,133.90894456766546,76.86749613285065,2.16607004404068e-05,0.0068398285657167435,53.70617597363889,3.2647314239293337,,,3964.0546875,312.0,8192.0,,0.125,133.84526501968503,0.06367954798042774,2029596.0,15156.537948623933,26403.826091749295
VERL,xd9cv7e4,qwen3-drpo-verl-tp2-natural500-20260930-epochfix500,71,0-100,134.34533170983195,76.27255588956177,2.0658597350120544e-05,0.006842859089374542,54.7483233679086,3.253348547965288,,,4026.966796875,455.0,8192.0,,0.134765625,134.28109132312238,0.06424038670957088,2061807.0,15347.068437429809,27032.095305490704
VERL,xd9cv7e4,qwen3-drpo-verl-tp2-natural500-20260930-epochfix500,72,0-100,136.4278514329344,78.55396115593612,2.138875424861908e-05,0.006811259314417839,54.43950265459716,3.363940941169858,,,4024.3515625,664.0,8192.0,,0.146484375,136.3642373997718,0.06361403316259384,2060468.0,15102.986511613362,26229.969433492988
VERL,xd9cv7e4,qwen3-drpo-verl-tp2-natural500-20260930-epochfix500,73,0-100,143.8707846943289,80.07046633400023,2.3679807782173157e-05,0.006830926984548569,59.995064144954085,3.7342293579131365,,,4373.708984375,437.0,8192.0,,0.17578125,143.80661444365978,0.06417025066912174,2239339.0,15564.932135163855,27967.103259508705
VERL,xd9cv7e4,qwen3-drpo-verl-tp2-natural500-20260930-epochfix500,74,0-100,142.53484877757728,81.36996701359749,2.2571533918380737e-05,0.007093660533428192,58.03067817911506,3.034428719431162,,,4265.482421875,661.0,8192.0,,0.1796875,142.44219014421105,0.09265863336622715,2183927.0,15322.056456579076,26839.47259847175
VERL,xd9cv7e4,qwen3-drpo-verl-tp2-natural500-20260930-epochfix500,75,0-100,135.4016855880618,76.41592682152987,2.3698434233665466e-05,0.00704539380967617,55.4385275375098,3.4762347545474768,,,4098.935546875,642.0,8192.0,,0.154296875,135.33775820583105,0.06392738223075867,2098655.0,15499.474699191158,27463.581052958096
VERL,xd9cv7e4,qwen3-drpo-verl-tp2-natural500-20260930-epochfix500,76,0-100,138.07034089788795,82.37160451710224,2.0170584321022034e-05,0.006857145577669144,52.385189186781645,3.243184044957161,,,3842.88671875,254.0,8192.0,,0.1328125,138.00685506500304,0.06348583288490772,1967558.0,14250.402998969474,23886.36243684545
VERL,xd9cv7e4,qwen3-drpo-verl-tp2-natural500-20260930-epochfix500,77,0-100,147.08500134944916,85.5257177669555,2.284906804561615e-05,0.006815148517489433,58.11538868956268,3.3702216558158398,,,4244.759765625,609.0,8192.0,,0.16796875,147.01816610991955,0.06683523952960968,2173317.0,14775.925349700105,25411.268759204762
VERL,xd9cv7e4,qwen3-drpo-verl-tp2-natural500-20260930-epochfix500,78,0-100,121.31743976846337,69.6810533516109,2.1787360310554504e-05,0.006881697103381157,48.36641005985439,3.199277361854911,,,3486.5234375,467.0,8192.0,,0.111328125,121.25364425778389,0.06379551067948341,1785100.0,14714.290075745886,25618.154636560637
VERL,xd9cv7e4,qwen3-drpo-verl-tp2-natural500-20260930-epochfix500,79,0-100,130.6895326320082,75.78904569707811,2.088025212287903e-05,0.006896026432514191,51.307142009958625,3.5221559293568134,,,3756.748046875,522.0,8192.0,,0.109375,130.62526054307818,0.0642720889300108,1923455.0,14717.743351458827,25379.063455791143
VERL,xd9cv7e4,qwen3-drpo-verl-tp2-natural500-20260930-epochfix500,80,0-100,119.45907999202609,69.72804114595056,2.2199004888534546e-05,0.006849788129329681,46.0247618611902,3.635164152830839,,,3369.1484375,458.0,8192.0,,0.076171875,119.39483914710581,0.0642408449202776,1725004.0,14440.124602626642,24739.028540746254
VERL,xd9cv7e4,qwen3-drpo-verl-tp2-natural500-20260930-epochfix500,81,0-100,122.2360969223082,70.43769148923457,2.221018075942993e-05,0.006866417825222015,47.75215964205563,3.9747571479529142,,,3479.12109375,360.0,8192.0,,0.087890625,122.1714969072491,0.0646000150591135,1781310.0,14572.700248537707,25289.15928870623
VERL,xd9cv7e4,qwen3-drpo-verl-tp2-natural500-20260930-epochfix500,82,0-100,118.76900973729789,68.76106544584036,2.2388994693756104e-05,0.0069222357124090195,46.74719265848398,3.189881782978773,,,3478.974609375,619.0,8192.0,,0.064453125,118.70508451201022,0.06392522528767586,1781235.0,14997.472858785872,25904.7033150321
VERL,xd9cv7e4,qwen3-drpo-verl-tp2-natural500-20260930-epochfix500,83,0-100,115.2502661421895,65.56459568999708,2.288818359375e-05,0.0074662212282419205,46.50636346451938,3.105347193777561,,,3457.65625,469.0,8192.0,,0.078125,115.18379545770586,0.06647068448364735,1770320.0,15360.658671415784,27001.157886650257
VERL,xd9cv7e4,qwen3-drpo-verl-tp2-natural500-20260930-epochfix500,84,0-100,121.49421411566436,69.11689907684922,2.2800639271736145e-05,0.006947772577404976,49.002956822514534,3.302126554772258,,,3631.9140625,735.0,8192.0,,0.076171875,121.42895302735269,0.06526108831167221,1859540.0,15305.58482587236,26904.2741331961
VERL,xd9cv7e4,qwen3-drpo-verl-tp2-natural500-20260930-epochfix500,85,0-100,124.7204411290586,71.78892770782113,2.7028843760490417e-05,0.00879153423011303,48.98058404028416,3.8774950467050076,,,3595.873046875,588.0,8192.0,,0.072265625,124.65582535788417,0.06461577117443085,1841087.0,14761.710136150612,25645.83507213217
VERL,xd9cv7e4,qwen3-drpo-verl-tp2-natural500-20260930-epochfix500,86,0-100,121.75277592800558,70.92616494372487,2.2510066628456116e-05,0.00690808892250061,47.74059758707881,3.0147605910897255,,,3548.26171875,413.0,8192.0,,0.099609375,121.68845372088253,0.06432220712304115,1816710.0,14921.302501342972,25614.101670962147
VERL,xd9cv7e4,qwen3-drpo-verl-tp2-natural500-20260930-epochfix500,87,0-100,122.69387197680771,70.81035273522139,2.1610409021377563e-05,0.006862606853246689,48.55572463944554,3.2572101652622223,,,3569.45703125,459.0,8192.0,,0.123046875,122.63017175719142,0.06370021961629391,1827562.0,14895.299745250977,25809.248639584344
VERL,xd9cv7e4,qwen3-drpo-verl-tp2-natural500-20260930-epochfix500,88,0-100,122.52320206537843,69.28077771887183,2.243928611278534e-05,0.006859956309199333,49.88270180672407,3.2886948361992836,,,3652.28125,320.0,8192.0,,0.11328125,122.4590567573905,0.06414530798792839,1869968.0,15262.1541755184,26991.15196985769
VERL,xd9cv7e4,qwen3-drpo-verl-tp2-natural500-20260930-epochfix500,89,0-100,138.07661642879248,79.73868506215513,2.2368505597114563e-05,0.006798118352890015,55.11098133958876,3.157020153477788,,,4030.36328125,481.0,8192.0,,0.166015625,138.01350704208016,0.0631093867123127,2063546.0,14944.934583215194,25878.85664770489
VERL,xd9cv7e4,qwen3-drpo-verl-tp2-natural500-20260930-epochfix500,90,0-100,138.08336336910725,78.89377348124981,2.0951032638549805e-05,0.006852766498923302,55.890138171613216,3.228936642408371,,,4108.611328125,515.0,8192.0,,0.14453125,138.01972201280296,0.06364135630428791,2103609.0,15234.340681410653,26663.81524392355
VERL,xd9cv7e4,qwen3-drpo-verl-tp2-natural500-20260930-epochfix500,91,0-100,123.1915011741221,71.71321875602007,2.1860003471374512e-05,0.0069495756179094315,48.23974992707372,3.166827229782939,,,3528.740234375,542.0,8192.0,,0.09375,123.1267673484981,0.0647338256239891,1806715.0,14665.906193044451,25193.61187993438
VERL,xd9cv7e4,qwen3-drpo-verl-tp2-natural500-20260930-epochfix500,92,0-100,136.69787330925465,78.95168639346957,2.226792275905609e-05,0.006865287199616432,54.577388724312186,3.0978762824088335,,,3988.470703125,367.0,8192.0,,0.154296875,136.63383895531297,0.064034353941679,2042097.0,14938.762034579122,25865.147323425765
VERL,xd9cv7e4,qwen3-drpo-verl-tp2-natural500-20260930-epochfix500,93,0-100,143.57935914210975,81.78436815924942,2.1940097212791443e-05,0.006924634799361229,58.543803460896015,3.180209534242749,,,4197.365234375,561.0,8192.0,,0.201171875,143.51532772928476,0.06403141282498837,2149051.0,14967.687645638156,26277.038612261415
VERL,xd9cv7e4,qwen3-drpo-verl-tp2-natural500-20260930-epochfix500,94,0-100,135.11652955412865,77.17655060067773,2.321973443031311e-05,0.006899707019329071,54.71469112113118,3.1522241216152906,,,3999.4375,574.0,8192.0,,0.15625,135.05038877017796,0.06614078395068645,2047712.0,15155.15538148626,26532.826150719644
VERL,xd9cv7e4,qwen3-drpo-verl-tp2-natural500-20260930-epochfix500,95,0-100,135.79404880665243,77.7119026798755,2.0798295736312866e-05,0.006759887561202049,54.70117383077741,3.308767342939973,,,4024.9453125,440.0,8192.0,,0.1328125,135.7286245394498,0.06542426720261574,2060772.0,15175.71659516676,26518.099916934138
VERL,xd9cv7e4,qwen3-drpo-verl-tp2-natural500-20260930-epochfix500,96,0-100,130.74333206564188,76.30805789679289,2.093985676765442e-05,0.006901305168867111,51.1089387293905,3.255166521295905,,,3733.1875,398.0,8192.0,,0.12109375,130.67908539250493,0.06424667313694954,1911392.0,14619.422419495579,25048.363864602205
VERL,xd9cv7e4,qwen3-drpo-verl-tp2-natural500-20260930-epochfix500,97,0-100,135.94959105737507,79.49844130314887,2.1746382117271423e-05,0.00749136321246624,53.06407953426242,3.3154223281890154,,,3923.498046875,530.0,8192.0,,0.1171875,135.88545627519488,0.06413478218019009,2008831.0,14776.293068452182,25268.809892005163
VERL,xd9cv7e4,qwen3-drpo-verl-tp2-natural500-20260930-epochfix500,98,0-100,139.4769206121564,82.02784010767937,2.204999327659607e-05,0.006882956251502037,54.171698555350304,3.2066106647253036,,,3943.109375,445.0,8192.0,,0.154296875,139.41305433399975,0.06386627815663815,2018872.0,14474.595446610692,24612.034125850343
VERL,xd9cv7e4,qwen3-drpo-verl-tp2-natural500-20260930-epochfix500,99,0-100,116.7761379648,65.65206880681217,2.3169443011283875e-05,0.00679386779665947,47.698903404176235,3.3547432348132133,,,3471.423828125,765.0,8192.0,,0.068359375,116.71253248304129,0.06360548175871372,1777369.0,15220.30982507535,27072.55128897899
VERL,xd9cv7e4,qwen3-drpo-verl-tp2-natural500-20260930-epochfix500,100,0-100,117.21619670465589,67.79426873102784,2.1120533347129822e-05,0.006809638813138008,46.32415932789445,3.027302475646138,,,3414.203125,587.0,8192.0,,0.07421875,117.15256129391491,0.06363541074097157,1748072.0,14913.229136793565,25784.952514724133
VERL,xd9cv7e4,qwen3-drpo-verl-tp2-natural500-20260930-epochfix500,101,100-200,127.51265317574143,72.91185641288757,1.9459053874015808e-05,0.006750799715518951,51.13417715206742,3.3749921415001154,,,3821.115234375,619.0,8192.0,,0.08984375,127.4277959652245,0.08485721051692963,1956411.0,15342.877363735979,26832.549550256597
VERL,xd9cv7e4,qwen3-drpo-verl-tp2-natural500-20260930-epochfix500,102,100-200,125.5560144353658,71.21547081321478,2.1260231733322144e-05,0.006851747632026672,51.051366506144404,3.195588720962405,,,3746.013671875,585.0,8192.0,,0.123046875,125.46929904818535,0.08671538718044758,1917959.0,15275.723816379455,26931.774488024625
VERL,xd9cv7e4,qwen3-drpo-verl-tp2-natural500-20260930-epochfix500,103,100-200,119.25988830439746,68.51333377696574,2.2990629076957703e-05,0.007219439372420311,47.42031808570027,3.2547006625682116,,,3455.587890625,517.0,8192.0,,0.083984375,119.19559495523572,0.06429334916174412,1769261.0,14835.340072465606,25823.60107828861
VERL,xd9cv7e4,qwen3-drpo-verl-tp2-natural500-20260930-epochfix500,104,100-200,131.68306013941765,75.01190248504281,2.0308420062065125e-05,0.006788438186049461,53.12562406435609,3.471576390787959,,,3900.5078125,555.0,8192.0,,0.142578125,131.61591168679297,0.06714845262467861,1997060.0,15165.65606757346,26623.241563539985
VERL,xd9cv7e4,qwen3-drpo-verl-tp2-natural500-20260930-epochfix500,105,100-200,142.7738268505782,80.72190188243985,2.3011118173599243e-05,0.006842557340860367,58.83644117228687,3.1448181737214327,,,4331.580078125,754.0,8192.0,,0.1484375,142.7100267969072,0.06380005367100239,2217769.0,15533.442290659023,27474.191616915443
VERL,xd9cv7e4,qwen3-drpo-verl-tp2-natural500-20260930-epochfix500,106,100-200,130.56607865542173,73.51140407659113,2.154707908630371e-05,0.006851658225059509,53.80789508111775,3.1759469024837017,,,3986.8203125,664.0,8192.0,,0.099609375,130.50211926549673,0.06395938992500305,2041252.0,15633.861574315093,27767.82766757156
VERL,xd9cv7e4,qwen3-drpo-verl-tp2-natural500-20260930-epochfix500,107,100-200,142.98793532699347,82.47078821249306,2.213194966316223e-05,0.011442836374044418,56.88389356061816,3.5578614491969347,,,4173.25390625,468.0,8192.0,,0.166015625,142.92400819063187,0.06392713636159897,2136706.0,14943.260738143057,25908.64045696512
VERL,xd9cv7e4,qwen3-drpo-verl-tp2-natural500-20260930-epochfix500,108,100-200,143.7503025494516,81.61072383634746,2.138875424861908e-05,0.006836477667093277,59.04238189198077,3.02711234241724,,,4303.4296875,509.0,8192.0,,0.193359375,143.6870759371668,0.06322661228477955,2203356.0,15327.661653039115,26998.363651550877
VERL,xd9cv7e4,qwen3-drpo-verl-tp2-natural500-20260930-epochfix500,109,100-200,156.1467676833272,89.34257436543703,2.35680490732193e-05,0.00679175928235054,62.728227036073804,4.005446303635836,,,4605.73828125,545.0,8192.0,,0.181640625,156.0830630324781,0.06370465084910393,2358138.0,15102.060932714354,26394.336818128075
VERL,xd9cv7e4,qwen3-drpo-verl-tp2-natural500-20260930-epochfix500,110,100-200,144.4533622879535,82.42361468449235,2.084672451019287e-05,0.006821058690547943,58.93161579594016,3.028100710362196,,,4314.91796875,593.0,8192.0,,0.21484375,144.39017309620976,0.0631891917437315,2209238.0,15293.780393952356,26803.459281138013
VERL,xd9cv7e4,qwen3-drpo-verl-tp2-natural500-20260930-epochfix500,111,100-200,149.4211534652859,84.91706297919154,2.0679086446762085e-05,0.006797380745410919,61.252147356048226,3.181620417162776,,,4479.564453125,380.0,8192.0,,0.2109375,149.3576488122344,0.06350465305149555,2293537.0,15349.479955211586,27009.141856001526
VERL,xd9cv7e4,qwen3-drpo-verl-tp2-natural500-20260930-epochfix500,112,100-200,153.6047448962927,86.38832409493625,2.7399510145187378e-05,0.00682048499584198,63.47045323997736,3.353720238432288,,,4647.744140625,531.0,8192.0,,0.22265625,153.2193454578519,0.3853994384407997,2379645.0,15492.001901416743,27545.909993402518
VERL,xd9cv7e4,qwen3-drpo-verl-tp2-natural500-20260930-epochfix500,113,100-200,166.9466899521649,97.96514376066625,2.2541731595993042e-05,0.006808768957853317,65.59216985106468,3.31957970187068,,,4775.28125,630.0,8192.0,,0.263671875,166.88372462429106,0.06296532787382603,2444944.0,14645.05825602501,24957.284868311126
VERL,xd9cv7e4,qwen3-drpo-verl-tp2-natural500-20260930-epochfix500,114,100-200,156.29161663353443,89.61664441972971,2.1480023860931396e-05,0.0068999771028757095,63.10727748088539,3.497248539701104,,,4614.685546875,297.0,8192.0,,0.232421875,156.22809189744294,0.06352473609149456,2362719.0,15117.375140728102,26364.734088167126
VERL,xd9cv7e4,qwen3-drpo-verl-tp2-natural500-20260930-epochfix500,115,100-200,174.70090672187507,98.72420972585678,2.1532177925109863e-05,0.006790170446038246,72.64213031716645,3.26379550434649,,,5224.083984375,663.0,8192.0,,0.265625,174.63694724999368,0.06395947188138962,2674731.0,15310.344120069098,27092.959340240363
VERL,xd9cv7e4,qwen3-drpo-verl-tp2-natural500-20260930-epochfix500,116,100-200,164.1012640018016,94.99381261132658,2.208910882472992e-05,0.006940256804227829,65.62847410701215,3.4087967313826084,,,4774.796875,552.0,8192.0,,0.267578125,164.0380457956344,0.06321820616722107,2444696.0,14897.484275155617,25735.318257017796
VERL,xd9cv7e4,qwen3-drpo-verl-tp2-natural500-20260930-epochfix500,117,100-200,165.81250125542283,94.81958913430572,1.996755599975586e-05,0.006879547610878944,67.72382266446948,3.1985951401293278,,,4909.1796875,527.0,8192.0,,0.275390625,165.7489064540714,0.06359480135142803,2513500.0,15158.688162650204,26508.23551280941
VERL,xd9cv7e4,qwen3-drpo-verl-tp2-natural500-20260930-epochfix500,118,100-200,159.6973201148212,92.02054054662585,2.2707507014274597e-05,0.0068659354001283646,64.33017652109265,3.2726588882505894,,,4720.142578125,588.0,8192.0,,0.25,159.63026459887624,0.06705551594495773,2416713.0,15133.084251272352,26262.755963441406
VERL,xd9cv7e4,qwen3-drpo-verl-tp2-natural500-20260930-epochfix500,119,100-200,156.97860337235034,91.19283995963633,2.7660280466079712e-05,0.006893346086144447,62.5239703245461,3.190192226320505,,,4593.07421875,771.0,8192.0,,0.1875,156.91392351686954,0.06467985548079014,2351654.0,14980.729535616521,25787.704396977726
VERL,xd9cv7e4,qwen3-drpo-verl-tp2-natural500-20260930-epochfix500,120,100-200,166.4770482238382,97.06706886552274,2.1688640117645264e-05,0.006939675658941269,65.8016614113003,3.5377512499690056,,,4796.6015625,742.0,8192.0,,0.2890625,166.4134428910911,0.06360533274710178,2455860.0,14751.943443266433,25300.65066044553
VERL,xd9cv7e4,qwen3-drpo-verl-tp2-natural500-20260930-epochfix500,121,100-200,166.15126776695251,92.53299386426806,2.10590660572052e-05,0.006873704493045807,68.9718805886805,4.576215861365199,,,5029.482421875,641.0,8192.0,,0.234375,166.08798507787287,0.0632826890796423,2575095.0,15498.49745120143,27828.938548959904
VERL,xd9cv7e4,qwen3-drpo-verl-tp2-natural500-20260930-epochfix500,122,100-200,160.640162948519,92.84911226853728,2.1908432245254517e-05,0.0069234948605299,63.99816306680441,3.7225855216383934,,,4687.611328125,596.0,8192.0,,0.232421875,160.57680626027286,0.06335668824613094,2400057.0,14940.578719215791,25849.003198421316
VERL,xd9cv7e4,qwen3-drpo-verl-tp2-natural500-20260930-epochfix500,123,100-200,157.69241245649755,89.70587147213519,2.221018075942993e-05,0.006817897781729698,64.45558173954487,3.4603220745921135,,,4684.119140625,590.0,8192.0,,0.1875,157.62861539423466,0.06379706226289272,2398269.0,15208.52501804174,26734.805209990747
VERL,xd9cv7e4,qwen3-drpo-verl-tp2-natural500-20260930-epochfix500,124,100-200,149.606693116948,86.38736136816442,3.0057504773139954e-05,0.007024124264717102,60.05091233737767,3.0980148408561945,,,4423.46875,592.0,8192.0,,0.193359375,149.54334272816777,0.06335038878023624,2264816.0,15138.467088698942,26216.983180535397
VERL,xd9cv7e4,qwen3-drpo-verl-tp2-natural500-20260930-epochfix500,125,100-200,157.9783101938665,91.71911669522524,2.1150335669517517e-05,0.006933635100722313,63.03582193888724,3.152511576190591,,,4627.4375,500.0,8192.0,,0.240234375,157.91440499573946,0.06390519812703133,2369248.0,14997.299294393808,25831.5614603312
VERL,xd9cv7e4,qwen3-drpo-verl-tp2-natural500-20260930-epochfix500,126,100-200,151.62203842960298,89.1676235217601,2.276897430419922e-05,0.006893295794725418,58.83644033782184,3.5466254707425833,,,4315.47265625,544.0,8192.0,,0.19140625,151.55760539509356,0.0644330345094204,2209522.0,14572.564931092555,24779.42007124141
VERL,xd9cv7e4,qwen3-drpo-verl-tp2-natural500-20260930-epochfix500,127,100-200,133.2601935379207,76.9582112506032,2.324022352695465e-05,0.006844617426395416,53.10873710550368,3.11866289190948,,,3951.9375,467.0,8192.0,,0.125,133.19247910566628,0.06771443225443363,2023392.0,15183.769033205108,26292.087187566234
VERL,xd9cv7e4,qwen3-drpo-verl-tp2-natural500-20260930-epochfix500,128,100-200,147.13382787629962,83.64234590344131,2.1260231733322144e-05,0.006932726129889488,60.2071427218616,3.208932241424918,,,4437.296875,489.0,8192.0,,0.177734375,147.06537485308945,0.06845302321016788,2271896.0,15441.017424694883,27162.031091556542
VERL,xd9cv7e4,qwen3-drpo-verl-tp2-natural500-20260930-epochfix500,129,100-200,139.50292484648526,80.65507229976356,2.172030508518219e-05,0.006808176636695862,55.212197575718164,3.5657787676900625,,,4093.158203125,697.0,8192.0,,0.12890625,139.43987854011357,0.06304630637168884,2095697.0,15022.602589201559,25983.449524552016
VERL,xd9cv7e4,qwen3-drpo-verl-tp2-natural500-20260930-epochfix500,130,100-200,138.897432891652,79.01990749500692,2.240017056465149e-05,0.0068664755672216415,56.69853519834578,3.1082346457988024,,,4140.255859375,502.0,8192.0,,0.12109375,138.8335662148893,0.06386667676270008,2119811.0,15261.700348728365,26826.29057916761
VERL,xd9cv7e4,qwen3-drpo-verl-tp2-natural500-20260930-epochfix500,131,100-200,117.23806029371917,66.20644454285502,2.1999701857566833e-05,0.006911836564540863,47.82653609290719,3.134459523484111,,,3572.953125,418.0,8192.0,,0.083984375,117.17437399551272,0.06368629820644855,1829352.0,15603.738200861417,27631.02614301953
VERL,xd9cv7e4,qwen3-drpo-verl-tp2-natural500-20260930-epochfix500,132,100-200,132.54433706775308,76.01690897159278,2.2159889340400696e-05,0.006932415068149567,53.00345439091325,3.4531650990247726,,,3963.63671875,617.0,8192.0,,0.103515625,132.4804830364883,0.06385403126478195,2029382.0,15310.967219690683,26696.45513682189
VERL,xd9cv7e4,qwen3-drpo-verl-tp2-natural500-20260930-epochfix500,133,100-200,127.73053351044655,73.33331208489835,2.111867070198059e-05,0.00691455602645874,51.058139484375715,3.268025543540716,,,3780.32421875,524.0,8192.0,,0.083984375,127.66641278751194,0.06412072293460369,1935526.0,15153.197491668672,26393.544011202324
VERL,xd9cv7e4,qwen3-drpo-verl-tp2-natural500-20260930-epochfix500,134,100-200,125.63809902779758,73.68645495176315,2.136826515197754e-05,0.006826415657997131,48.806722877547145,3.0748258884996176,,,3616.0546875,527.0,8192.0,,0.099609375,125.57485150173306,0.06324752606451511,1851420.0,14736.13509219342,25125.648956948495
VERL,xd9cv7e4,qwen3-drpo-verl-tp2-natural500-20260930-epochfix500,135,100-200,123.17883292585611,70.93164586648345,2.2660940885543823e-05,0.006843185052275658,48.57567732408643,3.6002017613500357,,,3569.99609375,600.0,8192.0,,0.1015625,123.11439079791307,0.06444212794303894,1827838.0,14838.896883364803,25769.005888296866
VERL,xd9cv7e4,qwen3-drpo-verl-tp2-natural500-20260930-epochfix500,136,100-200,131.22293482907116,75.58398044668138,2.1977350115776062e-05,0.006852025166153908,52.431146550923586,3.1368075758218765,,,3918.642578125,576.0,8192.0,,0.095703125,131.1588085759431,0.06412625312805176,2006345.0,15289.590974424036,26544.57979247759
VERL,xd9cv7e4,qwen3-drpo-verl-tp2-natural500-20260930-epochfix500,137,100-200,128.8852276559919,73.86969900131226,2.3856759071350098e-05,0.0069632455706596375,51.60355332121253,3.338153598830104,,,3820.845703125,399.0,8192.0,,0.1015625,128.81839302368462,0.06683463230729103,1956273.0,15178.411332146585,26482.753096980236
VERL,xd9cv7e4,qwen3-drpo-verl-tp2-natural500-20260930-epochfix500,138,100-200,120.55293699912727,70.24193063564599,2.1569430828094482e-05,0.006784558296203613,47.15302014350891,3.0872662886977196,,,3469.96875,422.0,8192.0,,0.078125,120.48902319557965,0.06391380354762077,1776624.0,14737.29337687444,25292.926659655463
VERL,xd9cv7e4,qwen3-drpo-verl-tp2-natural500-20260930-epochfix500,139,100-200,136.75640994124115,79.93110181950033,2.0559877157211304e-05,0.014973755925893784,53.367614878341556,3.3231401331722736,,,3931.94921875,443.0,8192.0,,0.109375,136.6368511468172,0.1195587944239378,2013158.0,14720.757885242636,25186.16601265043
VERL,xd9cv7e4,qwen3-drpo-verl-tp2-natural500-20260930-epochfix500,140,100-200,115.27806253544986,66.18229575641453,2.4089589715003967e-05,0.006986243650317192,46.0724916793406,2.95144653134048,,,3418.212890625,366.0,8192.0,,0.048828125,115.21324430033565,0.0648182351142168,1750125.0,15181.769727104915,26444.005605991297
VERL,xd9cv7e4,qwen3-drpo-verl-tp2-natural500-20260930-epochfix500,141,100-200,133.2447177618742,77.06647485680878,2.09808349609375e-05,0.007232837378978729,53.029061026871204,3.078238083049655,,,3935.4921875,594.0,8192.0,,0.12109375,133.18102778494358,0.06368997693061829,2014972.0,15122.340561379848,26145.89552388198
VERL,xd9cv7e4,qwen3-drpo-verl-tp2-natural500-20260930-epochfix500,142,100-200,119.89983770623803,69.3811943475157,1.9801780581474304e-05,0.006840048357844353,47.43495423719287,3.0102684013545513,,,3513.43359375,625.0,8192.0,,0.08203125,119.83327683620155,0.06656087003648281,1798878.0,15003.17293512408,25927.457964903304
VERL,xd9cv7e4,qwen3-drpo-verl-tp2-natural500-20260930-epochfix500,143,100-200,151.15358563512564,89.6682990770787,1.8710270524024963e-05,0.0068242475390434265,58.215444983914495,3.1998097971081734,,,4266.51953125,785.0,8192.0,,0.197265625,151.09039681591094,0.06318881921470165,2184458.0,14451.909895628487,24361.541620436496
VERL,xd9cv7e4,qwen3-drpo-verl-tp2-natural500-20260930-epochfix500,144,100-200,122.37118351645768,69.83205558545887,2.0757317543029785e-05,0.00689314492046833,49.22639211639762,3.24232061766088,,,3624.6953125,639.0,8192.0,,0.107421875,122.30768222175539,0.06350129470229149,1855844.0,15165.694624097576,26575.818002791864
VERL,xd9cv7e4,qwen3-drpo-verl-tp2-natural500-20260930-epochfix500,145,100-200,130.06003266386688,74.14741410501301,1.9747763872146606e-05,0.006856067106127739,52.289545910432935,3.5527898371219635,,,3831.0859375,502.0,8192.0,,0.140625,129.9966256674379,0.06340699642896652,1961516.0,15081.620078240578,26454.273876927888
VERL,xd9cv7e4,qwen3-drpo-verl-tp2-natural500-20260930-epochfix500,146,100-200,140.42097260057926,81.38249211199582,2.0818784832954407e-05,0.007428053766489029,55.489327346906066,3.477862259373069,,,4118.625,223.0,8192.0,,0.12109375,140.35713059082627,0.06384200975298882,2108736.0,15017.243941175358,25911.420813926776
VERL,xd9cv7e4,qwen3-drpo-verl-tp2-natural500-20260930-epochfix500,147,100-200,132.46006877347827,75.32066142000258,2.3927539587020874e-05,0.006778139621019363,53.96211613342166,3.106650736182928,,,3965.94921875,645.0,8192.0,,0.154296875,132.39623035676777,0.06383841671049595,2030566.0,15329.64627605998,26958.950727704992
VERL,xd9cv7e4,qwen3-drpo-verl-tp2-natural500-20260930-epochfix500,148,100-200,137.86928684823215,80.91467885300517,2.0816922187805176e-05,0.0068842563778162,53.405284421518445,3.4778881203383207,,,3942.755859375,588.0,8192.0,,0.12109375,137.80475646816194,0.0645303800702095,2018691.0,14642.064568174597,24948.390435649933
VERL,xd9cv7e4,qwen3-drpo-verl-tp2-natural500-20260930-epochfix500,149,100-200,139.6370359081775,79.05247446522117,2.076849341392517e-05,0.006913529708981514,57.02252936922014,3.490992648527026,,,4244.859375,476.0,8192.0,,0.140625,139.57293078117073,0.06410512700676918,2173368.0,15564.409440982141,27492.725745810334
VERL,xd9cv7e4,qwen3-drpo-verl-tp2-natural500-20260930-epochfix500,150,100-200,129.5260459445417,74.41932494938374,0.00998854823410511,0.00690772570669651,51.57610493339598,3.449257479980588,,,3769.455078125,357.0,8192.0,,0.146484375,129.4615836367011,0.06446230784058571,1929961.0,14900.176917516177,25933.599925995863
VERL,xd9cv7e4,qwen3-drpo-verl-tp2-natural500-20260930-epochfix500,151,100-200,137.47429720498621,79.39725920930505,2.2297725081443787e-05,0.00693131610751152,54.75886101089418,3.2467298209667206,,,3977.9765625,597.0,8192.0,,0.154296875,137.40980365499854,0.06449354998767376,2036724.0,14815.307598649268,25652.321254954655
VERL,xd9cv7e4,qwen3-drpo-verl-tp2-natural500-20260930-epochfix500,152,100-200,153.2615196555853,87.34036971628666,2.1569430828094482e-05,0.006875528022646904,62.66920022293925,3.1816407404839993,,,4541.9453125,532.0,8192.0,,0.19921875,153.1981077771634,0.06341187842190266,2325476.0,15173.254220797837,26625.442593774143
VERL,xd9cv7e4,qwen3-drpo-verl-tp2-natural500-20260930-epochfix500,153,100-200,157.90098288282752,91.07094104960561,2.0829960703849792e-05,0.0069715529680252075,63.64032928273082,3.1186210848391056,,,4661.61328125,774.0,8192.0,,0.20703125,157.83688380010426,0.06409908272325993,2386746.0,15115.460058732604,26207.547352562862
VERL,xd9cv7e4,qwen3-drpo-verl-tp2-natural500-20260930-epochfix500,154,100-200,147.25966012477875,84.57022135704756,2.210773527622223e-05,0.006843768060207367,59.422004479914904,3.1971943210810423,,,4359.138671875,521.0,8192.0,,0.208984375,147.196286033839,0.06337409093976021,2231879.0,15156.078712315672,26390.837864515168
VERL,xd9cv7e4,qwen3-drpo-verl-tp2-natural500-20260930-epochfix500,155,100-200,164.51793013885617,95.04654605686665,2.1707266569137573e-05,0.006793096661567688,65.95826721936464,3.4431178364902735,,,4830.765625,510.0,8192.0,,0.2734375,164.4547459166497,0.06318422220647335,2473352.0,15033.93580208823,26022.534248853037
VERL,xd9cv7e4,qwen3-drpo-verl-tp2-natural500-20260930-epochfix500,156,100-200,158.63625167496502,93.09980185702443,1.9609928131103516e-05,0.006828589364886284,62.09496667981148,3.371341409161687,,,4560.37890625,432.0,8192.0,,0.232421875,158.5729581452906,0.06329352967441082,2334914.0,14718.665975442242,25079.68817791667
VERL,xd9cv7e4,qwen3-drpo-verl-tp2-natural500-20260930-epochfix500,157,100-200,172.87362057343125,98.2878624368459,2.2018328309059143e-05,0.007197439670562744,70.93814219534397,3.577279092743993,,,5095.53515625,240.0,8192.0,,0.287109375,172.81050318293273,0.06311739049851894,2608914.0,15091.452306870704,26543.6029975353
VERL,xd9cv7e4,qwen3-drpo-verl-tp2-natural500-20260930-epochfix500,158,100-200,173.46111332066357,97.51460828259587,2.138689160346985e-05,0.006923556327819824,72.17649944126606,3.6996686048805714,,,5117.34375,714.0,8192.0,,0.32421875,173.39772127196193,0.06339204870164394,2620080.0,15104.711078133514,26868.589703063233
VERL,xd9cv7e4,qwen3-drpo-verl-tp2-natural500-20260930-epochfix500,159,100-200,185.7943435329944,107.59414895810187,2.0509585738182068e-05,0.006773509085178375,74.46196209266782,3.6681442093104124,,,5363.755859375,736.0,8192.0,,0.353515625,185.73104927875102,0.06329425424337387,2746243.0,14781.09046690276,25524.092402732902
VERL,xd9cv7e4,qwen3-drpo-verl-tp2-natural500-20260930-epochfix500,160,100-200,171.08872311748564,94.80718391016126,2.099946141242981e-05,0.006813317537307739,72.99636257626116,3.21306130848825,,,5244.849609375,640.0,8192.0,,0.34375,171.0234421119094,0.06528100557625294,2685363.0,15695.733483006807,28324.46750601341
VERL,xd9cv7e4,qwen3-drpo-verl-tp2-natural500-20260930-epochfix500,161,100-200,165.48297681845725,92.78900858387351,2.0598992705345154e-05,0.007291397079825401,69.41943464241922,3.200025402009487,,,4946.52734375,527.0,8192.0,,0.287109375,165.41578062437475,0.06719619408249855,2532622.0,15304.426163292963,27294.418149868703
VERL,xd9cv7e4,qwen3-drpo-verl-tp2-natural500-20260930-epochfix500,162,100-200,155.09627051465213,90.63135044276714,2.276897430419922e-05,0.00688711553812027,60.402752766385674,3.988401126116514,,,4382.72265625,760.0,8192.0,,0.236328125,155.02941421978176,0.06685629487037659,2243954.0,14468.136419747185,24759.13675607246
VERL,xd9cv7e4,qwen3-drpo-verl-tp2-natural500-20260930-epochfix500,163,100-200,154.23630796186626,87.35667758621275,2.180039882659912e-05,0.00684368796646595,63.32655303180218,3.478928318247199,,,4615.94921875,686.0,8192.0,,0.205078125,154.16902442462742,0.06728353723883629,2363366.0,15323.019794952068,27054.211141072552
VERL,xd9cv7e4,qwen3-drpo-verl-tp2-natural500-20260930-epochfix500,164,100-200,158.86071204021573,93.43554509244859,2.2159889340400696e-05,0.006933756172657013,61.89751773700118,3.4574300684034824,,,4505.56640625,553.0,8192.0,,0.265625,158.79744881391525,0.06326322630047798,2306850.0,14521.211508960245,24689.212202032075
VERL,xd9cv7e4,qwen3-drpo-verl-tp2-natural500-20260930-epochfix500,165,100-200,159.29306193068624,91.98203174956143,2.2239983081817627e-05,0.006884615868330002,64.01306495256722,3.22635748796165,,,4698.53515625,477.0,8192.0,,0.228515625,159.2283610459417,0.06470088474452496,2405650.0,15102.038788398575,26153.477524282564
VERL,xd9cv7e4,qwen3-drpo-verl-tp2-natural500-20260930-epochfix500,166,100-200,157.31401147320867,90.75957559794188,2.1472573280334473e-05,0.006807075813412666,63.23655532859266,3.2468565721064806,,,4627.45703125,486.0,8192.0,,0.25390625,157.2498160470277,0.06419542618095875,2369258.0,15060.692800421633,26104.771693684812
VERL,xd9cv7e4,qwen3-drpo-verl-tp2-natural500-20260930-epochfix500,167,100-200,160.03431402891874,90.4703073836863,2.1161511540412903e-05,0.006873985752463341,66.31771851330996,3.1731919646263123,,,4786.546875,515.0,8192.0,,0.25,159.96811300888658,0.06620102003216743,2450712.0,15313.665790182647,27088.578240443945
VERL,xd9cv7e4,qwen3-drpo-verl-tp2-natural500-20260930-epochfix500,168,100-200,157.56122078374028,92.23222060129046,2.261810004711151e-05,0.006882399320602417,61.80680354498327,3.4512264281511307,,,4512.802734375,443.0,8192.0,,0.228515625,157.4971555918455,0.06406519189476967,2310555.0,14664.490339100244,25051.49485653468
VERL,xd9cv7e4,qwen3-drpo-verl-tp2-natural500-20260930-epochfix500,169,100-200,150.77115075848997,86.33739987201989,2.0850449800491333e-05,0.0068535879254341125,61.03141813725233,3.3315343018621206,,,4483.548828125,450.0,8192.0,,0.208984375,150.70722674950957,0.06392400898039341,2295577.0,15225.571924413633,26588.44259153961
VERL,xd9cv7e4,qwen3-drpo-verl-tp2-natural500-20260930-epochfix500,170,100-200,147.0943095292896,85.6519619282335,2.1398067474365234e-05,0.006933426484465599,58.299887197092175,3.0717179514467716,,,4267.478515625,696.0,8192.0,,0.177734375,147.0305219013244,0.06378762796521187,2184949.0,14854.068841901259,25509.619987814593
VERL,xd9cv7e4,qwen3-drpo-verl-tp2-natural500-20260930-epochfix500,171,100-200,161.11130992136896,92.68683696351945,1.975148916244507e-05,0.006872866302728653,64.81719173677266,3.5362161677330732,,,4730.517578125,379.0,8192.0,,0.216796875,161.04713748581707,0.06417243555188179,2422025.0,15033.240069751027,26131.272566279105
VERL,xd9cv7e4,qwen3-drpo-verl-tp2-natural500-20260930-epochfix500,172,100-200,150.45923260226846,87.64643029496074,2.1360814571380615e-05,0.0068660397082567215,59.46162974461913,3.2807741351425648,,,4333.68359375,741.0,8192.0,,0.19921875,150.39572157524526,0.06351102702319622,2218846.0,14747.157496578557,25315.874160907762
VERL,xd9cv7e4,qwen3-drpo-verl-tp2-natural500-20260930-epochfix500,173,100-200,166.5384698919952,95.13516902551055,2.1209940314292908e-05,0.006904285401105881,67.8095172829926,3.5227304566651583,,,4931.109375,565.0,8192.0,,0.248046875,166.47434226050973,0.06412763148546219,2524728.0,15160.028800777118,26538.324637053967
VERL,xd9cv7e4,qwen3-drpo-verl-tp2-natural500-20260930-epochfix500,174,100-200,168.6608245484531,98.10289239510894,0.005205286666750908,0.006883915513753891,67.25245869159698,3.2305892184376717,,,4909.251953125,634.0,8192.0,,0.265625,168.5980295073241,0.06279504112899303,2513537.0,14902.909473669199,25621.436214915473
VERL,xd9cv7e4,qwen3-drpo-verl-tp2-natural500-20260930-epochfix500,175,100-200,156.26960715651512,90.0148474611342,2.3206695914268494e-05,0.00678035244345665,62.891004122793674,3.288265759125352,,,4626.685546875,624.0,8192.0,,0.248046875,156.2009209021926,0.06868625432252884,2368863.0,15158.820983196145,26316.358543214847
VERL,xd9cv7e4,qwen3-drpo-verl-tp2-natural500-20260930-epochfix500,176,100-200,175.56185073032975,101.32411857321858,2.0520761609077454e-05,0.006898626685142517,70.59543365426362,3.5717091280966997,,,5064.583984375,562.0,8192.0,,0.298828125,175.49818050302565,0.06367022730410099,2593067.0,14770.105174973678,25591.804167792532
VERL,xd9cv7e4,qwen3-drpo-verl-tp2-natural500-20260930-epochfix500,177,100-200,151.83667264692485,90.44881713576615,1.9779428839683533e-05,0.006889885291457176,58.0716800596565,3.2454197220504284,,,4265.71484375,720.0,8192.0,,0.193359375,151.77282658219337,0.06384606473147869,2184046.0,14384.17980271931,24146.76133046259
VERL,xd9cv7e4,qwen3-drpo-verl-tp2-natural500-20260930-epochfix500,178,100-200,164.19478417560458,93.49518315680325,2.4199485778808594e-05,0.006847348064184189,67.2871629204601,3.342088632285595,,,4910.009765625,646.0,8192.0,,0.255859375,164.1313062570989,0.06347791850566864,2513925.0,15310.62641619227,26888.283600491264
VERL,xd9cv7e4,qwen3-drpo-verl-tp2-natural500-20260930-epochfix500,179,100-200,167.96474641747773,95.49869511276484,2.039782702922821e-05,0.0068775080144405365,68.87874859385192,3.5108514595776796,,,4896.68359375,354.0,8192.0,,0.275390625,167.8951930720359,0.06955334544181824,2507102.0,14926.358378612247,26252.735673923235
VERL,xd9cv7e4,qwen3-drpo-verl-tp2-natural500-20260930-epochfix500,180,100-200,174.54850159585476,96.98749610036612,2.1239742636680603e-05,0.01064145378768444,72.9913043603301,4.496278628706932,,,5312.640625,816.0,8192.0,,0.30078125,174.48574178293347,0.06275981292128563,2720072.0,15583.473791702818,28045.59463196341
VERL,xd9cv7e4,qwen3-drpo-verl-tp2-natural500-20260930-epochfix500,181,100-200,170.81598252989352,98.75349390506744,2.106092870235443e-05,0.006877938285470009,68.50836902298033,3.4838235788047314,,,4992.763671875,590.0,8192.0,,0.263671875,170.75258550606668,0.06339702382683754,2556295.0,14965.197999271746,25885.615778388434
VERL,xd9cv7e4,qwen3-drpo-verl-tp2-natural500-20260930-epochfix500,182,100-200,179.04602550528944,101.6732636243105,2.036057412624359e-05,0.0068486761301755905,74.06042003631592,3.241438230499625,,,5242.775390625,622.0,8192.0,,0.3671875,178.98199092783034,0.06403457745909691,2684301.0,14992.240081423643,26401.247528737462
VERL,xd9cv7e4,qwen3-drpo-verl-tp2-natural500-20260930-epochfix500,183,100-200,185.39924704656005,104.11684534698725,2.3867934942245483e-05,0.0070489440113306046,77.65259692072868,3.558757459744811,,,5567.42578125,704.0,8192.0,,0.412109375,185.33527253940701,0.06397450715303421,2850522.0,15375.046260485282,27378.10572823395
VERL,xd9cv7e4,qwen3-drpo-verl-tp2-natural500-20260930-epochfix500,184,100-200,168.8462793007493,99.08548244833946,2.2659078240394592e-05,0.0068431273102760315,66.31433959119022,3.3755574226379395,,,4847.244140625,627.0,8192.0,,0.283203125,168.78224524855614,0.06403405219316483,2481789.0,14698.511630093031,25046.94874240471
VERL,xd9cv7e4,qwen3-drpo-verl-tp2-natural500-20260930-epochfix500,185,100-200,174.5360021069646,96.55097803659737,2.0148232579231262e-05,0.006809018552303314,74.62773910351098,3.2869782336056232,,,5316.818359375,636.0,8192.0,,0.3828125,174.47252454049885,0.06347756646573544,2722211.0,15596.84516167438,28194.546087023104
VERL,xd9cv7e4,qwen3-drpo-verl-tp2-natural500-20260930-epochfix500,186,100-200,168.53396821580827,93.59786996804178,2.2571533918380737e-05,0.006852786988019943,71.49760236777365,3.3683973997831345,,,5120.693359375,568.0,8192.0,,0.365234375,168.4707450941205,0.06322312168776989,2621795.0,15556.478185114489,28011.26778734591
VERL,xd9cv7e4,qwen3-drpo-verl-tp2-natural500-20260930-epochfix500,187,100-200,175.43618312850595,97.93607597239316,1.991167664527893e-05,0.006903955712914467,74.09574821777642,3.333844881504774,,,5312.263671875,686.0,8192.0,,0.333984375,175.3725929390639,0.06359018944203854,2719879.0,15503.523569067305,27771.98262228412
VERL,xd9cv7e4,qwen3-drpo-verl-tp2-natural500-20260930-epochfix500,188,100-200,179.1439575701952,101.21643193624914,2.0937994122505188e-05,0.006858816370368004,74.52052845619619,3.337213421240449,,,5360.966796875,641.0,8192.0,,0.376953125,179.08105356805027,0.06290400214493275,2744815.0,15321.8396937808,27118.274646638536
VERL,xd9cv7e4,qwen3-drpo-verl-tp2-natural500-20260930-epochfix500,189,100-200,166.05930344946682,97.213892493397,2.1247193217277527e-05,0.018254872411489487,65.56917106732726,3.194445760920644,,,4765.5078125,498.0,8192.0,,0.28125,165.9957854412496,0.06351800821721554,2439940.0,14693.18459921454,25098.676098847976
VERL,xd9cv7e4,qwen3-drpo-verl-tp2-natural500-20260930-epochfix500,190,100-200,156.1724425610155,90.5834780652076,2.148933708667755e-05,0.006922086700797081,61.913221307098866,3.5984516628086567,,,4514.15234375,720.0,8192.0,,0.265625,156.102094611153,0.07034794986248016,2311246.0,14799.320303241158,25515.09446718553
VERL,xd9cv7e4,qwen3-drpo-verl-tp2-natural500-20260930-epochfix500,191,100-200,167.62263545580208,94.599913533777,2.14502215385437e-05,0.006928237155079842,69.556415643543,3.3965121023356915,,,5003.689453125,783.0,8192.0,,0.32421875,167.5597909670323,0.06284448876976967,2561889.0,15283.669732513581,27081.30382260101
VERL,xd9cv7e4,qwen3-drpo-verl-tp2-natural500-20260930-epochfix500,192,100-200,180.94591341540217,100.46862473897636,1.979619264602661e-05,0.006797147914767265,77.03211375884712,3.375222695991397,,,5535.017578125,654.0,8192.0,,0.41015625,180.8827781379223,0.06313527747988701,2833929.0,15661.746355631014,28207.10453002339
VERL,xd9cv7e4,qwen3-drpo-verl-tp2-natural500-20260930-epochfix500,193,100-200,178.43449582532048,99.8986297044903,1.955963671207428e-05,0.0067861489951610565,74.89454566314816,3.5716352984309196,,,5400.775390625,939.0,8192.0,,0.37109375,178.37161637470126,0.06287945061922073,2765197.0,15496.986651656225,27680.029327526485
VERL,xd9cv7e4,qwen3-drpo-verl-tp2-natural500-20260930-epochfix500,194,100-200,174.4850842449814,97.96749795041978,2.1927058696746826e-05,0.006790736690163612,72.74089122191072,3.70651295222342,,,5260.0234375,767.0,8192.0,,0.298828125,174.42171478830278,0.06336945667862892,2693132.0,15434.74052039185,27490.055950627248
VERL,xd9cv7e4,qwen3-drpo-verl-tp2-natural500-20260930-epochfix500,195,100-200,169.00632468052208,95.0347902122885,2.3230910301208496e-05,0.006942775100469589,70.20898434147239,3.6912436671555042,,,5099.53515625,624.0,8192.0,,0.287109375,168.94198422692716,0.06434045359492302,2610962.0,15448.90112802336,27473.74928873562
VERL,xd9cv7e4,qwen3-drpo-verl-tp2-natural500-20260930-epochfix500,196,100-200,169.87933742627501,94.85365485586226,2.2508203983306885e-05,0.0068655554205179214,71.50678255036473,3.449206793680787,,,5167.38671875,798.0,8192.0,,0.333984375,169.81653226353228,0.06280516274273396,2645702.0,15574.00705749864,27892.462383451188
VERL,xd9cv7e4,qwen3-drpo-verl-tp2-natural500-20260930-epochfix500,197,100-200,177.58073944225907,99.17492880858481,2.319738268852234e-05,0.006867796182632446,75.05569140985608,3.2800165358930826,,,5397.97265625,577.0,8192.0,,0.35546875,177.5175277478993,0.06321169435977936,2763762.0,15563.41081065633,27867.547102900087
VERL,xd9cv7e4,qwen3-drpo-verl-tp2-natural500-20260930-epochfix500,198,100-200,159.553675474599,92.50942200422287,2.1692365407943726e-05,0.006806228309869766,63.636855125427246,3.3374534267932177,,,4671.9296875,603.0,8192.0,,0.236328125,159.4905584771186,0.06311699748039246,2392028.0,14991.995595744278,25857.12836786299
VERL,xd9cv7e4,qwen3-drpo-verl-tp2-natural500-20260930-epochfix500,199,100-200,163.51434447988868,91.62747207656503,2.1398067474365234e-05,0.017176805064082146,68.2515575196594,3.4861819203943014,,,4919.828125,706.0,8192.0,,0.291015625,163.38240971975029,0.13193476013839245,2518952.0,15405.082703981463,27491.230991237357
VERL,xd9cv7e4,qwen3-drpo-verl-tp2-natural500-20260930-epochfix500,200,100-200,167.66056169569492,94.86934267543256,2.24187970161438e-05,0.006901795044541359,69.38251964002848,3.3340293150395155,,,5057.28125,591.0,8192.0,,0.271484375,167.5928158443421,0.06774585135281086,2589328.0,15443.870483385641,27293.622227979602
VERL,xd9cv7e4,qwen3-drpo-verl-tp2-natural500-20260930-epochfix500,201,200-300,149.93423826247454,85.9248513635248,2.1958723664283752e-05,0.006866537034511566,60.83657041750848,3.1016660444438457,,,4478.998046875,705.0,8192.0,,0.2109375,149.8699763212353,0.06426194123923779,2293247.0,15295.018846765654,26688.98419501353
VERL,xd9cv7e4,qwen3-drpo-verl-tp2-natural500-20260930-epochfix500,202,200-300,151.2682023551315,88.00418881513178,2.3169443011283875e-05,0.007306067273020744,59.914161356166005,3.278543932363391,,,4344.09375,419.0,8192.0,,0.201171875,151.2042233403772,0.06397901475429535,2224176.0,14703.526354985792,25273.524248627204
VERL,xd9cv7e4,qwen3-drpo-verl-tp2-natural500-20260930-epochfix500,203,200-300,158.9661851618439,89.81973565369844,2.1958723664283752e-05,0.0068912990391254425,65.63952735625207,3.4363851845264435,,,4811.646484375,502.0,8192.0,,0.25,158.90256145223975,0.0636237096041441,2463563.0,15497.402780923754,27427.85849981022
VERL,xd9cv7e4,qwen3-drpo-verl-tp2-natural500-20260930-epochfix500,204,200-300,147.1736718583852,86.58175374753773,2.2629275918006897e-05,0.00720127671957016,57.4068446457386,3.092743832617998,,,4184.865234375,420.0,8192.0,,0.1796875,147.08856613188982,0.08510572649538517,2142651.0,14558.656945528417,24747.142524367428
VERL,xd9cv7e4,qwen3-drpo-verl-tp2-natural500-20260930-epochfix500,205,200-300,157.5163273215294,89.73293018527329,2.354942262172699e-05,0.0068827178329229355,63.794731229543686,3.895241566002369,,,4624.63671875,392.0,8192.0,,0.232421875,157.4298092480749,0.08651807345449924,2367814.0,15032.181363438673,26387.347377502654
VERL,xd9cv7e4,qwen3-drpo-verl-tp2-natural500-20260930-epochfix500,206,200-300,160.8980830553919,91.95471348240972,2.1809712052345276e-05,0.0067788586020469666,65.42489042878151,3.448746908456087,,,4772.634765625,661.0,8192.0,,0.232421875,160.8351514879614,0.06293156743049622,2443589.0,15187.185288955574,26573.83082888341
VERL,xd9cv7e4,qwen3-drpo-verl-tp2-natural500-20260930-epochfix500,207,200-300,145.5527973715216,84.1687010768801,2.0539388060569763e-05,0.00682319700717926,58.02381781116128,3.289618978276849,,,4263.255859375,435.0,8192.0,,0.173828125,145.48898160271347,0.06381576880812645,2182787.0,14996.530739484622,25933.476126787697
VERL,xd9cv7e4,qwen3-drpo-verl-tp2-natural500-20260930-epochfix500,208,200-300,156.35239764675498,90.13806125894189,2.2901222109794617e-05,0.0071538109332323074,62.97566290386021,3.16191460005939,,,4633.94140625,528.0,8192.0,,0.23046875,156.28281547501683,0.06958217173814774,2372578.0,15174.554632416548,26321.600075069677
VERL,xd9cv7e4,qwen3-drpo-verl-tp2-natural500-20260930-epochfix500,209,200-300,169.3539114575833,95.64247722737491,2.392008900642395e-05,0.006790747866034508,70.25098173506558,3.3879101406782866,,,5023.435546875,435.0,8192.0,,0.27734375,169.28818377107382,0.06572768650949001,2571999.0,15187.124866874938,26891.80659640881
VERL,xd9cv7e4,qwen3-drpo-verl-tp2-natural500-20260930-epochfix500,210,200-300,169.61210719309747,95.90878120809793,2.1869316697120667e-05,0.006790608167648315,70.32550614885986,3.3070365507155657,,,5106.021484375,769.0,8192.0,,0.29296875,169.5481363851577,0.06397080793976784,2614283.0,15413.304175413197,27258.015033343647
VERL,xd9cv7e4,qwen3-drpo-verl-tp2-natural500-20260930-epochfix500,211,200-300,153.82455929927528,87.4550658557564,1.9880011677742004e-05,0.006830846890807152,63.00994065217674,3.2895266711711884,,,4600.912109375,408.0,8192.0,,0.2265625,153.7613839060068,0.063175393268466,2355667.0,15313.985040691083,26935.74096536967
VERL,xd9cv7e4,qwen3-drpo-verl-tp2-natural500-20260930-epochfix500,212,200-300,163.7819098290056,94.56011763960123,2.269260585308075e-05,0.006738800555467606,65.86142457276583,3.290159536525607,,,4804.25,376.0,8192.0,,0.279296875,163.71846324205399,0.06344658695161343,2459776.0,15018.606160888572,26012.82719819566
VERL,xd9cv7e4,qwen3-drpo-verl-tp2-natural500-20260930-epochfix500,213,200-300,159.9919655956328,92.31735989637673,2.2428110241889954e-05,0.0068096574395895,64.157326458022,3.446265311911702,,,4674.26953125,372.0,8192.0,,0.275390625,159.92778375186026,0.06418184377253056,2393226.0,14958.41363714908,25923.899932648845
VERL,xd9cv7e4,qwen3-drpo-verl-tp2-natural500-20260930-epochfix500,214,200-300,165.7831802200526,94.29054121486843,2.1208077669143677e-05,0.013458769768476486,67.70969926007092,3.7063778210431337,,,4886.9921875,552.0,8192.0,,0.310546875,165.72009827382863,0.06308194622397423,2502140.0,15092.845949020762,26536.48995712249
VERL,xd9cv7e4,qwen3-drpo-verl-tp2-natural500-20260930-epochfix500,215,200-300,155.6703011021018,91.12423902750015,2.043880522251129e-05,0.006852278485894203,61.251585848629475,3.2240231037139893,,,4462.931640625,425.0,8192.0,,0.232421875,155.60672069713473,0.06358040496706963,2285021.0,14678.593050971805,25075.88567417731
VERL,xd9cv7e4,qwen3-drpo-verl-tp2-natural500-20260930-epochfix500,216,200-300,152.00185918994248,87.14602231234312,2.324022352695465e-05,0.006802897900342941,61.461078410968184,3.324392791837454,,,4495.15234375,697.0,8192.0,,0.23046875,151.93831965327263,0.06353953666985035,2301518.0,15141.380587483529,26409.903044697192
VERL,xd9cv7e4,qwen3-drpo-verl-tp2-natural500-20260930-epochfix500,217,200-300,171.0354522243142,96.90181715972722,2.1340325474739075e-05,0.006844798102974892,70.6518475804478,3.4090235605835915,,,5055.404296875,643.0,8192.0,,0.3203125,170.96955443918705,0.06589778512716293,2588367.0,15133.511598550564,26711.232832027177
VERL,xd9cv7e4,qwen3-drpo-verl-tp2-natural500-20260930-epochfix500,218,200-300,156.57394810207188,90.41669590771198,0.0050822664052248,0.006823347881436348,62.96151356212795,3.1201841607689857,,,4606.6328125,664.0,8192.0,,0.23046875,156.51029924489558,0.06364885717630386,2358596.0,15063.78314266184,26085.845941632408
VERL,xd9cv7e4,qwen3-drpo-verl-tp2-natural500-20260930-epochfix500,219,200-300,169.57729137130082,94.9935988727957,1.9960105419158936e-05,0.006824508309364319,71.19572101905942,3.317837668582797,,,5149.34375,761.0,8192.0,,0.314453125,169.5140020288527,0.06328934244811535,2636464.0,15547.270384377622,27754.122712315002
VERL,xd9cv7e4,qwen3-drpo-verl-tp2-natural500-20260930-epochfix500,220,200-300,171.97602628543973,97.38548372127116,2.1088868379592896e-05,0.006777461618185043,71.30920811370015,3.2111811880022287,,,5103.619140625,753.0,8192.0,,0.359375,171.9126715734601,0.06335471197962761,2613053.0,15194.286415613225,26832.058538404643
VERL,xd9cv7e4,qwen3-drpo-verl-tp2-natural500-20260930-epochfix500,221,200-300,182.9439359381795,103.75627926178277,2.2178515791893005e-05,0.006811928004026413,75.61229016818106,3.5052291974425316,,,5409.619140625,689.0,8192.0,,0.404296875,182.88063273392618,0.06330320425331593,2769725.0,15139.747517709178,26694.528945200826
VERL,xd9cv7e4,qwen3-drpo-verl-tp2-natural500-20260930-epochfix500,222,200-300,180.14896256662905,100.80914187058806,2.1940097212791443e-05,0.006750589236617088,75.85800655186176,3.411608874797821,,,5451.349609375,627.0,8192.0,,0.37890625,180.08552982658148,0.06343274004757404,2791091.0,15493.239373874829,27686.883830268223
VERL,xd9cv7e4,qwen3-drpo-verl-tp2-natural500-20260930-epochfix500,223,200-300,167.68521244823933,93.63089255988598,2.037733793258667e-05,0.0067293234169483185,70.63770762085915,3.3467307072132826,,,5099.103515625,551.0,8192.0,,0.3671875,167.6220805887133,0.06313185952603817,2610741.0,15569.297744760155,27883.329194263308
VERL,xd9cv7e4,qwen3-drpo-verl-tp2-natural500-20260930-epochfix500,224,200-300,169.47948209941387,96.73930360004306,2.1707266569137573e-05,0.006706742569804192,69.44626498781145,3.2240291070193052,,,4986.310546875,524.0,8192.0,,0.306640625,169.41632614471018,0.06315595470368862,2552991.0,15063.717261670989,26390.421524585625
VERL,xd9cv7e4,qwen3-drpo-verl-tp2-natural500-20260930-epochfix500,225,200-300,166.63753003813326,94.46909197419882,2.1928921341896057e-05,0.00680304691195488,68.519864782691,3.577754596248269,,,4942.658203125,679.0,8192.0,,0.337890625,166.5735363289714,0.06399370916187763,2530641.0,15186.50090061278,26788.03137740715
VERL,xd9cv7e4,qwen3-drpo-verl-tp2-natural500-20260930-epochfix500,226,200-300,175.01380405016243,97.67066780477762,1.987069845199585e-05,0.006786638870835304,73.83402292989194,3.43892527744174,,,5275.822265625,557.0,8192.0,,0.376953125,174.9504225216806,0.06338152848184109,2701221.0,15434.33110696672,27656.419892604317
VERL,xd9cv7e4,qwen3-drpo-verl-tp2-natural500-20260930-epochfix500,227,200-300,202.99868929572403,113.94521019607782,1.882016658782959e-05,0.0067755673080682755,85.33007917739451,3.6540674827992916,,,6062.21875,410.0,8192.0,,0.494140625,202.93615124374628,0.06253805197775364,3103856.0,15290.029757179223,27239.898848392662
VERL,xd9cv7e4,qwen3-drpo-verl-tp2-natural500-20260930-epochfix500,228,200-300,173.79649758711457,96.60404356755316,2.39592045545578e-05,0.006771020591259003,73.28585918992758,3.836446637287736,,,5243.78125,314.0,8192.0,,0.41796875,173.7331443745643,0.06335321255028248,2684816.0,15448.044335037594,27791.962953626935
VERL,xd9cv7e4,qwen3-drpo-verl-tp2-natural500-20260930-epochfix500,229,200-300,180.45797612704337,99.37689246982336,2.0507723093032837e-05,0.006824996322393417,77.58639761060476,3.425070095807314,,,5519.00390625,845.0,8192.0,,0.443359375,180.39520568028092,0.06277044676244259,2825730.0,15658.659487628694,28434.477369656703
VERL,xd9cv7e4,qwen3-drpo-verl-tp2-natural500-20260930-epochfix500,230,200-300,187.09190928004682,105.37019393965602,2.072937786579132e-05,0.006837967783212662,78.19630671106279,3.45109318010509,,,5578.822265625,466.0,8192.0,,0.46484375,187.02445252798498,0.06745675206184387,2856357.0,15267.132667530203,27107.827111296712
VERL,xd9cv7e4,qwen3-drpo-verl-tp2-natural500-20260930-epochfix500,231,200-300,177.7762317210436,100.11214092187583,2.10590660572052e-05,0.006791058927774429,74.11430261842906,3.4772047996520996,,,5297.369140625,676.0,8192.0,,0.38671875,177.71046045795083,0.06577126309275627,2712253.0,15256.555804692238,27092.148614787406
VERL,xd9cv7e4,qwen3-drpo-verl-tp2-natural500-20260930-epochfix500,232,200-300,191.2985290568322,107.21357073448598,2.146884799003601e-05,0.006849277764558792,80.2511938624084,3.7631898168474436,,,5651.984375,759.0,8192.0,,0.4453125,191.23482516035438,0.06370389647781849,2893816.0,15127.22556868321,26991.135358848598
VERL,xd9cv7e4,qwen3-drpo-verl-tp2-natural500-20260930-epochfix500,233,200-300,162.58078028261662,93.1664786990732,2.0829960703849792e-05,0.006711319088935852,65.58133792690933,3.7627471070736647,,,4707.83984375,698.0,8192.0,,0.287109375,162.51729588210583,0.06348440051078796,2410414.0,14825.94680508939,25872.116598778124
VERL,xd9cv7e4,qwen3-drpo-verl-tp2-natural500-20260930-epochfix500,234,200-300,162.25314778462052,92.33857509121299,2.2510066628456116e-05,0.006832387298345566,66.42965783923864,3.4140959084033966,,,4846.353515625,407.0,8192.0,,0.298828125,162.18918373622,0.06396404840052128,2481333.0,15292.972949244673,26872.117070779073
VERL,xd9cv7e4,qwen3-drpo-verl-tp2-natural500-20260930-epochfix500,235,200-300,163.7375131752342,91.81949411891401,2.0349398255348206e-05,0.006862720474600792,68.09817200899124,3.7492357958108187,,,4923.333984375,692.0,8192.0,,0.283203125,163.67378499358892,0.06372818164527416,2520747.0,15395.048765045436,27453.287825082323
VERL,xd9cv7e4,qwen3-drpo-verl-tp2-natural500-20260930-epochfix500,236,200-300,154.15856381319463,88.40495603904128,2.105720341205597e-05,0.006788268685340881,62.0425999481231,3.6403378769755363,,,4551.123046875,599.0,8192.0,,0.20703125,154.09470319002867,0.06386062316596508,2330175.0,15115.44310197159,26357.967973774583
VERL,xd9cv7e4,qwen3-drpo-verl-tp2-natural500-20260930-epochfix500,237,200-300,148.1774829365313,85.44560344703496,2.0578503608703613e-05,0.006799180060625076,59.48361595161259,3.1725643910467625,,,4337.18359375,462.0,8192.0,,0.23828125,148.10860354825854,0.0688793882727623,2220638.0,14986.339057676958,25988.908854467903
VERL,xd9cv7e4,qwen3-drpo-verl-tp2-natural500-20260930-epochfix500,238,200-300,173.70808900147676,97.87376829609275,2.103857696056366e-05,0.00684051588177681,72.41489310748875,3.3493931777775288,,,5260.359375,911.0,8192.0,,0.251953125,173.64491613581777,0.06317286565899849,2693304.0,15504.770189355448,27518.13940434048
VERL,xd9cv7e4,qwen3-drpo-verl-tp2-natural500-20260930-epochfix500,239,200-300,151.41880781576037,87.64507873542607,2.2670254111289978e-05,0.006812520325183868,60.54941780678928,3.1326542869210243,,,4421.10546875,549.0,8192.0,,0.205078125,151.33398601971567,0.0848217960447073,2263606.0,14949.305391139087,25826.960653810816
VERL,xd9cv7e4,qwen3-drpo-verl-tp2-natural500-20260930-epochfix500,240,200-300,157.48351620323956,93.92258952185512,1.985020935535431e-05,0.006764160469174385,59.94014505110681,3.5510082487016916,,,4419.392578125,605.0,8192.0,,0.18359375,157.42052683234215,0.0629893708974123,2262729.0,14368.037078114554,24091.424773520317
VERL,xd9cv7e4,qwen3-drpo-verl-tp2-natural500-20260930-epochfix500,241,200-300,126.67458944395185,71.82488388195634,2.064928412437439e-05,0.00681367889046669,51.710712656378746,3.068257760256529,,,3794.171875,468.0,8192.0,,0.146484375,126.6106886267662,0.06390081718564034,1942616.0,15335.482897771897,27046.559562736988
VERL,xd9cv7e4,qwen3-drpo-verl-tp2-natural500-20260930-epochfix500,242,200-300,136.58090331032872,76.71414673514664,2.2040680050849915e-05,0.006879135966300964,55.925431065261364,3.8698485773056746,,,4088.189453125,627.0,8192.0,,0.146484375,136.51632755436003,0.06457575596868992,2093153.0,15325.370892035304,27285.097848074227
VERL,xd9cv7e4,qwen3-drpo-verl-tp2-natural500-20260930-epochfix500,243,200-300,127.83934138156474,75.43139854818583,2.1869316697120667e-05,0.0069161877036094666,49.25846030190587,3.078238407149911,,,3669.099609375,458.0,8192.0,,0.078125,127.77503531426191,0.06430606730282307,1878579.0,14694.842602426794,24904.469970816695
VERL,xd9cv7e4,qwen3-drpo-verl-tp2-natural500-20260930-epochfix500,244,200-300,127.47546541132033,72.68510379083455,2.2292137145996094e-05,0.007038742303848267,51.65471495501697,3.0649628341197968,,,3842.666015625,487.0,8192.0,,0.111328125,127.41184261441231,0.06362279690802097,1967445.0,15433.911095376028,27068.063432387793
VERL,xd9cv7e4,qwen3-drpo-verl-tp2-natural500-20260930-epochfix500,245,200-300,141.54886375553906,82.66800065897405,1.8008053302764893e-05,0.006811138242483139,55.6813601590693,3.1288556661456823,,,4124.521484375,508.0,8192.0,,0.140625,141.48504563048482,0.06381812505424023,2111755.0,14918.911702796084,25545.011167156583
VERL,xd9cv7e4,qwen3-drpo-verl-tp2-natural500-20260930-epochfix500,246,200-300,147.6599770281464,84.41480696760118,2.0798295736312866e-05,0.006921116262674332,59.442814629524946,3.730896282941103,,,4405.158203125,644.0,8192.0,,0.138671875,147.59545979462564,0.06451723352074623,2255441.0,15274.558789685281,26718.54714855475
VERL,xd9cv7e4,qwen3-drpo-verl-tp2-natural500-20260930-epochfix500,247,200-300,140.2352804876864,78.91560881584883,2.2759661078453064e-05,0.0069073159247636795,58.0604921746999,3.1802287492901087,,,4272.96875,620.0,8192.0,,0.123046875,140.16325981542468,0.07202067226171494,2187760.0,15600.639100173512,27722.77921729252
VERL,xd9cv7e4,qwen3-drpo-verl-tp2-natural500-20260930-epochfix500,248,200-300,129.55901528336108,72.16608534380794,2.0759180188179016e-05,0.007185759022831917,54.18678120709956,3.135469136759639,,,4044.45703125,771.0,8192.0,,0.12109375,129.49554220587015,0.06347307749092579,2070762.0,15983.15636678,28694.392804246483
VERL,xd9cv7e4,qwen3-drpo-verl-tp2-natural500-20260930-epochfix500,249,200-300,130.14897787943482,76.84034462459385,2.0209699869155884e-05,0.00693308562040329,50.22178015112877,3.0160265918821096,,,3753.505859375,482.0,8192.0,,0.095703125,130.085104662925,0.06387321650981903,1921795.0,14766.116732628354,25010.234003881626
VERL,xd9cv7e4,qwen3-drpo-verl-tp2-natural500-20260930-epochfix500,250,200-300,121.3907286990434,70.24178093858063,2.2079795598983765e-05,0.006900334730744362,48.10803599841893,2.9698487892746925,,,3625.482421875,496.0,8192.0,,0.05859375,121.3265881408006,0.06414055824279785,1856247.0,15291.505536654942,26426.536673708502
VERL,xd9cv7e4,qwen3-drpo-verl-tp2-natural500-20260930-epochfix500,251,200-300,126.87411215901375,72.1623326856643,2.043880522251129e-05,0.006935356184840202,51.21887427568436,3.420576075091958,,,3765.484375,551.0,8192.0,,0.09765625,126.80873883143067,0.06537332758307457,1927928.0,15195.597960785657,26716.542110659906
VERL,xd9cv7e4,qwen3-drpo-verl-tp2-natural500-20260930-epochfix500,252,200-300,120.69520180858672,69.27009012922645,2.311915159225464e-05,0.006931856274604797,48.36651665903628,2.986706120893359,,,3650.998046875,292.0,8192.0,,0.07421875,120.63026788458228,0.06493392400443554,1869311.0,15487.865068278215,26985.831785590533
VERL,xd9cv7e4,qwen3-drpo-verl-tp2-natural500-20260930-epochfix500,253,200-300,132.71393762342632,78.16848073713481,2.1517276763916016e-05,0.007466156035661697,51.35431485623121,3.119981499388814,,,3762.375,252.0,8192.0,,0.09765625,132.65026476606727,0.0636728573590517,1926336.0,14514.948727284,24643.385439175774
VERL,xd9cv7e4,qwen3-drpo-verl-tp2-natural500-20260930-epochfix500,254,200-300,111.973653819412,63.353619480505586,2.1539628505706787e-05,0.00685894675552845,45.41160089150071,3.137464728206396,,,3395.0390625,376.0,8192.0,,0.060546875,111.90956558659673,0.06408823281526566,1738260.0,15523.830300325983,27437.422111847554
VERL,xd9cv7e4,qwen3-drpo-verl-tp2-natural500-20260930-epochfix500,255,200-300,127.75786267593503,75.23057562485337,2.1889805793762207e-05,0.006909014657139778,49.3153265658766,3.141378030180931,,,3640.26953125,441.0,8192.0,,0.111328125,127.69421112537384,0.06365155056118965,1863818.0,14588.675490976855,24774.740649256233
VERL,xd9cv7e4,qwen3-drpo-verl-tp2-natural500-20260930-epochfix500,256,200-300,119.73318341746926,67.91327851451933,1.998990774154663e-05,0.006794048473238945,48.579465148970485,3.1448761392384768,,,3658.896484375,679.0,8192.0,,0.080078125,119.64443384110928,0.08874957635998726,1873355.0,15646.080280587232,27584.517210422866
VERL,xd9cv7e4,qwen3-drpo-verl-tp2-natural500-20260930-epochfix500,257,200-300,126.46205700933933,72.9381446428597,2.1027401089668274e-05,0.007259678095579147,50.094002867117524,3.359316011890769,,,3714.61328125,477.0,8192.0,,0.08203125,126.39874422736466,0.06331278197467327,1901882.0,15039.151228257693,26075.27253829297
VERL,xd9cv7e4,qwen3-drpo-verl-tp2-natural500-20260930-epochfix500,258,200-300,123.56872649118304,70.65274541452527,2.1379441022872925e-05,0.00687674805521965,49.59271501004696,3.2526906579732895,,,3721.412109375,683.0,8192.0,,0.08203125,123.50504921004176,0.06367728114128113,1905363.0,15419.459713667542,26967.996626614917
VERL,xd9cv7e4,qwen3-drpo-verl-tp2-natural500-20260930-epochfix500,259,200-300,119.95197924040258,68.59047169983387,2.3018568754196167e-05,0.006892738863825798,48.26184156909585,3.028842458501458,,,3580.26171875,522.0,8192.0,,0.083984375,119.88807148486376,0.06390775553882122,1833094.0,15281.898736545165,26725.19891716155
VERL,xd9cv7e4,qwen3-drpo-verl-tp2-natural500-20260930-epochfix500,260,200-300,121.68405583314598,70.65807142481208,2.14502215385437e-05,0.006930803880095482,47.59573489241302,3.359162773936987,,,3570.412109375,469.0,8192.0,,0.076171875,121.61992134526372,0.06413448788225651,1828051.0,15022.929565288621,25871.79303280654
VERL,xd9cv7e4,qwen3-drpo-verl-tp2-natural500-20260930-epochfix500,261,200-300,125.58629734441638,73.75042199902236,2.207048237323761e-05,0.006884075701236725,48.72578859515488,3.0394894126802683,,,3647.8125,395.0,8192.0,,0.076171875,125.52260615304112,0.06369119137525558,1867680.0,14871.686159183017,25324.329669934064
VERL,xd9cv7e4,qwen3-drpo-verl-tp2-natural500-20260930-epochfix500,262,200-300,115.30800063535571,64.71411158703268,2.1850690245628357e-05,0.0076114702969789505,47.07738747820258,3.442104885354638,,,3504.439453125,653.0,8192.0,,0.0703125,115.24123727157712,0.06676336377859116,1794273.0,15560.698217933028,27726.147450651766
VERL,xd9cv7e4,qwen3-drpo-verl-tp2-natural500-20260930-epochfix500,263,200-300,122.46517055481672,71.28444399125874,2.1927058696746826e-05,0.006924515590071678,48.03922874107957,3.06968136690557,,,3561.68359375,431.0,8192.0,,0.07421875,122.40030054189265,0.06487001292407513,1823582.0,14890.617403613096,25581.766482230218
VERL,xd9cv7e4,qwen3-drpo-verl-tp2-natural500-20260930-epochfix500,264,200-300,122.03877556882799,69.73322231136262,2.1437183022499084e-05,0.006881289184093475,49.04844256862998,3.186167446896434,,,3646.126953125,568.0,8192.0,,0.0625,121.97473505325615,0.06404051557183266,1866817.0,15296.916830726019,26770.840900834337
VERL,xd9cv7e4,qwen3-drpo-verl-tp2-natural500-20260930-epochfix500,265,200-300,125.6062246747315,71.96465736068785,2.174079418182373e-05,0.006773179396986961,50.212032498791814,3.358683867380023,,,3758.220703125,464.0,8192.0,,0.083984375,125.54216864705086,0.06405602768063545,1924209.0,15319.376129510385,26738.250004524278
VERL,xd9cv7e4,qwen3-drpo-verl-tp2-natural500-20260930-epochfix500,266,200-300,128.2589371483773,75.61050229333341,2.2139400243759155e-05,0.32956911996006966,49.189534060657024,3.064282398670912,,,3680.86328125,665.0,8192.0,,0.076171875,128.19391001202166,0.0650271363556385,1884602.0,14693.728498777315,24925.1353031438
VERL,xd9cv7e4,qwen3-drpo-verl-tp2-natural500-20260930-epochfix500,267,200-300,115.42762022092938,64.55616721138358,2.2059306502342224e-05,0.006810087710618973,47.54072477295995,3.25751761905849,,,3567.333984375,688.0,8192.0,,0.083984375,115.36124175041914,0.06637847051024437,1826475.0,15823.552426222705,28292.804218369496
VERL,xd9cv7e4,qwen3-drpo-verl-tp2-natural500-20260930-epochfix500,268,200-300,125.05339668318629,73.86018811352551,2.0427629351615906e-05,0.006870824843645096,47.95101926475763,3.1712659895420074,,,3514.3828125,564.0,8192.0,,0.09765625,124.98936462029815,0.06403206288814545,1799364.0,14388.765501176735,24361.75761202123
VERL,xd9cv7e4,qwen3-drpo-verl-tp2-natural500-20260930-epochfix500,269,200-300,128.418249450624,73.18535196222365,1.9786879420280457e-05,0.006823299452662468,52.05265872180462,3.109763726592064,,,3926.21484375,515.0,8192.0,,0.091796875,128.35461749695241,0.06363195367157459,2010222.0,15653.709722720661,27467.54570556173
VERL,xd9cv7e4,qwen3-drpo-verl-tp2-natural500-20260930-epochfix500,270,200-300,128.86453524790704,72.31297164410353,2.3560598492622375e-05,0.006873559206724167,53.38352235406637,3.097004583105445,,,3943.849609375,690.0,8192.0,,0.107421875,128.80039570108056,0.06413954682648182,2019251.0,15669.563360589513,27923.772928845632
VERL,xd9cv7e4,qwen3-drpo-verl-tp2-natural500-20260930-epochfix500,271,200-300,134.48932154476643,77.54392156936228,2.5831162929534912e-05,0.007016563788056374,53.69663065485656,3.177575048059225,,,3977.8515625,603.0,8192.0,,0.099609375,134.42516966722906,0.06415187753736973,2036660.0,15143.655842758286,26264.598936722945
VERL,xd9cv7e4,qwen3-drpo-verl-tp2-natural500-20260930-epochfix500,272,200-300,123.92868999950588,70.87912973202765,2.2230669856071472e-05,0.007357016205787659,49.81114395707846,3.167817084118724,,,3674.24609375,374.0,8192.0,,0.099609375,123.86547002010047,0.06321997940540314,1881214.0,15179.810260299699,26541.15544466045
VERL,xd9cv7e4,qwen3-drpo-verl-tp2-natural500-20260930-epochfix500,273,200-300,148.0554262138903,84.05949437431991,2.0040199160575867e-05,0.0069306157529354095,60.72817904688418,3.1963336393237114,,,4469.37109375,395.0,8192.0,,0.14453125,147.9909577164799,0.0644684974104166,2288318.0,15455.819881225763,27222.60010047216
VERL,xd9cv7e4,qwen3-drpo-verl-tp2-natural500-20260930-epochfix500,274,200-300,148.4185910001397,84.32523301243782,2.2452324628829956e-05,0.0068784188479185104,60.59712956659496,3.425205310806632,,,4460.158203125,640.0,8192.0,,0.15234375,148.35446876101196,0.06412223912775517,2283601.0,15386.2193719239,27080.873878678438
VERL,xd9cv7e4,qwen3-drpo-verl-tp2-natural500-20260930-epochfix500,275,200-300,132.86530770920217,75.88913200609386,2.93683260679245e-05,0.006857816129922867,53.275071892887354,3.6305327713489532,,,3954.947265625,351.0,8192.0,,0.1171875,132.80162385478616,0.06368385441601276,2024933.0,15240.494564855882,26682.779819347503
VERL,xd9cv7e4,qwen3-drpo-verl-tp2-natural500-20260930-epochfix500,276,200-300,150.71870601922274,85.2657839152962,2.1860003471374512e-05,0.006847366690635681,62.121653731912374,3.2560486271977425,,,4559.111328125,479.0,8192.0,,0.1875,150.65035550110042,0.0683505181223154,2334265.0,15487.55998278201,27376.338934722982
VERL,xd9cv7e4,qwen3-drpo-verl-tp2-natural500-20260930-epochfix500,277,200-300,153.8160931598395,90.27379977330565,2.2118911147117615e-05,0.006874896585941315,60.30374035984278,3.1680631563067436,,,4411.357421875,156.0,8192.0,,0.208984375,153.75250030495226,0.06359285488724709,2258615.0,14683.866646209366,25019.60708059042
VERL,xd9cv7e4,qwen3-drpo-verl-tp2-natural500-20260930-epochfix500,278,200-300,162.16675418242812,94.4076238386333,2.1830201148986816e-05,0.007031243294477463,64.55546098016202,3.132613357156515,,,4706.54296875,539.0,8192.0,,0.234375,162.10275124944746,0.06400293298065662,2409750.0,14859.704210945556,25524.951291210094
VERL,xd9cv7e4,qwen3-drpo-verl-tp2-natural500-20260930-epochfix500,279,200-300,157.779780857265,89.9725396502763,2.021901309490204e-05,0.00686865858733654,64.4523718636483,3.2841361723840237,,,4696.794921875,424.0,8192.0,,0.193359375,157.71593656390905,0.06384429335594177,2404759.0,15241.236785437406,26727.699466385075
VERL,xd9cv7e4,qwen3-drpo-verl-tp2-natural500-20260930-epochfix500,280,200-300,149.81070465780795,84.63507821038365,3.148801624774933e-05,0.019025037065148354,61.80479092895985,3.2093940638005733,,,4520.3671875,382.0,8192.0,,0.185546875,149.66831972822547,0.14238492958247662,2314428.0,15449.016178693842,27345.966340893025
VERL,xd9cv7e4,qwen3-drpo-verl-tp2-natural500-20260930-epochfix500,281,200-300,155.68270457163453,90.67805006541312,2.056919038295746e-05,0.006936222314834595,61.5489303432405,3.385425053536892,,,4501.03515625,323.0,8192.0,,0.2109375,155.61936225369573,0.06334231793880463,2304530.0,14802.736157115083,25414.41945804485
VERL,xd9cv7e4,qwen3-drpo-verl-tp2-natural500-20260930-epochfix500,282,200-300,164.18222792819142,94.8703572396189,2.1379441022872925e-05,0.006929976865649223,65.99477442353964,3.239931885153055,,,4809.626953125,392.0,8192.0,,0.24609375,164.11201490461826,0.07021302357316017,2462529.0,14998.754926611418,25956.780090753375
VERL,xd9cv7e4,qwen3-drpo-verl-tp2-natural500-20260930-epochfix500,283,200-300,151.70317990891635,86.66043643280864,2.24187970161438e-05,0.006903436034917831,61.64920533634722,3.3217150028795004,,,4542.271484375,450.0,8192.0,,0.171875,151.6382826268673,0.06489728204905987,2325643.0,15330.21919116219,26836.271495161065
VERL,xd9cv7e4,qwen3-drpo-verl-tp2-natural500-20260930-epochfix500,284,200-300,155.68507855571806,88.19300394877791,2.2200867533683777e-05,0.006856108084321022,64.15934236906469,3.2623390201479197,,,4691.39453125,602.0,8192.0,,0.2109375,155.62156364694238,0.06351490877568722,2401994.0,15428.543456336129,27235.65240384676
VERL,xd9cv7e4,qwen3-drpo-verl-tp2-natural500-20260930-epochfix500,285,200-300,158.18808645941317,92.62038706243038,2.2547319531440735e-05,0.006876034662127495,62.089885687455535,3.407317476347089,,,4556.005859375,626.0,8192.0,,0.185546875,158.12448880821466,0.06359765119850636,2332675.0,14746.21162826002,25185.329860775364
VERL,xd9cv7e4,qwen3-drpo-verl-tp2-natural500-20260930-epochfix500,286,200-300,153.72878750413656,88.84586976841092,2.1677464246749878e-05,0.006814306601881981,61.63872263021767,3.1740650460124016,,,4538.75390625,450.0,8192.0,,0.18359375,153.66549342870712,0.06329407542943954,2323842.0,15116.505097898269,26155.881033720718
VERL,xd9cv7e4,qwen3-drpo-verl-tp2-natural500-20260930-epochfix500,287,200-300,158.04422482475638,90.54903655312955,2.3089349269866943e-05,0.006882818415760994,63.9592637270689,3.4657176677137613,,,4679.390625,546.0,8192.0,,0.185546875,157.98092385567725,0.06330096907913685,2395848.0,15159.351774204844,26459.121943216243
VERL,xd9cv7e4,qwen3-drpo-verl-tp2-natural500-20260930-epochfix500,288,200-300,163.0227217078209,92.99704601243138,2.1340325474739075e-05,0.006855538114905357,66.65483448281884,3.300009150058031,,,4889.095703125,13.0,8192.0,,0.2109375,162.95876652374864,0.06395518407225609,2503217.0,15355.019065909204,26917.166806194924
VERL,xd9cv7e4,qwen3-drpo-verl-tp2-natural500-20260930-epochfix500,289,200-300,141.25741015933454,81.43836803548038,2.0947307348251343e-05,0.007143121212720871,56.57324550487101,3.1754699628800154,,,4238.6171875,718.0,8192.0,,0.140625,141.19424757175148,0.06316258758306503,2170172.0,15363.243581714436,26648.02908445461
VERL,xd9cv7e4,qwen3-drpo-verl-tp2-natural500-20260930-epochfix500,290,200-300,133.4304788298905,76.1104128304869,2.316012978553772e-05,0.00692305713891983,53.82079076208174,3.4262277968227863,,,3940.041015625,688.0,8192.0,,0.095703125,133.36437760666013,0.06610122323036194,2017301.0,15118.742117172807,26504.927840727032
VERL,xd9cv7e4,qwen3-drpo-verl-tp2-natural500-20260930-epochfix500,291,200-300,138.55386507324874,79.2662231232971,2.1988525986671448e-05,0.006842639297246933,55.80792333371937,3.4057987201958895,,,4120.576171875,416.0,8192.0,,0.11328125,138.4868098050356,0.06705526821315289,2109735.0,15226.821704935148,26615.81335493111
VERL,xd9cv7e4,qwen3-drpo-verl-tp2-natural500-20260930-epochfix500,292,200-300,133.87391359359026,76.11866111308336,2.1930783987045288e-05,0.00697394460439682,54.58646532893181,3.0978500805795193,,,4049.1640625,297.0,8192.0,,0.123046875,133.80997239798307,0.06394119560718536,2073172.0,15486.004288286238,27236.054466592042
VERL,xd9cv7e4,qwen3-drpo-verl-tp2-natural500-20260930-epochfix500,293,200-300,140.54338051564991,80.21994853764772,2.1049752831459045e-05,0.010879507288336754,57.12311459891498,3.126325987279415,,,4218.703125,821.0,8192.0,,0.123046875,140.4802896808833,0.06309083476662636,2159976.0,15368.74943576215,26925.671723490446
VERL,xd9cv7e4,qwen3-drpo-verl-tp2-natural500-20260930-epochfix500,294,200-300,163.27687064558268,91.65910313278437,2.169981598854065e-05,0.006787177175283432,68.40526225417852,3.1428849678486586,,,5004.470703125,760.0,8192.0,,0.19140625,163.21405923180282,0.06281141377985477,2562289.0,15692.908553850464,27954.55020204674
VERL,xd9cv7e4,qwen3-drpo-verl-tp2-natural500-20260930-epochfix500,295,200-300,139.37624355219305,81.52293637767434,2.0349398255348206e-05,0.0068486277014017105,54.45959054492414,3.323278686031699,,,4076.806640625,448.0,8192.0,,0.09375,139.31267458572984,0.0635689664632082,2087325.0,14976.189247189368,25604.143971580856
VERL,xd9cv7e4,qwen3-drpo-verl-tp2-natural500-20260930-epochfix500,296,200-300,136.6205301452428,76.10272840783,2.0781531929969788e-05,0.006799487397074699,56.79510961100459,3.6516162883490324,,,4185.234375,516.0,8192.0,,0.12109375,136.55627457611263,0.06425556913018227,2142840.0,15684.611951965951,28157.203359604242
VERL,xd9cv7e4,qwen3-drpo-verl-tp2-natural500-20260930-epochfix500,297,200-300,146.58672466874123,84.00161426141858,2.14502215385437e-05,0.007183179259300232,59.28958332166076,3.22237740829587,,,4364.25390625,442.0,8192.0,,0.138671875,146.52077962085605,0.06594504788517952,2234498.0,15243.522256531418,26600.655471287664
VERL,xd9cv7e4,qwen3-drpo-verl-tp2-natural500-20260930-epochfix500,298,200-300,140.39386052824557,80.39693869650364,2.182088792324066e-05,0.006828637793660164,56.60495484620333,3.3213769886642694,,,4186.068359375,326.0,8192.0,,0.12890625,140.33012099005282,0.06373953819274902,2143267.0,15266.102035628546,26658.564800468055
VERL,xd9cv7e4,qwen3-drpo-verl-tp2-natural500-20260930-epochfix500,299,200-300,141.852643026039,80.46185190044343,2.2411346435546875e-05,0.006783889606595039,58.309913363307714,3.010361008346081,,,4309.234375,698.0,8192.0,,0.15625,141.78893257305026,0.06371045298874378,2206328.0,15553.66155281998,27420.795667615508
VERL,xd9cv7e4,qwen3-drpo-verl-tp2-natural500-20260930-epochfix500,300,200-300,134.08485044166446,76.03759527765214,2.3191794753074646e-05,0.006813036277890205,54.85763341188431,3.1192652881145477,,,4031.361328125,480.0,8192.0,,0.12890625,134.02133020572364,0.06352023594081402,2064057.0,15393.662991763546,27145.216684760642
VERL,xd9cv7e4,qwen3-drpo-verl-tp2-natural500-20260930-epochfix500,301,300-400,142.24602657929063,80.73246609047055,2.214871346950531e-05,0.006791247054934502,58.18850209377706,3.2543773241341114,,,4269.76953125,535.0,8192.0,,0.13671875,142.18215890415013,0.06386767514050007,2186122.0,15368.598002851168,27078.59806425564
VERL,xd9cv7e4,qwen3-drpo-verl-tp2-natural500-20260930-epochfix500,302,300-400,146.85247765481472,83.45506074093282,2.1129846572875977e-05,0.006858818233013153,60.09330062009394,3.2336733285337687,,,4394.109375,696.0,8192.0,,0.154296875,146.78891463764012,0.06356301717460155,2249784.0,15320.027526455822,26958.02962727378
VERL,xd9cv7e4,qwen3-drpo-verl-tp2-natural500-20260930-epochfix500,303,300-400,137.32424942031503,76.91390175744891,2.15284526348114e-05,0.0067920200526714325,56.969530660659075,3.370801655575633,,,4241.25390625,605.0,8192.0,,0.12109375,137.26104762218893,0.0632017981261015,2171522.0,15813.099355478847,28233.153570182698
VERL,xd9cv7e4,qwen3-drpo-verl-tp2-natural500-20260930-epochfix500,304,300-400,144.84941242821515,81.78153857216239,1.9866973161697388e-05,0.006906835362315178,59.348592307418585,3.6485366076231003,,,4382.529296875,545.0,8192.0,,0.13671875,144.78559418953955,0.06381823867559433,2243855.0,15490.94996234117,27437.182513019943
VERL,xd9cv7e4,qwen3-drpo-verl-tp2-natural500-20260930-epochfix500,305,300-400,157.5318230111152,90.53899109177291,2.261810004711151e-05,0.0068063680082559586,63.77043386735022,3.151949841529131,,,4684.755859375,676.0,8192.0,,0.2109375,157.46820378676057,0.06361922435462475,2398595.0,15226.098156883254,26492.398148867327
VERL,xd9cv7e4,qwen3-drpo-verl-tp2-natural500-20260930-epochfix500,306,300-400,146.54957885667682,81.06160712987185,2.064742147922516e-05,0.006951136514544487,61.764167446643114,3.650004271417856,,,4507.333984375,125.0,8192.0,,0.158203125,146.48275063186884,0.06682822480797768,2307755.0,15747.264632244,28469.149350846932
VERL,xd9cv7e4,qwen3-drpo-verl-tp2-natural500-20260930-epochfix500,307,300-400,137.8235549312085,81.33715449646115,2.182088792324066e-05,0.007301798090338707,53.01338164694607,3.4020599238574505,,,3939.728515625,465.0,8192.0,,0.11328125,137.75991968624294,0.06363524496555328,2017141.0,14635.676760817918,24799.748804683873
VERL,xd9cv7e4,qwen3-drpo-verl-tp2-natural500-20260930-epochfix500,308,300-400,154.74146827682853,88.56907853484154,2.167932689189911e-05,0.006738319993019104,62.923921732231975,3.178742093965411,,,4606.779296875,714.0,8192.0,,0.197265625,154.67850236035883,0.06296591646969318,2358671.0,15242.656194656225,26630.86303954421
VERL,xd9cv7e4,qwen3-drpo-verl-tp2-natural500-20260930-epochfix500,309,300-400,168.62289909087121,95.1004199590534,2.263300120830536e-05,0.006791086867451668,70.22155038453639,3.229925574734807,,,5085.361328125,667.0,8192.0,,0.22265625,168.55870963819325,0.06418945267796516,2603705.0,15440.99297330227,27378.480569497544
VERL,xd9cv7e4,qwen3-drpo-verl-tp2-natural500-20260930-epochfix500,310,300-400,159.0803046170622,91.46920978464186,2.099759876728058e-05,0.0068174973130226135,64.37692800350487,3.163785457611084,,,4736.68359375,615.0,8192.0,,0.201171875,159.0167617406696,0.06354287639260292,2425182.0,15245.01732529299,26513.643287286824
VERL,xd9cv7e4,qwen3-drpo-verl-tp2-natural500-20260930-epochfix500,311,300-400,162.4946828763932,92.63123916275799,2.1999701857566833e-05,0.006758728995919228,66.53686112351716,3.2563131246715784,,,4855.021484375,386.0,8192.0,,0.220703125,162.4311941396445,0.06348873674869537,2485771.0,15297.552855257925,26835.12627562251
VERL,xd9cv7e4,qwen3-drpo-verl-tp2-natural500-20260930-epochfix500,312,300-400,153.8146563693881,86.33748066797853,2.245791256427765e-05,0.007021494209766388,64.19687551632524,3.2097650468349457,,,4713.75390625,494.0,8192.0,,0.1640625,153.75116518326104,0.06349118612706661,2413442.0,15690.585390016959,27953.58378919105
VERL,xd9cv7e4,qwen3-drpo-verl-tp2-natural500-20260930-epochfix500,313,300-400,148.45247706957161,84.18526657484472,2.230703830718994e-05,0.006849177181720734,61.15141304768622,3.045090487226844,,,4487.740234375,612.0,8192.0,,0.1171875,148.3886415939778,0.06383547559380531,2297723.0,15477.83536763204,27293.64761180883
VERL,xd9cv7e4,qwen3-drpo-verl-tp2-natural500-20260930-epochfix500,314,300-400,149.7946331333369,84.34415913186967,2.1860003471374512e-05,0.0068634264171123505,62.15998140536249,3.220029966905713,,,4576.4296875,451.0,8192.0,,0.1640625,149.73105579055846,0.06357734277844429,2343132.0,15642.296062198067,27780.60773996905
VERL,xd9cv7e4,qwen3-drpo-verl-tp2-natural500-20260930-epochfix500,315,300-400,140.85156638547778,79.73925446346402,1.9999220967292786e-05,0.00693061389029026,57.56270793452859,3.479024963453412,,,4223.775390625,565.0,8192.0,,0.12109375,140.78793797455728,0.06362841092050076,2162573.0,15353.560173278753,27120.557052497603
VERL,xd9cv7e4,qwen3-drpo-verl-tp2-natural500-20260930-epochfix500,316,300-400,152.73501873388886,86.7120202947408,2.2079795598983765e-05,0.006857177242636681,62.68776835873723,3.2642732709646225,,,4634.587890625,768.0,8192.0,,0.150390625,152.67094118148088,0.06407755240797997,2372909.0,15536.116207471277,27365.39861410564
VERL,xd9cv7e4,qwen3-drpo-verl-tp2-natural500-20260930-epochfix500,317,300-400,145.87995290756226,81.22677263431251,2.22083181142807e-05,0.006962263956665993,61.31138448789716,3.2704824432730675,,,4498.40234375,570.0,8192.0,,0.1484375,145.81562403775752,0.06432886980473995,2303182.0,15788.200874039394,28354.96136685197
VERL,xd9cv7e4,qwen3-drpo-verl-tp2-natural500-20260930-epochfix500,318,300-400,154.9426152072847,86.55536068603396,2.400018274784088e-05,0.00701628252863884,64.75254377909005,3.563703214749694,,,4778.775390625,655.0,8192.0,,0.146484375,154.8786479625851,0.06396724469959736,2446733.0,15791.220489771144,28267.838994688515
VERL,xd9cv7e4,qwen3-drpo-verl-tp2-natural500-20260930-epochfix500,319,300-400,135.3364183548838,77.24871310219169,3.101862967014313e-05,0.006850335747003555,54.45572495087981,3.2333522606641054,,,4056.39453125,590.0,8192.0,,0.1015625,134.94467166811228,0.39174668677151203,2076874.0,15346.009782481091,26885.548206512132
VERL,xd9cv7e4,qwen3-drpo-verl-tp2-natural500-20260930-epochfix500,320,300-400,140.7786473929882,78.67010836862028,2.393871545791626e-05,0.006984742358326912,58.71933720074594,3.318400975316763,,,4351.7421875,611.0,8192.0,,0.10546875,140.71485522575676,0.06379216723144054,2228092.0,15826.91722971459,28321.96429118859
VERL,xd9cv7e4,qwen3-drpo-verl-tp2-natural500-20260930-epochfix500,321,300-400,137.26681564934552,77.94339313358068,2.1900981664657593e-05,0.0068398285657167435,55.97862698696554,3.273305207490921,,,4107.16796875,419.0,8192.0,,0.10546875,137.20218705758452,0.064628591760993,2102870.0,15319.580264554832,26979.45156680652
VERL,xd9cv7e4,qwen3-drpo-verl-tp2-natural500-20260930-epochfix500,322,300-400,155.10299112834036,87.62923022173345,2.1860003471374512e-05,0.006877487525343895,63.74427614174783,3.651413321495056,,,4621.34765625,529.0,8192.0,,0.1484375,155.03181903250515,0.07117209583520889,2366130.0,15255.21837320429,27001.606587354934
VERL,xd9cv7e4,qwen3-drpo-verl-tp2-natural500-20260930-epochfix500,323,300-400,160.06161476671696,92.06075606867671,2.1589919924736023e-05,0.006695859134197235,64.45766354165971,3.473414661362767,,,4741.37109375,591.0,8192.0,,0.2265625,159.9985517207533,0.06306304596364498,2427582.0,15166.546979662166,26369.34676257753
VERL,xd9cv7e4,qwen3-drpo-verl-tp2-natural500-20260930-epochfix500,324,300-400,143.68540133163333,81.0250635240227,2.1569430828094482e-05,0.006781518459320068,59.31644460186362,3.272447496652603,,,4372.77734375,367.0,8192.0,,0.14453125,143.62075871042907,0.06464262120425701,2238862.0,15581.694307500251,27631.721625694394
VERL,xd9cv7e4,qwen3-drpo-verl-tp2-natural500-20260930-epochfix500,325,300-400,156.35141376405954,90.11488669551909,2.0431354641914368e-05,0.006818879395723343,62.65902524627745,3.4809143133461475,,,4611.482421875,512.0,8192.0,,0.205078125,156.26166556589305,0.0897481981664896,2361079.0,15101.104257125307,26200.76534055503
VERL,xd9cv7e4,qwen3-drpo-verl-tp2-natural500-20260930-epochfix500,326,300-400,140.4206424728036,79.55432651378214,2.1608546376228333e-05,0.007293667644262314,57.18032347410917,3.6128413267433643,,,4183.89453125,639.0,8192.0,,0.15234375,140.35480659082532,0.06583588197827339,2142154.0,15255.264199598634,26926.932749897507
VERL,xd9cv7e4,qwen3-drpo-verl-tp2-natural500-20260930-epochfix500,327,300-400,142.26794128119946,81.79911583662033,2.547912299633026e-05,0.006917888298630714,57.085666412487626,3.3128074295818806,,,4214.80859375,304.0,8192.0,,0.150390625,142.20453304611146,0.06340823508799076,2157982.0,15168.434860069032,26381.48319732695
VERL,xd9cv7e4,qwen3-drpo-verl-tp2-natural500-20260930-epochfix500,328,300-400,161.17428390868008,92.04208349436522,0.004675224423408508,0.006821207702159882,65.7722070608288,3.2854367326945066,,,4804.23828125,483.0,8192.0,,0.1796875,161.1112237200141,0.06306018866598606,2459770.0,15261.553768674932,26724.40590885349
VERL,xd9cv7e4,qwen3-drpo-verl-tp2-natural500-20260930-epochfix500,329,300-400,164.64929516240954,92.39903261885047,2.1459534764289856e-05,0.006777169182896614,68.92194452509284,3.258142551407218,,,5052.45703125,782.0,8192.0,,0.21484375,164.5859183240682,0.06337683834135532,2586858.0,15711.321432917957,27996.591811419585
VERL,xd9cv7e4,qwen3-drpo-verl-tp2-natural500-20260930-epochfix500,330,300-400,137.7208357360214,77.64506145194173,2.1399930119514465e-05,0.006732059642672539,56.894705068320036,3.1039136461913586,,,4235.419921875,648.0,8192.0,,0.10546875,137.65043362602592,0.07040210999548435,2168535.0,15745.874532424228,27928.820706030492
VERL,xd9cv7e4,qwen3-drpo-verl-tp2-natural500-20260930-epochfix500,331,300-400,145.47804081439972,81.77919582650065,1.8868595361709595e-05,0.006839526817202568,60.43164241313934,3.196409583091736,,,4426.5078125,592.0,8192.0,,0.123046875,145.4141062181443,0.06393459625542164,2266372.0,15578.791048550262,27713.307487251903
VERL,xd9cv7e4,qwen3-drpo-verl-tp2-natural500-20260930-epochfix500,332,300-400,144.50338827073574,82.92777025699615,2.2660940885543823e-05,0.00707160122692585,58.157122537493706,3.3475808780640364,,,4281.498046875,336.0,8192.0,,0.12890625,144.4395679347217,0.06382033601403236,2192127.0,15170.073354217266,26434.17269277251
VERL,xd9cv7e4,qwen3-drpo-verl-tp2-natural500-20260930-epochfix500,333,300-400,149.61589701659977,83.99088787846267,2.311915159225464e-05,0.006909998133778572,62.39653458818793,3.158355316147208,,,4565.181640625,765.0,8192.0,,0.1328125,149.55271090008318,0.06318611651659012,2337373.0,15622.490969262913,27828.887859624112
VERL,xd9cv7e4,qwen3-drpo-verl-tp2-natural500-20260930-epochfix500,334,300-400,150.11991941183805,84.68259830772877,2.3830682039260864e-05,0.006879596039652824,62.26990084908903,3.0970441345125437,,,4585.220703125,520.0,8192.0,,0.142578125,150.05644671805203,0.06347269378602505,2347633.0,15638.384360968901,27722.732260398032
VERL,xd9cv7e4,qwen3-drpo-verl-tp2-natural500-20260930-epochfix500,335,300-400,125.30815739184618,71.68215346895158,2.3460015654563904e-05,0.00687628798186779,49.801607351750135,3.7534803096204996,,,3758.646484375,489.0,8192.0,,0.044921875,125.24414087831974,0.06401651352643967,1924427.0,15357.555645656814,26846.66833891293
VERL,xd9cv7e4,qwen3-drpo-verl-tp2-natural500-20260930-epochfix500,336,300-400,141.98743019253016,79.74103352054954,2.282857894897461e-05,0.006920015439391136,58.88983120769262,3.285585043951869,,,4349.681640625,612.0,8192.0,,0.1328125,141.92339261621237,0.06403757631778717,2227037.0,15684.747565190899,27928.368892109793
VERL,xd9cv7e4,qwen3-drpo-verl-tp2-natural500-20260930-epochfix500,337,300-400,134.19944502227008,77.20332165807486,2.2199004888534546e-05,0.3235605712980032,53.454508531838655,3.1543745566159487,,,4000.28125,523.0,8192.0,,0.107421875,134.13578751683235,0.06365750543773174,2048144.0,15261.940909369001,26529.221230545078
VERL,xd9cv7e4,qwen3-drpo-verl-tp2-natural500-20260930-epochfix500,338,300-400,144.12654689140618,82.39599134773016,2.2610649466514587e-05,0.006897175684571266,57.97574589215219,3.682045951485634,,,4321.134765625,463.0,8192.0,,0.095703125,144.06070297770202,0.06584391370415688,2212421.0,15350.544696439403,26851.075687202683
VERL,xd9cv7e4,qwen3-drpo-verl-tp2-natural500-20260930-epochfix500,339,300-400,128.81366572715342,72.95460109598935,2.025999128818512e-05,0.007019113749265671,52.474676337093115,3.3131273612380028,,,3896.158203125,818.0,8192.0,,0.080078125,128.74944416806102,0.06422155909240246,1994833.0,15486.190760422533,27343.48444144485
VERL,xd9cv7e4,qwen3-drpo-verl-tp2-natural500-20260930-epochfix500,340,300-400,118.13313236646354,66.7566578257829,2.1638348698616028e-05,0.006872706115245819,47.962305780500174,3.343675710260868,,,3586.44140625,321.0,8192.0,,0.060546875,118.06953366100788,0.06359870545566082,1836258.0,15543.97113845844,27506.739549366663
VERL,xd9cv7e4,qwen3-drpo-verl-tp2-natural500-20260930-epochfix500,341,300-400,136.73942364938557,76.6133794002235,2.2100284695625305e-05,0.006860218942165375,56.836578231304884,3.219247419387102,,,4246.865234375,628.0,8192.0,,0.0546875,136.67608737014234,0.06333627924323082,2174395.0,15901.741735985228,28381.400442357422
VERL,xd9cv7e4,qwen3-drpo-verl-tp2-natural500-20260930-epochfix500,342,300-400,124.27026546560228,72.07521006651223,2.1327286958694458e-05,0.006852755323052406,48.61651316843927,3.5077244359999895,,,3602.318359375,466.0,8192.0,,0.068359375,124.2063217535615,0.06394371204078197,1844387.0,14841.74024324847,25589.755455418977
VERL,xd9cv7e4,qwen3-drpo-verl-tp2-natural500-20260930-epochfix500,343,300-400,134.7005514651537,77.0675620213151,2.2936612367630005e-05,0.006857564672827721,54.466827761381865,3.094733703881502,,,4105.4140625,623.0,8192.0,,0.078125,134.63600398786366,0.0645474772900343,2101972.0,15604.776499699548,27274.406311421182
VERL,xd9cv7e4,qwen3-drpo-verl-tp2-natural500-20260930-epochfix500,344,300-400,126.0282314941287,71.47766077890992,2.0908191800117493e-05,0.006861597299575806,50.862322982400656,3.617277445271611,,,3728.71484375,538.0,8192.0,,0.08203125,125.96414371207356,0.06408778205513954,1909102.0,15148.209074797178,26709.072165989186
VERL,xd9cv7e4,qwen3-drpo-verl-tp2-natural500-20260930-epochfix500,345,300-400,125.97466829046607,71.81087095662951,2.0660459995269775e-05,0.006802048534154892,50.941911632195115,3.151351112872362,,,3768.30078125,533.0,8192.0,,0.076171875,125.91095641069114,0.06371187977492809,1929370.0,15315.539434891429,26867.38058316061
VERL,xd9cv7e4,qwen3-drpo-verl-tp2-natural500-20260930-epochfix500,346,300-400,136.2309611737728,79.68527532368898,2.1940097212791443e-05,0.006793975830078125,53.31282394193113,3.162298420444131,,,3974.240234375,494.0,8192.0,,0.068359375,136.16721360199153,0.06374757178127766,2034811.0,14936.479802153388,25535.59602742676
VERL,xd9cv7e4,qwen3-drpo-verl-tp2-natural500-20260930-epochfix500,347,300-400,120.08281750418246,68.25653112120926,2.0381063222885132e-05,0.0069038961082696915,48.77532509341836,2.980512350797653,,,3649.216796875,552.0,8192.0,,0.0625,120.01929284259677,0.06352466158568859,1868399.0,15559.253512143185,27373.190071469
VERL,xd9cv7e4,qwen3-drpo-verl-tp2-natural500-20260930-epochfix500,348,300-400,123.65017918869853,68.44598256796598,2.2759661078453064e-05,0.006835775449872017,51.99445194751024,3.1394763607531786,,,3911.880859375,437.0,8192.0,,0.05078125,123.58676941134036,0.06340977735817432,2002883.0,16197.97895273136,29262.243375806065
VERL,xd9cv7e4,qwen3-drpo-verl-tp2-natural500-20260930-epochfix500,349,300-400,131.2371975015849,75.57882501743734,2.7449801564216614e-05,0.006777388975024223,52.42179107479751,3.1658975649625063,,,3897.826171875,324.0,8192.0,,0.087890625,131.17331849597394,0.06387900561094284,1995687.0,15206.717592212368,26405.372133524972
VERL,xd9cv7e4,qwen3-drpo-verl-tp2-natural500-20260930-epochfix500,350,300-400,122.96745646186173,71.69522467069328,2.1960586309432983e-05,0.006752369925379753,47.661376187577844,3.537809908390045,,,3536.083984375,225.0,8192.0,,0.078125,122.90118509717286,0.06627136468887329,1810475.0,14723.20443223543,25252.379197021535
VERL,xd9cv7e4,qwen3-drpo-verl-tp2-natural500-20260930-epochfix500,351,300-400,126.42688669636846,72.56125587411225,2.0232051610946655e-05,0.00678669847548008,50.42146805673838,3.3741450868546963,,,3722.2578125,479.0,8192.0,,0.0859375,126.36367594823241,0.06321074813604355,1905796.0,15074.293528852222,26264.650150300564
VERL,xd9cv7e4,qwen3-drpo-verl-tp2-natural500-20260930-epochfix500,352,300-400,125.84619005210698,72.26122492365539,2.211146056652069e-05,0.006787579506635666,50.06552058085799,3.4489798564463854,,,3713.560546875,526.0,8192.0,,0.072265625,125.78253505192697,0.06365500018000603,1901343.0,15108.466924685948,26312.078185898252
VERL,xd9cv7e4,qwen3-drpo-verl-tp2-natural500-20260930-epochfix500,353,300-400,140.6550256870687,79.10584168322384,2.103857696056366e-05,0.0068113673478364944,57.75576322898269,3.7229262311011553,,,4233.501953125,440.0,8192.0,,0.15234375,140.59136354923248,0.06366213783621788,2167553.0,15410.419851064566,27400.669203165533
VERL,xd9cv7e4,qwen3-drpo-verl-tp2-natural500-20260930-epochfix500,354,300-400,147.40483309328556,84.355687180534,2.208910882472992e-05,0.006784601137042046,59.63801662810147,3.3412166070193052,,,4373.447265625,351.0,8192.0,,0.16015625,147.34172710590065,0.06310598738491535,2239205.0,15190.851975544878,26544.801836629707
VERL,xd9cv7e4,qwen3-drpo-verl-tp2-natural500-20260930-epochfix500,355,300-400,128.45120150782168,73.63839597254992,2.3288652300834656e-05,0.006782609969377518,51.24247246235609,3.497506348416209,,,3830.740234375,503.0,8192.0,,0.08984375,128.3851806819439,0.06602082587778568,1961339.0,15269.13704953215,26634.73279253836
VERL,xd9cv7e4,qwen3-drpo-verl-tp2-natural500-20260930-epochfix500,356,300-400,148.63031026721,86.64458378218114,2.292916178703308e-05,0.0068281181156635284,58.83130828663707,3.08419044688344,,,4322.0234375,327.0,8192.0,,0.173828125,148.5669335629791,0.06337670423090458,2212876.0,14888.457112291937,25539.692193144198
VERL,xd9cv7e4,qwen3-drpo-verl-tp2-natural500-20260930-epochfix500,357,300-400,155.202082907781,88.52557276375592,2.11372971534729e-05,0.007002422586083412,63.14770911447704,3.458692893385887,,,4629.607421875,448.0,8192.0,,0.197265625,155.13899833150208,0.06308457627892494,2370359.0,15272.72672885734,26775.98038620622
VERL,xd9cv7e4,qwen3-drpo-verl-tp2-natural500-20260930-epochfix500,358,300-400,156.39097275584936,89.03961372002959,2.257898449897766e-05,0.00683237798511982,63.80187202244997,3.478753499686718,,,4658.646484375,391.0,8192.0,,0.169921875,156.3270941991359,0.06387855671346188,2385227.0,15251.692332163637,26788.379917055274
VERL,xd9cv7e4,qwen3-drpo-verl-tp2-natural500-20260930-epochfix500,359,300-400,149.22774226032197,86.68123935349286,2.1478161215782166e-05,0.006863445043563843,59.203137623146176,3.2733605429530144,,,4357.07421875,579.0,8192.0,,0.158203125,149.16462244279683,0.06311981752514839,2230822.0,14949.110441598841,25735.926443120337
VERL,xd9cv7e4,qwen3-drpo-verl-tp2-natural500-20260930-epochfix500,360,300-400,148.39822498336434,86.05400625802577,2.1638348698616028e-05,0.006913676857948303,58.87749842554331,3.3897103630006313,,,4349.265625,680.0,8192.0,,0.1328125,148.32815036177635,0.07007462158799171,2226824.0,15005.732044636183,25877.05206104006
VERL,xd9cv7e4,qwen3-drpo-verl-tp2-natural500-20260930-epochfix500,361,300-400,138.52109847217798,79.51514126360416,2.060830593109131e-05,0.011716250330209732,55.743899900466204,3.186875309795141,,,4137.078125,506.0,8192.0,,0.13671875,138.45765333250165,0.06344513967633247,2118184.0,15291.417866033153,26638.750385639316
VERL,xd9cv7e4,qwen3-drpo-verl-tp2-natural500-20260930-epochfix500,362,300-400,136.38878173939884,77.70110938511789,2.1599233150482178e-05,0.006677379831671715,55.35266502387822,3.264592919498682,,,4088.431640625,510.0,8192.0,,0.111328125,136.3250663075596,0.06371543183922768,2093277.0,15347.867862033347,26940.11728487529
VERL,xd9cv7e4,qwen3-drpo-verl-tp2-natural500-20260930-epochfix500,363,300-400,140.49167753569782,81.34127583540976,2.1519139409065247e-05,0.006943793967366219,55.73038507066667,3.348114848136902,,,4127.369140625,444.0,8192.0,,0.13671875,140.4267410673201,0.06493646837770939,2113213.0,15041.552902399144,25979.59004572275
VERL,xd9cv7e4,qwen3-drpo-verl-tp2-natural500-20260930-epochfix500,364,300-400,134.42688310332596,80.09305495209992,2.0859763026237488e-05,0.006861388683319092,51.00177521444857,3.2616363633424044,,,3763.4296875,420.0,8192.0,,0.111328125,134.36334877833724,0.0635343249887228,1926876.0,14334.007867451073,24057.966088974612
VERL,xd9cv7e4,qwen3-drpo-verl-tp2-natural500-20260930-epochfix500,365,300-400,146.95028364099562,84.95251156389713,2.1219253540039062e-05,0.006839601323008537,58.516913417726755,3.4107253160327673,,,4325.689453125,441.0,8192.0,,0.169921875,146.8870111182332,0.0632725227624178,2214753.0,15071.44419952747,26070.482899545248
VERL,xd9cv7e4,qwen3-drpo-verl-tp2-natural500-20260930-epochfix500,366,300-400,134.77317843213677,78.2706199400127,2.185814082622528e-05,0.006815796718001366,52.6805662419647,3.7448668498545885,,,3904.248046875,578.0,8192.0,,0.13671875,134.7028906866908,0.07028774544596672,1998975.0,14832.142591387774,25539.276442834263
VERL,xd9cv7e4,qwen3-drpo-verl-tp2-natural500-20260930-epochfix500,367,300-400,146.01475105434656,83.92155875079334,2.1381303668022156e-05,0.006806841120123863,58.89543147943914,3.12612378410995,,,4348.515625,350.0,8192.0,,0.123046875,145.94994223676622,0.06480881758034229,2226440.0,15248.048460332073,26530.012468088873
VERL,xd9cv7e4,qwen3-drpo-verl-tp2-natural500-20260930-epochfix500,368,300-400,135.4478518012911,77.46629497595131,2.289004623889923e-05,0.0068321749567985535,54.6992563996464,3.2117716670036316,,,4052.03125,611.0,8192.0,,0.12890625,135.38417810760438,0.06367369368672371,2074640.0,15316.89113123479,26781.195623774864
VERL,xd9cv7e4,qwen3-drpo-verl-tp2-natural500-20260930-epochfix500,369,300-400,132.56238619610667,75.53585160337389,2.053007483482361e-05,0.006789360195398331,53.71821510605514,3.2368686348199844,,,4016.294921875,104.0,8192.0,,0.10546875,132.49774523451924,0.06464096158742905,2056343.0,15512.266028147238,27223.403938006988
VERL,xd9cv7e4,qwen3-drpo-verl-tp2-natural500-20260930-epochfix500,370,300-400,112.9041788354516,65.03182725049555,2.0598992705345154e-05,0.006850527599453926,44.651478411629796,3.150532629340887,,,3312.93359375,370.0,8192.0,,0.072265625,112.8407094180584,0.06346941739320755,1696222.0,15023.553755898634,26082.951559493118
VERL,xd9cv7e4,qwen3-drpo-verl-tp2-natural500-20260930-epochfix500,371,300-400,120.15394107811153,69.01570987701416,2.156756818294525e-05,0.34149538166821003,47.331063663586974,3.4013581350445747,,,3483.21484375,392.0,8192.0,,0.080078125,120.0896486248821,0.06429245322942734,1783406.0,14842.675853974826,25840.58040086852
VERL,xd9cv7e4,qwen3-drpo-verl-tp2-natural500-20260930-epochfix500,372,300-400,124.8411768861115,71.01227349601686,2.0440667867660522e-05,0.006865987554192543,49.773989794775844,3.983969673514366,,,3703.03515625,630.0,8192.0,,0.09765625,124.77711939252913,0.0640574935823679,1895954.0,15186.92828192109,26698.962118236443
VERL,xd9cv7e4,qwen3-drpo-verl-tp2-natural500-20260930-epochfix500,373,300-400,134.7026173323393,78.66468026302755,2.251937985420227e-05,0.006874527782201767,52.628524424508214,3.3392526395618916,,,3886.541015625,688.0,8192.0,,0.134765625,134.6393543742597,0.06326295807957649,1989909.0,14772.608278950378,25296.092138764576
VERL,xd9cv7e4,qwen3-drpo-verl-tp2-natural500-20260930-epochfix500,374,300-400,133.5977163966745,76.4488437641412,1.8658116459846497e-05,0.006854267790913582,53.64067154750228,3.4379440639168024,,,3986.056640625,612.0,8192.0,,0.10546875,133.53433230146766,0.06338409520685673,2040861.0,15276.166801686444,26695.773271554415
VERL,xd9cv7e4,qwen3-drpo-verl-tp2-natural500-20260930-epochfix500,375,300-400,121.72445534914732,68.71600093506277,2.1770596504211426e-05,0.0068412479013204575,49.79206212051213,3.1453811693936586,,,3694.53515625,402.0,8192.0,,0.099609375,121.66030724346638,0.06414810568094254,1891602.0,15540.032564321107,27527.824295066017
VERL,xd9cv7e4,qwen3-drpo-verl-tp2-natural500-20260930-epochfix500,376,300-400,127.74921784736216,72.73166426457465,2.0897015929222107e-05,0.00683571957051754,51.842463321983814,3.1042999252676964,,,3805.06640625,510.0,8192.0,,0.09765625,127.6852841284126,0.06393371894955635,1948194.0,15250.144250023895,26786.050060852318
VERL,xd9cv7e4,qwen3-drpo-verl-tp2-natural500-20260930-epochfix500,377,300-400,127.50905968993902,74.42967959679663,2.03009694814682e-05,0.006754931062459946,49.4415578097105,3.5673817098140717,,,3646.783203125,421.0,8192.0,,0.09375,127.44539434835315,0.06366534158587456,1867153.0,14643.296755072266,25086.13512935719
VERL,xd9cv7e4,qwen3-drpo-verl-tp2-natural500-20260930-epochfix500,378,300-400,123.3709222972393,71.34163443930447,2.0870938897132874e-05,0.006781591102480888,48.61467882618308,3.3415518160909414,,,3613.271484375,688.0,8192.0,,0.06640625,123.30466754361987,0.06625475361943245,1849995.0,14995.389233962123,25931.491681395742
VERL,xd9cv7e4,qwen3-drpo-verl-tp2-natural500-20260930-epochfix500,379,300-400,117.3553866315633,66.2663105186075,1.928769052028656e-05,0.006749346852302551,47.527035096660256,3.4919690918177366,,,3456.154296875,360.0,8192.0,,0.087890625,117.29208334162831,0.06330328993499279,1769551.0,15078.56648758269,26703.629433286653
VERL,xd9cv7e4,qwen3-drpo-verl-tp2-natural500-20260930-epochfix500,380,300-400,125.33168904855847,72.31488434411585,1.961924135684967e-05,0.006826939061284065,49.780355563387275,3.165017433464527,,,3654.07421875,311.0,8192.0,,0.095703125,125.2671038992703,0.06458514928817749,1870886.0,14927.477752854224,25871.382039377222
VERL,xd9cv7e4,qwen3-drpo-verl-tp2-natural500-20260930-epochfix500,381,300-400,139.2704453766346,79.99712193198502,2.1027401089668274e-05,0.006758168339729309,55.9448913205415,3.2577908486127853,,,4175.712890625,622.0,8192.0,,0.09765625,139.20658329688013,0.06386207975447178,2137965.0,15351.175148598228,26725.523973446645
VERL,xd9cv7e4,qwen3-drpo-verl-tp2-natural500-20260930-epochfix500,382,300-400,125.45879522897303,72.23399234190583,2.080760896205902e-05,0.006740480661392212,49.95714111812413,3.1925383526831865,,,3715.310546875,503.0,8192.0,,0.072265625,125.3904331009835,0.06836212798953056,1902239.0,15162.26101588375,26334.402105259727
VERL,xd9cv7e4,qwen3-drpo-verl-tp2-natural500-20260930-epochfix500,383,300-400,99.8760635163635,55.81679996103048,2.0798295736312866e-05,0.006801767274737358,40.674113150686026,3.31450467184186,,,3050.69140625,308.0,8192.0,,0.02734375,99.81224034912884,0.0638231672346592,1561954.0,15638.92233041496,27983.58202352171
VERL,xd9cv7e4,qwen3-drpo-verl-tp2-natural500-20260930-epochfix500,384,300-400,119.8719439972192,68.47872122563422,2.0761042833328247e-05,0.0068065691739320755,47.9164745490998,3.406111214309931,,,3541.52734375,411.0,8192.0,,0.0703125,119.80813431926072,0.06380967795848846,1813262.0,15126.658828875456,26479.20357661741
VERL,xd9cv7e4,qwen3-drpo-verl-tp2-natural500-20260930-epochfix500,385,300-400,121.45003211684525,72.18227368593216,2.175942063331604e-05,0.006844356656074524,45.86932357773185,3.3262734916061163,,,3354.701171875,202.0,8192.0,,0.052734375,121.38473687134683,0.06529524549841881,1717607.0,14142.499347777168,23795.41281109229
VERL,xd9cv7e4,qwen3-drpo-verl-tp2-natural500-20260930-epochfix500,386,300-400,107.97782489098608,60.97080060467124,1.9701197743415833e-05,0.00688924640417099,43.551342867314816,3.385171690955758,,,3201.609375,490.0,8192.0,,0.0625,107.91422411054373,0.06360078044235706,1639224.0,15181.11706412824,26885.394053271
VERL,xd9cv7e4,qwen3-drpo-verl-tp2-natural500-20260930-epochfix500,387,300-400,115.13081166893244,66.52605403773487,2.1480023860931396e-05,0.0067480988800525665,45.36410797946155,3.1701483204960823,,,3365.6875,577.0,8192.0,,0.0546875,115.06707991659641,0.06373175233602524,1723232.0,14967.600549497445,25903.11457556989
VERL,xd9cv7e4,qwen3-drpo-verl-tp2-natural500-20260930-epochfix500,388,300-400,115.95463323034346,64.65616563893855,2.0928680896759033e-05,0.006771709769964218,48.19610842317343,3.031070923432708,,,3539.95703125,413.0,8192.0,,0.056640625,115.89013762399554,0.06449560634791851,1812458.0,15630.751005865877,28032.253105161944
VERL,xd9cv7e4,qwen3-drpo-verl-tp2-natural500-20260930-epochfix500,389,300-400,129.77346014790237,74.45871931500733,1.998990774154663e-05,0.00671439990401268,52.052985364571214,3.1917894203215837,,,3878.392578125,503.0,8192.0,,0.115234375,129.71022848971188,0.06323165819048882,1985737.0,15301.56472468918,26668.965277244166
VERL,xd9cv7e4,qwen3-drpo-verl-tp2-natural500-20260930-epochfix500,390,300-400,122.79050740227103,70.91548675298691,1.9120052456855774e-05,0.006793567910790443,48.41485184058547,3.3875879161059856,,,3586.623046875,516.0,8192.0,,0.09375,122.72473919764161,0.06576820462942123,1836351.0,14955.154423981445,25894.922027347635
VERL,xd9cv7e4,qwen3-drpo-verl-tp2-natural500-20260930-epochfix500,391,300-400,124.47160416841507,71.34519459120929,2.1940097212791443e-05,0.007265079766511917,49.968529960140586,3.064350614324212,,,3695.544921875,676.0,8192.0,,0.125,124.38536218553782,0.08624198287725449,1892119.0,15201.21004819611,26520.62287924764
VERL,xd9cv7e4,qwen3-drpo-verl-tp2-natural500-20260930-epochfix500,392,300-400,118.53323152661324,68.54566450789571,2.0429491996765137e-05,0.010297492146492004,46.8615393768996,3.0316387321799994,,,3451.63671875,584.0,8192.0,,0.1015625,118.4491605386138,0.08407098799943924,1767238.0,14909.219779460896,25781.907764515632
VERL,xd9cv7e4,qwen3-drpo-verl-tp2-natural500-20260930-epochfix500,393,300-400,144.02221226878464,81.39708782173693,2.2649765014648438e-05,0.006762158125638962,59.27949370071292,3.2753468193113804,,,4352.693359375,620.0,8192.0,,0.1640625,143.95871314965189,0.06349911913275719,2228579.0,15473.856184356237,27379.09991178901
VERL,xd9cv7e4,qwen3-drpo-verl-tp2-natural500-20260930-epochfix500,394,300-400,136.1723432801664,79.70981201902032,2.066977322101593e-05,0.006750000640749931,53.210687916725874,3.1779367569833994,,,3921.693359375,328.0,8192.0,,0.126953125,136.10520736314356,0.06713591702282429,2007907.0,14745.336326252773,25190.211206631302
VERL,xd9cv7e4,qwen3-drpo-verl-tp2-natural500-20260930-epochfix500,395,300-400,127.87677258998156,74.90534625947475,2.5019049644470215e-05,0.0068235695362091064,49.74078808538616,3.160145401954651,,,3680.0546875,540.0,8192.0,,0.109375,127.81312833540142,0.06364425458014011,1884188.0,14734.403768864087,25154.252587967574
VERL,xd9cv7e4,qwen3-drpo-verl-tp2-natural500-20260930-epochfix500,396,300-400,132.78187623620033,76.34310202859342,2.2258609533309937e-05,0.007004754617810249,53.052620347589254,3.313972445204854,,,3933.2734375,633.0,8192.0,,0.138671875,132.71672183461487,0.06515440158545971,2013836.0,15166.497545325148,26378.75520496588
VERL,xd9cv7e4,qwen3-drpo-verl-tp2-natural500-20260930-epochfix500,397,300-400,136.07970015518367,76.78664464689791,1.9647181034088135e-05,0.006767340004444122,55.97232754714787,3.2499728091061115,,,4145.515625,533.0,8192.0,,0.12890625,136.01573199033737,0.06396816484630108,2122504.0,15597.506443499815,27641.577643616267
VERL,xd9cv7e4,qwen3-drpo-verl-tp2-natural500-20260930-epochfix500,398,300-400,129.08175385557115,74.93745439872146,2.0617619156837463e-05,0.0069310665130615234,50.654743641614914,3.418160405009985,,,3753.814453125,512.0,8192.0,,0.103515625,129.01731012947857,0.06444372609257698,1921953.0,14889.42428029342,25647.428451116313
VERL,xd9cv7e4,qwen3-drpo-verl-tp2-natural500-20260930-epochfix500,399,300-400,142.25132944993675,82.37186354026198,1.7350539565086365e-05,0.006675843149423599,56.70617517083883,3.1031125094741583,,,4180.873046875,576.0,8192.0,,0.17578125,142.18784441426396,0.06348503567278385,2140607.0,15048.06322919713,25987.11390029081
VERL,xd9cv7e4,qwen3-drpo-verl-tp2-natural500-20260930-epochfix500,400,300-400,149.07181565277278,87.57557149976492,2.2972002625465393e-05,0.006782708689570427,58.18392110429704,3.2405618112534285,,,4302.640625,584.0,8192.0,,0.18359375,149.00686009600759,0.06495555676519871,2202952.0,14777.790089652164,25154.868672548866
VERL,xd9cv7e4,qwen3-drpo-verl-tp2-natural500-20260930-epochfix500,401,400-500,143.05748143605888,80.23354127071798,2.0289793610572815e-05,0.006802788004279137,59.619311613962054,3.1344239450991154,,,4378.859375,572.0,8192.0,,0.171875,142.99409990757704,0.06338152848184109,2241976.0,15671.85426091872,27943.126583872116
VERL,xd9cv7e4,qwen3-drpo-verl-tp2-natural500-20260930-epochfix500,402,400-500,166.25511060468853,93.5808386374265,2.090074121952057e-05,0.00678715854883194,69.36323254555464,3.2411420457065105,,,5003.0703125,453.0,8192.0,,0.2890625,166.1920212879777,0.06308931671082973,2561572.0,15407.478246432695,27372.82586154909
VERL,xd9cv7e4,qwen3-drpo-verl-tp2-natural500-20260930-epochfix500,403,400-500,169.2454574238509,96.13290228135884,2.2139400243759155e-05,0.00693032331764698,69.68665147200227,3.3522942401468754,,,5029.70703125,488.0,8192.0,,0.294921875,169.17880045622587,0.06665696762502193,2575210.0,15215.829359311885,26788.0188664538
VERL,xd9cv7e4,qwen3-drpo-verl-tp2-natural500-20260930-epochfix500,404,400-500,172.59606192074716,98.66872584447265,2.0988285541534424e-05,0.006771069020032883,68.8696846626699,4.987595323473215,,,5000.615234375,574.0,8192.0,,0.2578125,172.53279788792133,0.0632640328258276,2560315.0,14834.144948079105,25948.59696511858
VERL,xd9cv7e4,qwen3-drpo-verl-tp2-natural500-20260930-epochfix500,405,400-500,144.8079558070749,83.71133649721742,2.088025212287903e-05,0.006807146593928337,57.710287073627114,3.294344749301672,,,4229.123046875,511.0,8192.0,,0.17578125,144.72279634699225,0.08515946008265018,2165311.0,14952.98368057074,25866.40102290059
VERL,xd9cv7e4,qwen3-drpo-verl-tp2-natural500-20260930-epochfix500,406,400-500,176.3901756182313,102.32638600282371,2.0079314708709717e-05,0.006745031103491783,70.80322324298322,3.1893697399646044,,,5122.216796875,777.0,8192.0,,0.27734375,176.32574409618974,0.06443152204155922,2622575.0,14868.033272307352,25629.508697078676
VERL,xd9cv7e4,qwen3-drpo-verl-tp2-natural500-20260930-epochfix500,407,400-500,166.8608597330749,96.18230149149895,1.8578022718429565e-05,0.0068616680800914764,67.33753949962556,3.270871514454484,,,4948.533203125,755.0,8192.0,,0.263671875,166.7975927516818,0.06326698139309883,2533649.0,15184.20199951651,26342.154021173388
VERL,xd9cv7e4,qwen3-drpo-verl-tp2-natural500-20260930-epochfix500,408,400-500,143.17979644797742,82.2474423032254,2.0578503608703613e-05,0.0067882295697927475,57.75715350918472,3.103972241282463,,,4283.865234375,620.0,8192.0,,0.154296875,143.11537686176598,0.06441958621144295,2193339.0,15318.774397035284,26667.56483336852
VERL,xd9cv7e4,qwen3-drpo-verl-tp2-natural500-20260930-epochfix500,409,400-500,165.63960183225572,94.42196235246956,2.109818160533905e-05,0.006747787818312645,67.51403823681176,3.633436994627118,,,4886.666015625,360.0,8192.0,,0.26953125,165.57620646990836,0.06339536234736443,2501973.0,15104.920395388079,26497.78650712995
VERL,xd9cv7e4,qwen3-drpo-verl-tp2-natural500-20260930-epochfix500,410,400-500,159.61715022660792,92.20320414938033,1.9788742065429688e-05,0.006712568923830986,63.835622020065784,3.5084218345582485,,,4696.1328125,322.0,8192.0,,0.19921875,159.55398036167026,0.06316986493766308,2404420.0,15063.669515377596,26077.40177992675
VERL,xd9cv7e4,qwen3-drpo-verl-tp2-natural500-20260930-epochfix500,411,400-500,151.69447113014758,85.23700948059559,1.845136284828186e-05,0.006788408383727074,62.648772954940796,3.7388299610465765,,,4571.7265625,392.0,8192.0,,0.1875,151.63141925632954,0.0630518738180399,2340724.0,15430.516238075386,27461.357622276406
VERL,xd9cv7e4,qwen3-drpo-verl-tp2-natural500-20260930-epochfix500,412,400-500,132.52131219767034,76.00410219468176,2.687983214855194e-05,0.006830276921391487,53.21779227256775,3.2293659318238497,,,3972.8046875,604.0,8192.0,,0.126953125,132.4581175558269,0.06319464184343815,2034076.0,15349.048136242029,26762.713343942774
VERL,xd9cv7e4,qwen3-drpo-verl-tp2-natural500-20260930-epochfix500,413,400-500,128.89788175746799,73.85553991235793,2.068839967250824e-05,0.0068618375808000565,51.530972400680184,3.4401614628732204,,,3814.6484375,549.0,8192.0,,0.1171875,128.8335563018918,0.06432545557618141,1953100.0,15152.304858468653,26444.86794514918
VERL,xd9cv7e4,qwen3-drpo-verl-tp2-natural500-20260930-epochfix500,414,400-500,141.64892667904496,83.77624480985105,1.996755599975586e-05,0.006761079654097557,54.57354551181197,3.2292486373335123,,,4042.19921875,441.0,8192.0,,0.11328125,141.58582000620663,0.06310667283833027,2069606.0,14610.813145724811,24703.97192781121
VERL,xd9cv7e4,qwen3-drpo-verl-tp2-natural500-20260930-epochfix500,415,400-500,140.08640149608254,80.21547252498567,1.9749626517295837e-05,0.006731320172548294,56.60433216020465,3.196650581434369,,,4179.38671875,474.0,8192.0,,0.130859375,140.02320633642375,0.06319515965878963,2139846.0,15275.187149837951,26676.22508031074
VERL,xd9cv7e4,qwen3-drpo-verl-tp2-natural500-20260930-epochfix500,416,400-500,130.48845896683633,74.61903317458928,2.0779669284820557e-05,0.0068418849259614944,52.601342000067234,3.1974425930529833,,,3900.888671875,370.0,8192.0,,0.111328125,130.42468043230474,0.06377853453159332,1997255.0,15305.989631677716,26766.026240609935
VERL,xd9cv7e4,qwen3-drpo-verl-tp2-natural500-20260930-epochfix500,417,400-500,132.29447670280933,75.55524797551334,2.1647661924362183e-05,0.006768787279725075,53.34741394035518,3.3205352779477835,,,3972.34765625,617.0,8192.0,,0.095703125,132.22998762875795,0.06448907405138016,2033842.0,15373.597225596119,26918.606642111037
VERL,xd9cv7e4,qwen3-drpo-verl-tp2-natural500-20260930-epochfix500,418,400-500,142.15347351133823,82.0696632694453,2.1267682313919067e-05,0.00674683041870594,56.7275108192116,3.2857808619737625,,,4177.890625,726.0,8192.0,,0.1015625,142.08972304873168,0.06375046260654926,2139080.0,15047.680138673402,26064.19856966056
VERL,xd9cv7e4,qwen3-drpo-verl-tp2-natural500-20260930-epochfix500,419,400-500,136.15910799242556,76.25696715153754,0.0037868451327085495,0.006769677624106407,56.55154503695667,3.2763540651649237,,,4193.306640625,785.0,8192.0,,0.109375,136.09542277641594,0.06368521600961685,2146973.0,15768.118869575987,28154.450408885838
VERL,xd9cv7e4,qwen3-drpo-verl-tp2-natural500-20260930-epochfix500,420,400-500,135.32512583583593,75.6764011438936,2.259761095046997e-05,0.006805138662457466,56.33758556470275,3.2412801142781973,,,4165.44921875,665.0,8192.0,,0.103515625,135.26209455914795,0.0630312766879797,2132710.0,15759.896669796626,28181.969118018642
VERL,xd9cv7e4,qwen3-drpo-verl-tp2-natural500-20260930-epochfix500,421,400-500,132.29355768114328,76.06561682745814,2.1949410438537598e-05,0.00679369829595089,52.340343091636896,3.8172454740852118,,,3904.50390625,470.0,8192.0,,0.095703125,132.23002104088664,0.0635366402566433,1999106.0,15111.136438089354,26281.3355544678
VERL,xd9cv7e4,qwen3-drpo-verl-tp2-natural500-20260930-epochfix500,422,400-500,124.9086632002145,70.6142452917993,2.221018075942993e-05,0.006732327863574028,51.070437364280224,3.1539083123207092,,,3846.142578125,740.0,8192.0,,0.07421875,124.84534550644457,0.0633176937699318,1969225.0,15765.319630741338,27887.078476340997
VERL,xd9cv7e4,qwen3-drpo-verl-tp2-natural500-20260930-epochfix500,423,400-500,132.3154782038182,75.49777088314295,2.1651387214660645e-05,0.006795348599553108,53.2230878546834,3.5241375267505646,,,3999.560546875,417.0,8192.0,,0.08203125,132.25181326456368,0.06366493925452232,2047775.0,15476.4584446093,27123.648500425126
VERL,xd9cv7e4,qwen3-drpo-verl-tp2-natural500-20260930-epochfix500,424,400-500,129.29359607957304,74.1348271202296,2.2279098629951477e-05,0.006861167028546333,51.60163846798241,3.486596876755357,,,3834.16796875,646.0,8192.0,,0.076171875,129.22994591109455,0.06365016847848892,1963094.0,15183.226853647295,26480.05095926526
VERL,xd9cv7e4,qwen3-drpo-verl-tp2-natural500-20260930-epochfix500,425,400-500,123.02349570579827,68.6479664389044,2.0099803805351257e-05,0.0067845676094293594,51.014598248526454,3.2906549964100122,,,3825.794921875,713.0,8192.0,,0.076171875,122.9600243512541,0.06347135454416275,1958807.0,15922.218668573232,28534.086319123628
VERL,xd9cv7e4,qwen3-drpo-verl-tp2-natural500-20260930-epochfix500,426,400-500,114.05722955055535,64.76833456009626,2.055056393146515e-05,0.006855478510260582,45.45246266014874,3.7659016642719507,,,3395.41015625,536.0,8192.0,,0.044921875,113.99357491359115,0.06365463696420193,1738450.0,15241.909757499765,26841.04835808235
VERL,xd9cv7e4,qwen3-drpo-verl-tp2-natural500-20260930-epochfix500,427,400-500,116.9831294734031,65.50589186325669,2.2619962692260742e-05,0.006759928539395332,48.407955752685666,2.99792442843318,,,3638.71875,586.0,8192.0,,0.056640625,116.91855459287763,0.06457488052546978,1863024.0,15925.578400803264,28440.556215753168
VERL,xd9cv7e4,qwen3-drpo-verl-tp2-natural500-20260930-epochfix500,428,400-500,119.74257864058018,69.52267627231777,2.096034586429596e-05,0.0068415869027376175,47.153665052726865,2.9946129601448774,,,3511.830078125,485.0,8192.0,,0.080078125,119.67781683243811,0.064761808142066,1798057.0,15016.020369805592,25862.885268643528
VERL,xd9cv7e4,qwen3-drpo-verl-tp2-natural500-20260930-epochfix500,429,400-500,129.0687647163868,72.86035967245698,2.180039882659912e-05,0.006812768056988716,52.76881985925138,3.369210274890065,,,3955.7265625,629.0,8192.0,,0.0859375,129.00522437505424,0.06354034133255482,2025332.0,15691.883349549562,27797.4471867125
VERL,xd9cv7e4,qwen3-drpo-verl-tp2-natural500-20260930-epochfix500,430,400-500,144.52876256406307,81.3576578181237,2.057105302810669e-05,0.006809515878558159,59.574295587837696,3.5262953713536263,,,4381.416015625,688.0,8192.0,,0.134765625,144.4650788642466,0.06368369981646538,2243285.0,15521.374155581338,27573.1266135377
VERL,xd9cv7e4,qwen3-drpo-verl-tp2-natural500-20260930-epochfix500,431,400-500,145.63588649965823,82.37403257749975,2.256035804748535e-05,0.006814377382397652,60.15063412487507,3.0355816148221493,,,4428.76171875,678.0,8192.0,,0.138671875,145.5670852549374,0.06880124472081661,2267526.0,15569.830036399177,27527.194299570674
VERL,xd9cv7e4,qwen3-drpo-verl-tp2-natural500-20260930-epochfix500,432,400-500,137.73602351918817,77.72383124567568,2.0310282707214355e-05,0.0068579260259866714,56.67239131219685,3.2695163879543543,,,4202.82421875,553.0,8192.0,,0.1171875,137.67261718213558,0.0634063370525837,2151846.0,15622.971718072171,27685.794247561906
VERL,xd9cv7e4,qwen3-drpo-verl-tp2-natural500-20260930-epochfix500,433,400-500,132.40995682030916,74.55915202945471,2.10590660572052e-05,0.006834687665104866,54.55087109841406,3.2289629597216845,,,4000.240234375,668.0,8192.0,,0.1171875,132.34584183432162,0.06411498598754406,2048123.0,15468.04371199566,27469.773250517734
VERL,xd9cv7e4,qwen3-drpo-verl-tp2-natural500-20260930-epochfix500,434,400-500,127.70215338468552,72.39120080508292,2.174079418182373e-05,0.007331307977437973,51.4716491792351,3.7681950125843287,,,3841.490234375,605.0,8192.0,,0.087890625,127.63839804567397,0.06375533901154995,1966843.0,15401.799796399288,27169.641864289933
VERL,xd9cv7e4,qwen3-drpo-verl-tp2-natural500-20260930-epochfix500,435,400-500,143.8392027374357,83.45706570707262,2.099946141242981e-05,0.011098312214016914,57.250188160687685,3.0570710450410843,,,4228.6875,628.0,8192.0,,0.11328125,143.77544422447681,0.06375851295888424,2165088.0,15052.141271612545,25942.53682006122
VERL,xd9cv7e4,qwen3-drpo-verl-tp2-natural500-20260930-epochfix500,436,400-500,127.82766547240317,74.01629362255335,1.9451603293418884e-05,0.006870916113257408,50.03261176869273,3.70788649097085,,,3707.427734375,541.0,8192.0,,0.091796875,127.76368224993348,0.06398322246968746,1898203.0,14849.704036954385,25645.745106880124
VERL,xd9cv7e4,qwen3-drpo-verl-tp2-natural500-20260930-epochfix500,437,400-500,124.0426217764616,71.01859247498214,2.0870938897132874e-05,0.006774561479687691,49.92024326324463,3.033025812357664,,,3714.57421875,418.0,8192.0,,0.08984375,123.97865698300302,0.06396479345858097,1901862.0,15332.326685478833,26779.776023721854
VERL,xd9cv7e4,qwen3-drpo-verl-tp2-natural500-20260930-epochfix500,438,400-500,115.28527517057955,67.15134202875197,2.175755798816681e-05,0.0073258038610219955,44.85800166428089,3.204972194507718,,,3315.18359375,365.0,8192.0,,0.05859375,115.22166344895959,0.06361172161996365,1697374.0,14723.250627528229,25276.84404688801
VERL,xd9cv7e4,qwen3-drpo-verl-tp2-natural500-20260930-epochfix500,439,400-500,126.03245195187628,72.90491783618927,1.9669532775878906e-05,0.006777629256248474,49.92278602346778,3.134905282407999,,,3699.8984375,551.0,8192.0,,0.0859375,125.96940644085407,0.06304551102221012,1894348.0,15030.636718258327,25983.816403941746
VERL,xd9cv7e4,qwen3-drpo-verl-tp2-natural500-20260930-epochfix500,440,400-500,124.96343022584915,71.87874507345259,2.060830593109131e-05,0.006785247474908829,49.90057778917253,3.1115498654544353,,,3741.515625,619.0,8192.0,,0.080078125,124.8976785838604,0.06575164198875427,1915656.0,15329.732838941703,26651.21654589822
VERL,xd9cv7e4,qwen3-drpo-verl-tp2-natural500-20260930-epochfix500,441,400-500,138.3913848437369,79.90462395362556,2.0289793610572815e-05,0.006722439080476761,54.190666012465954,4.225678293034434,,,4053.353515625,682.0,8192.0,,0.1015625,138.32771098800004,0.06367385573685169,2075317.0,14995.998503399047,25972.426842337143
VERL,xd9cv7e4,qwen3-drpo-verl-tp2-natural500-20260930-epochfix500,442,400-500,147.05507002025843,85.42703960649669,1.995079219341278e-05,0.006756439805030823,58.4075269959867,3.1485454253852367,,,4336.8203125,700.0,8192.0,,0.142578125,146.98988841846585,0.06518160179257393,2220452.0,15099.458996511366,25992.379113546333
VERL,xd9cv7e4,qwen3-drpo-verl-tp2-natural500-20260930-epochfix500,443,400-500,128.7247646190226,75.21616186387837,2.0850449800491333e-05,0.0067994482815265656,50.050115844234824,3.388304576277733,,,3710.744140625,304.0,8192.0,,0.1015625,128.66140258312225,0.06336203590035439,1899901.0,14759.405508512677,25259.212287890005
VERL,xd9cv7e4,qwen3-drpo-verl-tp2-natural500-20260930-epochfix500,444,400-500,145.00388827361166,81.71627955511212,2.204999327659607e-05,0.00718320906162262,59.63910046778619,3.556187668815255,,,4428.474609375,642.0,8192.0,,0.138671875,144.91877295076847,0.08511532284319401,2267379.0,15636.677243589653,27746.96807471277
VERL,xd9cv7e4,qwen3-drpo-verl-tp2-natural500-20260930-epochfix500,445,400-500,137.33070649765432,77.44690822809935,2.1766871213912964e-05,0.006787190213799477,56.2394229080528,3.5739987827837467,,,4186.607421875,829.0,8192.0,,0.08984375,137.2671388760209,0.06356762163341045,2143543.0,15608.621368569256,27677.58002277847
VERL,xd9cv7e4,qwen3-drpo-verl-tp2-natural500-20260930-epochfix500,446,400-500,135.00279470533133,77.51290932670236,2.3869797587394714e-05,0.006817540153861046,54.17489035986364,3.2441599909216166,,,3995.22265625,62.0,8192.0,,0.14453125,134.93880108743906,0.06399361789226532,2045554.0,15151.938183685765,26389.849352426885
VERL,xd9cv7e4,qwen3-drpo-verl-tp2-natural500-20260930-epochfix500,447,400-500,155.2836015895009,93.48094043135643,2.1198764443397522e-05,0.0067944880574941635,58.06609441526234,3.6668016519397497,,,4285.21484375,496.0,8192.0,,0.150390625,155.22065218538046,0.06294940412044525,2194030.0,14129.180271075988,23470.345825319208
VERL,xd9cv7e4,qwen3-drpo-verl-tp2-natural500-20260930-epochfix500,448,400-500,166.41623718477786,95.5336083304137,2.148933708667755e-05,0.007208380848169327,67.50822198018432,3.3014751598238945,,,4953.9765625,789.0,8192.0,,0.21484375,166.35053534060717,0.06570184417068958,2536436.0,15241.517552062573,26550.19573035964
VERL,xd9cv7e4,qwen3-drpo-verl-tp2-natural500-20260930-epochfix500,449,400-500,151.00636341050267,84.50725778564811,2.034008502960205e-05,0.006797408685088158,63.12051108293235,3.3081498201936483,,,4664.294921875,858.0,8192.0,,0.162109375,150.94273643754423,0.06362697295844555,2388119.0,15814.691156478135,28259.336092261354
VERL,xd9cv7e4,qwen3-drpo-verl-tp2-natural500-20260930-epochfix500,450,400-500,153.41923097521067,87.05425630882382,2.1686777472496033e-05,0.015136413276195526,62.20162057131529,4.084992514923215,,,4581.912109375,580.0,8192.0,,0.201171875,153.356027495116,0.06320348009467125,2345939.0,15291.036104717892,26948.010349750304
VERL,xd9cv7e4,qwen3-drpo-verl-tp2-natural500-20260930-epochfix500,451,400-500,141.28642448410392,80.11265227943659,2.25994735956192e-05,0.006775237619876862,57.826178539544344,3.277784828096628,,,4267.55078125,532.0,8192.0,,0.150390625,141.22341348417103,0.06301099993288517,2184986.0,15464.939451743518,27273.919135502707
VERL,xd9cv7e4,qwen3-drpo-verl-tp2-natural500-20260930-epochfix500,452,400-500,143.85280251316726,81.6136167589575,2.0850449800491333e-05,0.006741940975189209,59.032698538154364,3.1366775780916214,,,4354.33984375,613.0,8192.0,,0.1484375,143.78975566662848,0.06304684653878212,2229422.0,15497.939289684222,27316.789630638563
VERL,xd9cv7e4,qwen3-drpo-verl-tp2-natural500-20260930-epochfix500,453,400-500,148.2182483226061,82.36284839361906,2.2098422050476074e-05,0.006831837818026543,62.46510663814843,3.3195035066455603,,,4535.251953125,599.0,8192.0,,0.1875,148.15431247465312,0.06393584795296192,2322049.0,15666.417774321002,28192.917623522808
VERL,xd9cv7e4,qwen3-drpo-verl-tp2-natural500-20260930-epochfix500,454,400-500,142.45343394950032,81.20849166810513,2.0410865545272827e-05,0.0067755356431007385,58.12811212055385,3.0462317802011967,,,4295.619140625,473.0,8192.0,,0.130859375,142.38963151536882,0.0638024341315031,2199357.0,15439.129398450803,27082.845091972125
VERL,xd9cv7e4,qwen3-drpo-verl-tp2-natural500-20260930-epochfix500,455,400-500,145.95818253420293,82.16328693181276,2.284906804561615e-05,0.0068817660212516785,59.56170851364732,4.157797722145915,,,4372.509765625,623.0,8192.0,,0.1171875,145.8896977826953,0.06848475150763988,2238725.0,15338.126038088965,27247.26679761383
VERL,xd9cv7e4,qwen3-drpo-verl-tp2-natural500-20260930-epochfix500,456,400-500,143.8625304121524,82.83782732486725,2.105720341205597e-05,0.0067412592470645905,57.64767883718014,3.307310178875923,,,4268.427734375,469.0,8192.0,,0.126953125,143.7995786573738,0.06295175477862358,2185435.0,15191.134159387699,26382.0898081902
VERL,xd9cv7e4,qwen3-drpo-verl-tp2-natural500-20260930-epochfix500,457,400-500,143.39631550200284,80.4132818095386,1.9587576389312744e-05,0.010972846299409866,59.56255615875125,3.289181124418974,,,4405.068359375,445.0,8192.0,,0.12109375,143.27601152658463,0.12030397541821003,2255395.0,15728.402728510124,28047.543257119814
VERL,xd9cv7e4,qwen3-drpo-verl-tp2-natural500-20260930-epochfix500,458,400-500,139.75787867605686,77.64721046760678,2.221018075942993e-05,0.006892288103699684,58.51425730064511,3.5257604010403156,,,4350.90234375,850.0,8192.0,,0.12890625,139.69414266757667,0.06373600848019123,2227662.0,15939.437698274396,28689.53033321585
VERL,xd9cv7e4,qwen3-drpo-verl-tp2-natural500-20260930-epochfix500,459,400-500,145.81250569224358,82.36495096050203,2.010725438594818e-05,0.006766697391867638,60.053507439792156,3.3235250767320395,,,4423.62890625,377.0,8192.0,,0.154296875,145.74877028167248,0.06373541057109833,2264898.0,15532.947529071096,27498.322691725123
VERL,xd9cv7e4,qwen3-drpo-verl-tp2-natural500-20260930-epochfix500,460,400-500,149.9262365102768,85.27560142427683,2.2020190954208374e-05,0.006836248561739922,61.43387404642999,3.145379951223731,,,4509.36328125,501.0,8192.0,,0.150390625,149.86171369068325,0.06452281959354877,2308794.0,15399.532821873656,27074.496824864575
VERL,xd9cv7e4,qwen3-drpo-verl-tp2-natural500-20260930-epochfix500,461,400-500,131.41433147527277,75.8373942412436,1.9079074263572693e-05,0.006765896454453468,52.445941338315606,3.0603530816733837,,,3928.306640625,707.0,8192.0,,0.078125,131.3504736367613,0.06385783851146698,2011293.0,15304.974559631264,26521.124837200343
VERL,xd9cv7e4,qwen3-drpo-verl-tp2-natural500-20260930-epochfix500,462,400-500,144.8116847742349,84.57813807576895,2.2357329726219177e-05,0.00685201957821846,56.97699120827019,3.1862608585506678,,,4225.228515625,704.0,8192.0,,0.10546875,144.74826451949775,0.06342025473713875,2163317.0,14938.829027316866,25577.732605818328
VERL,xd9cv7e4,qwen3-drpo-verl-tp2-natural500-20260930-epochfix500,463,400-500,127.39850754290819,72.96465581841767,2.1940097212791443e-05,0.0068479664623737335,50.661456286907196,3.701661381870508,,,3773.703125,431.0,8192.0,,0.06640625,127.33464339375496,0.06386414915323257,1932136.0,15166.080335354407,26480.437388869203
VERL,xd9cv7e4,qwen3-drpo-verl-tp2-natural500-20260930-epochfix500,464,400-500,139.84293376654387,77.76763471402228,2.3640692234039307e-05,0.006950413808226585,58.516636753454804,3.4879697263240814,,,4360.638671875,623.0,8192.0,,0.099609375,139.77921524830163,0.06371851824223995,2232647.0,15965.390169282477,28709.205419583523
VERL,xd9cv7e4,qwen3-drpo-verl-tp2-natural500-20260930-epochfix500,465,400-500,144.3238415159285,80.80032166093588,2.2970139980316162e-05,0.006790131330490112,59.787313383072615,3.6573833525180817,,,4446.49609375,631.0,8192.0,,0.099609375,144.25183149799705,0.07201001793146133,2276606.0,15774.289099342877,28175.70466555035
VERL,xd9cv7e4,qwen3-drpo-verl-tp2-natural500-20260930-epochfix500,466,400-500,139.5023280736059,79.01380274817348,2.078898251056671e-05,0.006849948316812515,57.09863846004009,3.319584548473358,,,4246.095703125,710.0,8192.0,,0.080078125,139.43889649398625,0.06343157961964607,2174001.0,15583.976482836382,27514.192766152562
VERL,xd9cv7e4,qwen3-drpo-verl-tp2-natural500-20260930-epochfix500,467,400-500,116.2347240485251,65.8855787590146,2.3132190108299255e-05,0.007015354931354523,46.88840695656836,3.3883286733180285,,,3514.49609375,528.0,8192.0,,0.05859375,116.16935287602246,0.06537117250263691,1799422.0,15480.933212770275,27311.31810470435
VERL,xd9cv7e4,qwen3-drpo-verl-tp2-natural500-20260930-epochfix500,468,400-500,133.0330312307924,76.46317560970783,2.7719885110855103e-05,0.006945734843611717,52.35749102011323,4.14167127199471,,,3866.44140625,554.0,8192.0,,0.095703125,132.9693113565445,0.06371987424790859,1979618.0,14880.650179019518,25889.821920352806
VERL,xd9cv7e4,qwen3-drpo-verl-tp2-natural500-20260930-epochfix500,469,400-500,127.60661080665886,72.4303193576634,2.282857894897461e-05,0.006909286603331566,51.631702898070216,3.4730536304414272,,,3831.037109375,606.0,8192.0,,0.12890625,127.54200800135732,0.06460280530154705,1961491.0,15371.390146643123,27081.07623154456
VERL,xd9cv7e4,qwen3-drpo-verl-tp2-natural500-20260930-epochfix500,470,400-500,122.5506969448179,69.39324868284166,1.9807368516921997e-05,0.006914805620908737,50.04060347005725,3.0459227431565523,,,3738.09375,619.0,8192.0,,0.080078125,122.48670950904489,0.06398743577301502,1913904.0,15617.242885707881,27580.550504954765
VERL,xd9cv7e4,qwen3-drpo-verl-tp2-natural500-20260930-epochfix500,471,400-500,121.07120623998344,68.71373070031404,2.1519139409065247e-05,0.006932375952601433,48.89232234098017,3.3946574982255697,,,3653.2890625,583.0,8192.0,,0.08203125,121.0076644346118,0.06354180537164211,1870484.0,15449.45373958187,27221.400743875653
VERL,xd9cv7e4,qwen3-drpo-verl-tp2-natural500-20260930-epochfix500,472,400-500,133.70710845664144,77.52884907834232,2.0639970898628235e-05,0.0068469662219285965,52.89363378100097,3.2141576316207647,,,3923.083984375,626.0,8192.0,,0.111328125,133.64350809715688,0.06360035948455334,2008619.0,15022.529640982815,25908.02035472377
VERL,xd9cv7e4,qwen3-drpo-verl-tp2-natural500-20260930-epochfix500,473,400-500,130.03265824727714,73.18821406178176,2.1360814571380615e-05,0.006779588758945465,53.52134081162512,3.2524833362549543,,,4025.49609375,596.0,8192.0,,0.099609375,129.96883915923536,0.06381908804178238,2061054.0,15850.279674207599,28161.009616386636
VERL,xd9cv7e4,qwen3-drpo-verl-tp2-natural500-20260930-epochfix500,474,400-500,129.95942293852568,74.0917243193835,2.0271167159080505e-05,0.006842406466603279,52.6600581202656,3.137388449162245,,,3911.861328125,696.0,8192.0,,0.119140625,129.8960335664451,0.0633893720805645,2002873.0,15411.525803307184,27032.344278644607
VERL,xd9cv7e4,qwen3-drpo-verl-tp2-natural500-20260930-epochfix500,475,400-500,131.44920361042023,75.24181463196874,2.2191554307937622e-05,0.007414143532514572,52.73328968882561,3.4032482765614986,,,3895.126953125,623.0,8192.0,,0.12890625,131.38578893244267,0.06341467797756195,1994305.0,15171.678072014638,26505.2751552414
VERL,xd9cv7e4,qwen3-drpo-verl-tp2-natural500-20260930-epochfix500,476,400-500,138.11729144491255,78.28338189050555,2.0673498511314392e-05,0.006901534274220467,56.57015820033848,3.192961685359478,,,4169.154296875,560.0,8192.0,,0.1328125,138.05342398397624,0.06386746093630791,2134607.0,15455.030848555109,27267.6901335926
VERL,xd9cv7e4,qwen3-drpo-verl-tp2-natural500-20260930-epochfix500,477,400-500,123.09884844347835,69.65737584792078,2.4789944291114807e-05,0.006897736340761185,49.70773641951382,3.66270156763494,,,3741.453125,532.0,8192.0,,0.072265625,123.03473636135459,0.06411208212375641,1915624.0,15561.67278753685,27500.662732145975
VERL,xd9cv7e4,qwen3-drpo-verl-tp2-natural500-20260930-epochfix500,478,400-500,124.4880206566304,70.69064579345286,2.0720064640045166e-05,0.006813878193497658,50.57162222824991,3.154648095369339,,,3736.1484375,319.0,8192.0,,0.103515625,124.42375071533024,0.06426994130015373,1912908.0,15366.201421711785,27060.270542572514
VERL,xd9cv7e4,qwen3-drpo-verl-tp2-natural500-20260930-epochfix500,479,400-500,121.68465501070023,69.34331347607076,2.1550804376602173e-05,0.006880143657326698,48.99830141663551,3.2725385185331106,,,3654.107421875,480.0,8192.0,,0.080078125,121.62105510570109,0.06359990499913692,1870903.0,15375.011745198964,26980.29422325799
VERL,xd9cv7e4,qwen3-drpo-verl-tp2-natural500-20260930-epochfix500,480,400-500,139.45778363756835,78.89749606139958,2.029910683631897e-05,0.006857635453343391,57.265518713742495,3.223321260884404,,,4243.880859375,414.0,8192.0,,0.1171875,139.39321397058666,0.06456966698169708,2172867.0,15580.822692887356,27540.379713812872
VERL,xd9cv7e4,qwen3-drpo-verl-tp2-natural500-20260930-epochfix500,481,400-500,137.8068648930639,78.20404477231205,2.0012259483337402e-05,0.00685797818005085,56.44836359284818,3.083576064556837,,,4200.623046875,439.0,8192.0,,0.103515625,137.7428624201566,0.06400247290730476,2150719.0,15606.76241832311,27501.37804587643
VERL,xd9cv7e4,qwen3-drpo-verl-tp2-natural500-20260930-epochfix500,482,400-500,129.00280240923166,73.11023130267859,2.256035804748535e-05,0.0069262683391571045,52.6720113158226,3.149108339101076,,,3970.8203125,693.0,8192.0,,0.078125,128.93829978629947,0.06450262293219566,2033060.0,15759.812670972726,27808.14618932157
VERL,xd9cv7e4,qwen3-drpo-verl-tp2-natural500-20260930-epochfix500,483,400-500,138.68993999622762,79.22533161751926,2.0680949091911316e-05,0.0067908670753240585,55.92646591924131,3.46774635091424,,,4151.58203125,851.0,8192.0,,0.087890625,138.62635543569922,0.06358456052839756,2125610.0,15326.345948796406,26829.928718530722
VERL,xd9cv7e4,qwen3-drpo-verl-tp2-natural500-20260930-epochfix500,484,400-500,140.3812270872295,79.91881945729256,1.96993350982666e-05,0.006738217547535896,57.06576204113662,3.326633682474494,,,4267.029296875,380.0,8192.0,,0.119140625,140.3179730977863,0.06325398944318295,2184719.0,15562.757537676092,27336.72762981042
VERL,xd9cv7e4,qwen3-drpo-verl-tp2-natural500-20260930-epochfix500,485,400-500,128.77810939773917,73.16524857655168,2.1588057279586792e-05,0.006948355585336685,51.88683654367924,3.6549067180603743,,,3876.765625,502.0,8192.0,,0.111328125,128.7139617819339,0.06414761580526829,1984904.0,15413.364967717464,27129.054279412794
VERL,xd9cv7e4,qwen3-drpo-verl-tp2-natural500-20260930-epochfix500,486,400-500,143.64195446297526,82.54746960103512,2.1200627088546753e-05,0.006857648491859436,57.76347987167537,3.2599211167544127,,,4253.96875,557.0,8192.0,,0.115234375,143.57774943858385,0.06420502439141273,2178032.0,15162.923730346507,26385.206118694743
VERL,xd9cv7e4,qwen3-drpo-verl-tp2-natural500-20260930-epochfix500,487,400-500,128.8711973745376,72.33460789732635,2.1319836378097534e-05,0.0070814210921525955,53.09572034701705,3.3702719528228045,,,3965.642578125,548.0,8192.0,,0.08984375,128.80770293809474,0.06349443644285202,2030409.0,15755.335880825523,28069.675899564092
VERL,xd9cv7e4,qwen3-drpo-verl-tp2-natural500-20260930-epochfix500,488,400-500,130.31361430324614,74.31655870750546,1.9649043679237366e-05,0.00687730498611927,52.68581205420196,3.240642396733165,,,3943.400390625,375.0,8192.0,,0.091796875,130.2499101124704,0.06370419077575207,2019021.0,15493.553845430451,27167.848392260024
VERL,xd9cv7e4,qwen3-drpo-verl-tp2-natural500-20260930-epochfix500,489,400-500,131.3948141168803,75.31766836717725,2.0038336515426636e-05,0.006864698603749275,52.555660117417574,3.4506669025868177,,,3903.59765625,319.0,8192.0,,0.123046875,131.3308801241219,0.06393399275839329,1998642.0,15210.96561864411,26536.16400147339
VERL,xd9cv7e4,qwen3-drpo-verl-tp2-natural500-20260930-epochfix500,490,400-500,130.21729155257344,75.37033783271909,2.1867454051971436e-05,0.007484152913093567,51.71769751235843,3.057645646855235,,,3826.55078125,473.0,8192.0,,0.107421875,130.1531870122999,0.06410454027354717,1959194.0,15045.574797637397,25994.231369220324
VERL,xd9cv7e4,qwen3-drpo-verl-tp2-natural500-20260930-epochfix500,491,400-500,133.0207848213613,75.59590317122638,1.846812665462494e-05,0.006773518398404121,54.00011947005987,3.35426109097898,,,4046.779296875,416.0,8192.0,,0.1171875,132.9570757187903,0.06370910257101059,2071951.0,15576.144756494274,27408.244535513855
VERL,xd9cv7e4,qwen3-drpo-verl-tp2-natural500-20260930-epochfix500,492,400-500,132.82579768262804,74.29734239540994,2.1260231733322144e-05,0.006893916055560112,55.25728080049157,3.2008224930614233,,,4107.7265625,411.0,8192.0,,0.123046875,132.76236086525023,0.06343681737780571,2103156.0,15833.942176091796,28307.284381815683
VERL,xd9cv7e4,qwen3-drpo-verl-tp2-natural500-20260930-epochfix500,493,400-500,147.1360215730965,83.40378410555422,2.039782702922821e-05,0.006885195150971413,60.45051991008222,3.2111790012568235,,,4435.76953125,725.0,8192.0,,0.14453125,147.07238860987127,0.06363296322524548,2271114.0,15435.47239974625,27230.347212132747
VERL,xd9cv7e4,qwen3-drpo-verl-tp2-natural500-20260930-epochfix500,494,400-500,141.110537936911,81.03546498902142,2.0567327737808228e-05,0.006778588518500328,56.445276618003845,3.5591421853750944,,,4219.150390625,544.0,8192.0,,0.15234375,141.0466829482466,0.06385498866438866,2160205.0,15308.601551542555,26657.525816538004
VERL,xd9cv7e4,qwen3-drpo-verl-tp2-natural500-20260930-epochfix500,495,400-500,138.10105621814728,80.09622907452285,2.078711986541748e-05,0.006860746070742607,54.75899604521692,3.168614501133561,,,4109.87109375,621.0,8192.0,,0.12109375,138.03072115406394,0.07033506408333778,2104254.0,15237.059423181217,26271.573884485464
VERL,xd9cv7e4,qwen3-drpo-verl-tp2-natural500-20260930-epochfix500,496,400-500,145.1281659975648,82.76966463774443,2.2130087018013e-05,0.006803208962082863,58.94483865611255,3.340665763244033,,,4282.3515625,405.0,8192.0,,0.166015625,145.0619943961501,0.06617160141468048,2192564.0,15107.777218357398,26489.946644052878
VERL,xd9cv7e4,qwen3-drpo-verl-tp2-natural500-20260930-epochfix500,497,400-500,157.9427349716425,91.57643875293434,1.920945942401886e-05,0.00679444707930088,62.86773645877838,3.42670657671988,,,4606.552734375,675.0,8192.0,,0.205078125,157.87769544497132,0.06503952667117119,2358555.0,14932.975552332065,25755.04171289284
VERL,xd9cv7e4,qwen3-drpo-verl-tp2-natural500-20260930-epochfix500,498,400-500,130.70746340416372,75.75064873881638,2.0347535610198975e-05,0.006845355033874512,51.69016085192561,3.1939388252794743,,,3820.123046875,578.0,8192.0,,0.12890625,130.64161411859095,0.06584928557276726,1955903.0,14963.973357451709,25820.280519891443
VERL,xd9cv7e4,qwen3-drpo-verl-tp2-natural500-20260930-epochfix500,499,400-500,136.26168977469206,78.14465655945241,2.09808349609375e-05,0.006764629855751991,54.882616421207786,3.160716336220503,,,4085.466796875,468.0,8192.0,,0.162109375,136.19477492757142,0.06691484712064266,2091759.0,15351.042567127355,26767.780320444443
VERL,xd9cv7e4,qwen3-drpo-verl-tp2-natural500-20260930-epochfix500,500,400-500,150.46930116601288,89.82406924292445,2.8267502784729004e-05,0.006971703842282295,57.12362111918628,3.450620364397764,,,4235.974609375,578.0,8192.0,,0.154296875,150.40531069785357,0.06399046815931797,2168819.0,14413.697566170926,24145.1875680954
