session,reward,arm,overlap_impl,rollout,lane,kind,index,start_s,end_s,recv_s,rows
20260923-225836,editscore_8b,baseline,,2,rank0,generate,1,0.00,97.38,,32
20260923-225836,editscore_8b,baseline,,2,rank1,generate,1,0.01,97.20,,32
20260923-225836,editscore_8b,baseline,,2,rank2,generate,1,0.01,97.31,,32
20260923-225836,editscore_8b,baseline,,2,rank3,generate,1,0.01,98.03,,32
20260923-225836,editscore_8b,baseline,,2,rank4,generate,1,0.02,97.22,,32
20260923-225836,editscore_8b,baseline,,2,rank5,generate,1,0.03,97.26,,32
20260923-225836,editscore_8b,baseline,,2,rank6,generate,1,0.03,97.24,,32
20260923-225836,editscore_8b,baseline,,2,rank7,generate,1,0.04,97.83,,32
20260923-225836,editscore_8b,baseline,,2,rank0,reward_wait,1,103.23,106.92,,32
20260923-225836,editscore_8b,baseline,,2,rank1,reward_wait,1,103.26,112.68,,32
20260923-225836,editscore_8b,baseline,,2,rank2,reward_wait,1,103.27,115.67,,32
20260923-225836,editscore_8b,baseline,,2,rank3,reward_wait,1,103.31,109.77,,32
20260923-225836,editscore_8b,baseline,,2,rank4,reward_wait,1,103.68,121.31,,32
20260923-225836,editscore_8b,baseline,,2,rank5,reward_wait,1,103.60,118.57,,32
20260923-225836,editscore_8b,baseline,,2,rank6,reward_wait,1,103.76,124.40,,32
20260923-225836,editscore_8b,baseline,,2,rank7,reward_wait,1,103.74,127.37,,32
20260923-225836,editscore_8b,baseline,,2,judge,judge_service,1,103.66,106.91,103.66,32
20260923-225836,editscore_8b,baseline,,2,judge,judge_service,2,106.91,109.76,103.71,32
20260923-225836,editscore_8b,baseline,,2,judge,judge_service,3,109.76,112.67,103.73,32
20260923-225836,editscore_8b,baseline,,2,judge,judge_service,4,112.67,115.66,103.78,32
20260923-225836,editscore_8b,baseline,,2,judge,judge_service,5,115.66,118.56,104.03,32
20260923-225836,editscore_8b,baseline,,2,judge,judge_service,6,118.56,121.30,104.12,32
20260923-225836,editscore_8b,baseline,,2,judge,judge_service,7,121.30,124.39,104.17,32
20260923-225836,editscore_8b,baseline,,2,judge,judge_service,8,124.39,127.35,104.22,32
20260923-225836,editscore_8b,serial,,2,rank0,generate,1,0.00,24.36,,8
20260923-225836,editscore_8b,serial,,2,rank0,generate,2,32.40,56.81,,8
20260923-225836,editscore_8b,serial,,2,rank0,generate,3,58.02,82.38,,8
20260923-225836,editscore_8b,serial,,2,rank0,generate,4,83.59,107.95,,8
20260923-225836,editscore_8b,serial,,2,rank1,generate,1,0.01,24.31,,8
20260923-225836,editscore_8b,serial,,2,rank1,generate,2,27.80,52.08,,8
20260923-225836,editscore_8b,serial,,2,rank1,generate,3,53.30,77.60,,8
20260923-225836,editscore_8b,serial,,2,rank1,generate,4,78.87,103.14,,8
20260923-225836,editscore_8b,serial,,2,rank2,generate,1,0.01,24.34,,8
20260923-225836,editscore_8b,serial,,2,rank2,generate,2,31.21,55.50,,8
20260923-225836,editscore_8b,serial,,2,rank2,generate,3,56.73,81.02,,8
20260923-225836,editscore_8b,serial,,2,rank2,generate,4,82.24,106.52,,8
20260923-225836,editscore_8b,serial,,2,rank3,generate,1,0.01,24.34,,8
20260923-225836,editscore_8b,serial,,2,rank3,generate,2,33.56,57.89,,8
20260923-225836,editscore_8b,serial,,2,rank3,generate,3,59.15,83.45,,8
20260923-225836,editscore_8b,serial,,2,rank3,generate,4,84.78,109.07,,8
20260923-225836,editscore_8b,serial,,2,rank4,generate,1,0.02,24.32,,8
20260923-225836,editscore_8b,serial,,2,rank4,generate,2,28.88,53.15,,8
20260923-225836,editscore_8b,serial,,2,rank4,generate,3,54.43,78.70,,8
20260923-225836,editscore_8b,serial,,2,rank4,generate,4,79.97,104.26,,8
20260923-225836,editscore_8b,serial,,2,rank5,generate,1,0.02,24.30,,8
20260923-225836,editscore_8b,serial,,2,rank5,generate,2,25.52,49.77,,8
20260923-225836,editscore_8b,serial,,2,rank5,generate,3,50.97,75.23,,8
20260923-225836,editscore_8b,serial,,2,rank5,generate,4,76.56,100.81,,8
20260923-225836,editscore_8b,serial,,2,rank6,generate,1,0.03,24.33,,8
20260923-225836,editscore_8b,serial,,2,rank6,generate,2,30.03,54.28,,8
20260923-225836,editscore_8b,serial,,2,rank6,generate,3,55.63,79.86,,8
20260923-225836,editscore_8b,serial,,2,rank6,generate,4,81.07,105.31,,8
20260923-225836,editscore_8b,serial,,2,rank7,generate,1,0.03,24.30,,8
20260923-225836,editscore_8b,serial,,2,rank7,generate,2,26.68,50.95,,8
20260923-225836,editscore_8b,serial,,2,rank7,generate,3,52.19,76.45,,8
20260923-225836,editscore_8b,serial,,2,rank7,generate,4,77.68,102.06,,8
20260923-225836,editscore_8b,serial,,2,rank0,reward_wait,1,24.36,32.40,,8
20260923-225836,editscore_8b,serial,,2,rank0,reward_wait,2,56.81,58.02,,8
20260923-225836,editscore_8b,serial,,2,rank0,reward_wait,3,82.38,83.59,,8
20260923-225836,editscore_8b,serial,,2,rank0,reward_wait,4,107.95,109.18,,8
20260923-225836,editscore_8b,serial,,2,rank1,reward_wait,1,24.31,27.80,,8
20260923-225836,editscore_8b,serial,,2,rank1,reward_wait,2,52.08,53.30,,8
20260923-225836,editscore_8b,serial,,2,rank1,reward_wait,3,77.60,78.87,,8
20260923-225836,editscore_8b,serial,,2,rank1,reward_wait,4,103.14,104.53,,8
20260923-225836,editscore_8b,serial,,2,rank2,reward_wait,1,24.34,31.21,,8
20260923-225836,editscore_8b,serial,,2,rank2,reward_wait,2,55.50,56.73,,8
20260923-225836,editscore_8b,serial,,2,rank2,reward_wait,3,81.02,82.24,,8
20260923-225836,editscore_8b,serial,,2,rank2,reward_wait,4,106.52,107.99,,8
20260923-225836,editscore_8b,serial,,2,rank3,reward_wait,1,24.34,33.56,,8
20260923-225836,editscore_8b,serial,,2,rank3,reward_wait,2,57.89,59.15,,8
20260923-225836,editscore_8b,serial,,2,rank3,reward_wait,3,83.45,84.78,,8
20260923-225836,editscore_8b,serial,,2,rank3,reward_wait,4,109.07,110.43,,8
20260923-225836,editscore_8b,serial,,2,rank4,reward_wait,1,24.32,28.88,,8
20260923-225836,editscore_8b,serial,,2,rank4,reward_wait,2,53.15,54.43,,8
20260923-225836,editscore_8b,serial,,2,rank4,reward_wait,3,78.70,79.97,,8
20260923-225836,editscore_8b,serial,,2,rank4,reward_wait,4,104.26,105.74,,8
20260923-225836,editscore_8b,serial,,2,rank5,reward_wait,1,24.30,25.52,,8
20260923-225836,editscore_8b,serial,,2,rank5,reward_wait,2,49.77,50.97,,8
20260923-225836,editscore_8b,serial,,2,rank5,reward_wait,3,75.23,76.56,,8
20260923-225836,editscore_8b,serial,,2,rank5,reward_wait,4,100.81,102.07,,8
20260923-225836,editscore_8b,serial,,2,rank6,reward_wait,1,24.33,30.03,,8
20260923-225836,editscore_8b,serial,,2,rank6,reward_wait,2,54.28,55.63,,8
20260923-225836,editscore_8b,serial,,2,rank6,reward_wait,3,79.86,81.07,,8
20260923-225836,editscore_8b,serial,,2,rank6,reward_wait,4,105.31,106.95,,8
20260923-225836,editscore_8b,serial,,2,rank7,reward_wait,1,24.30,26.68,,8
20260923-225836,editscore_8b,serial,,2,rank7,reward_wait,2,50.95,52.19,,8
20260923-225836,editscore_8b,serial,,2,rank7,reward_wait,3,76.45,77.68,,8
20260923-225836,editscore_8b,serial,,2,rank7,reward_wait,4,102.06,103.40,,8
20260923-225836,editscore_8b,serial,,2,judge,judge_service,1,24.39,25.52,24.39,8
20260923-225836,editscore_8b,serial,,2,judge,judge_service,2,25.52,26.68,24.40,8
20260923-225836,editscore_8b,serial,,2,judge,judge_service,3,26.68,27.80,24.42,8
20260923-225836,editscore_8b,serial,,2,judge,judge_service,4,27.80,28.88,24.42,8
20260923-225836,editscore_8b,serial,,2,judge,judge_service,5,28.88,30.03,24.44,8
20260923-225836,editscore_8b,serial,,2,judge,judge_service,6,30.03,31.21,24.45,8
20260923-225836,editscore_8b,serial,,2,judge,judge_service,7,31.21,32.39,24.46,8
20260923-225836,editscore_8b,serial,,2,judge,judge_service,8,32.39,33.56,24.47,8
20260923-225836,editscore_8b,serial,,2,judge,judge_service,9,49.86,50.97,49.86,8
20260923-225836,editscore_8b,serial,,2,judge,judge_service,10,51.05,52.19,51.05,8
20260923-225836,editscore_8b,serial,,2,judge,judge_service,11,52.19,53.30,52.18,8
20260923-225836,editscore_8b,serial,,2,judge,judge_service,12,53.30,54.42,53.25,8
20260923-225836,editscore_8b,serial,,2,judge,judge_service,13,54.42,55.63,54.38,8
20260923-225836,editscore_8b,serial,,2,judge,judge_service,14,55.63,56.73,55.60,8
20260923-225836,editscore_8b,serial,,2,judge,judge_service,15,56.91,58.01,56.91,8
20260923-225836,editscore_8b,serial,,2,judge,judge_service,16,58.01,59.15,57.98,8
20260923-225836,editscore_8b,serial,,2,judge,judge_service,17,75.32,76.56,75.32,8
20260923-225836,editscore_8b,serial,,2,judge,judge_service,18,76.56,77.67,76.54,8
20260923-225836,editscore_8b,serial,,2,judge,judge_service,19,77.70,78.87,77.70,8
20260923-225836,editscore_8b,serial,,2,judge,judge_service,20,78.87,79.97,78.81,8
20260923-225836,editscore_8b,serial,,2,judge,judge_service,21,79.97,81.07,79.95,8
20260923-225836,editscore_8b,serial,,2,judge,judge_service,22,81.12,82.23,81.12,8
20260923-225836,editscore_8b,serial,,2,judge,judge_service,23,82.47,83.59,82.47,8
20260923-225836,editscore_8b,serial,,2,judge,judge_service,24,83.59,84.78,83.55,8
20260923-225836,editscore_8b,serial,,2,judge,judge_service,25,100.90,102.07,100.90,8
20260923-225836,editscore_8b,serial,,2,judge,judge_service,26,102.15,103.40,102.15,8
20260923-225836,editscore_8b,serial,,2,judge,judge_service,27,103.40,104.53,103.24,8
20260923-225836,editscore_8b,serial,,2,judge,judge_service,28,104.53,105.74,104.37,8
20260923-225836,editscore_8b,serial,,2,judge,judge_service,29,105.74,106.94,105.42,8
20260923-225836,editscore_8b,serial,,2,judge,judge_service,30,106.94,107.99,106.61,8
20260923-225836,editscore_8b,serial,,2,judge,judge_service,31,108.04,109.18,108.04,8
20260923-225836,editscore_8b,serial,,2,judge,judge_service,32,109.18,110.43,109.17,8
20260923-225836,editscore_8b,overlap,depth1,2,rank0,generate,1,0.00,24.42,,8
20260923-225836,editscore_8b,overlap,depth1,2,rank0,generate,2,24.42,48.82,,8
20260923-225836,editscore_8b,overlap,depth1,2,rank0,generate,3,48.82,73.22,,8
20260923-225836,editscore_8b,overlap,depth1,2,rank0,generate,4,73.22,97.58,,8
20260923-225836,editscore_8b,overlap,depth1,2,rank1,generate,1,0.01,24.34,,8
20260923-225836,editscore_8b,overlap,depth1,2,rank1,generate,2,24.34,48.66,,8
20260923-225836,editscore_8b,overlap,depth1,2,rank1,generate,3,48.66,72.98,,8
20260923-225836,editscore_8b,overlap,depth1,2,rank1,generate,4,72.98,97.27,,8
20260923-225836,editscore_8b,overlap,depth1,2,rank2,generate,1,0.02,24.37,,8
20260923-225836,editscore_8b,overlap,depth1,2,rank2,generate,2,24.37,48.70,,8
20260923-225836,editscore_8b,overlap,depth1,2,rank2,generate,3,48.70,73.04,,8
20260923-225836,editscore_8b,overlap,depth1,2,rank2,generate,4,73.04,97.35,,8
20260923-225836,editscore_8b,overlap,depth1,2,rank3,generate,1,0.02,24.35,,8
20260923-225836,editscore_8b,overlap,depth1,2,rank3,generate,2,24.35,48.67,,8
20260923-225836,editscore_8b,overlap,depth1,2,rank3,generate,3,48.67,72.97,,8
20260923-225836,editscore_8b,overlap,depth1,2,rank3,generate,4,72.97,97.26,,8
20260923-225836,editscore_8b,overlap,depth1,2,rank4,generate,1,0.03,24.35,,8
20260923-225836,editscore_8b,overlap,depth1,2,rank4,generate,2,24.35,48.66,,8
20260923-225836,editscore_8b,overlap,depth1,2,rank4,generate,3,48.66,72.99,,8
20260923-225836,editscore_8b,overlap,depth1,2,rank4,generate,4,72.99,97.34,,8
20260923-225836,editscore_8b,overlap,depth1,2,rank5,generate,1,0.03,24.33,,8
20260923-225836,editscore_8b,overlap,depth1,2,rank5,generate,2,24.33,48.63,,8
20260923-225836,editscore_8b,overlap,depth1,2,rank5,generate,3,48.63,72.92,,8
20260923-225836,editscore_8b,overlap,depth1,2,rank5,generate,4,72.92,97.23,,8
20260923-225836,editscore_8b,overlap,depth1,2,rank6,generate,1,0.04,24.34,,8
20260923-225836,editscore_8b,overlap,depth1,2,rank6,generate,2,24.34,48.64,,8
20260923-225836,editscore_8b,overlap,depth1,2,rank6,generate,3,48.64,72.92,,8
20260923-225836,editscore_8b,overlap,depth1,2,rank6,generate,4,72.92,97.22,,8
20260923-225836,editscore_8b,overlap,depth1,2,rank7,generate,1,0.04,24.34,,8
20260923-225836,editscore_8b,overlap,depth1,2,rank7,generate,2,24.34,48.66,,8
20260923-225836,editscore_8b,overlap,depth1,2,rank7,generate,3,48.66,72.93,,8
20260923-225836,editscore_8b,overlap,depth1,2,rank7,generate,4,72.93,97.36,,8
20260923-225836,editscore_8b,overlap,depth1,2,rank0,reward_wait,1,24.42,34.12,,8
20260923-225836,editscore_8b,overlap,depth1,2,rank0,reward_wait,2,48.82,57.76,,8
20260923-225836,editscore_8b,overlap,depth1,2,rank0,reward_wait,3,73.22,82.00,,8
20260923-225836,editscore_8b,overlap,depth1,2,rank0,reward_wait,4,97.58,106.15,,8
20260923-225836,editscore_8b,overlap,depth1,2,rank1,reward_wait,1,24.34,29.17,,8
20260923-225836,editscore_8b,overlap,depth1,2,rank1,reward_wait,2,48.66,52.04,,8
20260923-225836,editscore_8b,overlap,depth1,2,rank1,reward_wait,3,72.98,78.61,,8
20260923-225836,editscore_8b,overlap,depth1,2,rank1,reward_wait,4,97.27,101.96,,8
20260923-225836,editscore_8b,overlap,depth1,2,rank2,reward_wait,1,24.37,32.81,,8
20260923-225836,editscore_8b,overlap,depth1,2,rank2,reward_wait,2,48.70,56.64,,8
20260923-225836,editscore_8b,overlap,depth1,2,rank2,reward_wait,3,73.04,80.86,,8
20260923-225836,editscore_8b,overlap,depth1,2,rank2,reward_wait,4,97.35,105.08,,8
20260923-225836,editscore_8b,overlap,depth1,2,rank3,reward_wait,1,24.35,31.63,,8
20260923-225836,editscore_8b,overlap,depth1,2,rank3,reward_wait,2,48.67,54.41,,8
20260923-225836,editscore_8b,overlap,depth1,2,rank3,reward_wait,3,72.97,77.56,,8
20260923-225836,editscore_8b,overlap,depth1,2,rank3,reward_wait,4,97.26,100.86,,8
20260923-225836,editscore_8b,overlap,depth1,2,rank4,reward_wait,1,24.35,30.40,,8
20260923-225836,editscore_8b,overlap,depth1,2,rank4,reward_wait,2,48.66,55.55,,8
20260923-225836,editscore_8b,overlap,depth1,2,rank4,reward_wait,3,72.99,79.75,,8
20260923-225836,editscore_8b,overlap,depth1,2,rank4,reward_wait,4,97.34,103.04,,8
20260923-225836,editscore_8b,overlap,depth1,2,rank5,reward_wait,1,24.33,25.71,,8
20260923-225836,editscore_8b,overlap,depth1,2,rank5,reward_wait,2,48.63,50.98,,8
20260923-225836,editscore_8b,overlap,depth1,2,rank5,reward_wait,3,72.93,74.16,,8
20260923-225836,editscore_8b,overlap,depth1,2,rank5,reward_wait,4,97.23,99.60,,8
20260923-225836,editscore_8b,overlap,depth1,2,rank6,reward_wait,1,24.34,28.04,,8
20260923-225836,editscore_8b,overlap,depth1,2,rank6,reward_wait,2,48.64,49.86,,8
20260923-225836,editscore_8b,overlap,depth1,2,rank6,reward_wait,3,72.92,76.39,,8
20260923-225836,editscore_8b,overlap,depth1,2,rank6,reward_wait,4,97.22,98.49,,8
20260923-225836,editscore_8b,overlap,depth1,2,rank7,reward_wait,1,24.34,26.80,,8
20260923-225836,editscore_8b,overlap,depth1,2,rank7,reward_wait,2,48.66,53.20,,8
20260923-225836,editscore_8b,overlap,depth1,2,rank7,reward_wait,3,72.93,75.30,,8
20260923-225836,editscore_8b,overlap,depth1,2,rank7,reward_wait,4,97.36,104.08,,8
20260923-225836,editscore_8b,overlap,depth1,2,judge,judge_service,1,24.46,25.71,24.46,8
20260923-225836,editscore_8b,overlap,depth1,2,judge,judge_service,2,25.71,26.80,24.48,8
20260923-225836,editscore_8b,overlap,depth1,2,judge,judge_service,3,26.80,28.03,24.49,8
20260923-225836,editscore_8b,overlap,depth1,2,judge,judge_service,4,28.03,29.17,24.50,8
20260923-225836,editscore_8b,overlap,depth1,2,judge,judge_service,5,29.17,30.40,24.51,8
20260923-225836,editscore_8b,overlap,depth1,2,judge,judge_service,6,30.40,31.63,24.52,8
20260923-225836,editscore_8b,overlap,depth1,2,judge,judge_service,7,31.63,32.81,24.52,8
20260923-225836,editscore_8b,overlap,depth1,2,judge,judge_service,8,32.81,34.11,24.55,8
20260923-225836,editscore_8b,overlap,depth1,2,judge,judge_service,9,48.76,49.86,48.76,8
20260923-225836,editscore_8b,overlap,depth1,2,judge,judge_service,10,49.86,50.98,48.77,8
20260923-225836,editscore_8b,overlap,depth1,2,judge,judge_service,11,50.98,52.04,48.79,8
20260923-225836,editscore_8b,overlap,depth1,2,judge,judge_service,12,52.04,53.20,48.79,8
20260923-225836,editscore_8b,overlap,depth1,2,judge,judge_service,13,53.20,54.41,48.81,8
20260923-225836,editscore_8b,overlap,depth1,2,judge,judge_service,14,54.41,55.55,48.82,8
20260923-225836,editscore_8b,overlap,depth1,2,judge,judge_service,15,55.55,56.64,48.83,8
20260923-225836,editscore_8b,overlap,depth1,2,judge,judge_service,16,56.64,57.76,48.95,8
20260923-225836,editscore_8b,overlap,depth1,2,judge,judge_service,17,73.05,74.16,73.05,8
20260923-225836,editscore_8b,overlap,depth1,2,judge,judge_service,18,74.16,75.30,73.06,8
20260923-225836,editscore_8b,overlap,depth1,2,judge,judge_service,19,75.30,76.39,73.07,8
20260923-225836,editscore_8b,overlap,depth1,2,judge,judge_service,20,76.39,77.56,73.10,8
20260923-225836,editscore_8b,overlap,depth1,2,judge,judge_service,21,77.56,78.61,73.11,8
20260923-225836,editscore_8b,overlap,depth1,2,judge,judge_service,22,78.61,79.75,73.12,8
20260923-225836,editscore_8b,overlap,depth1,2,judge,judge_service,23,79.75,80.86,73.16,8
20260923-225836,editscore_8b,overlap,depth1,2,judge,judge_service,24,80.86,82.00,73.35,8
20260923-225836,editscore_8b,overlap,depth1,2,judge,judge_service,25,97.32,98.49,97.32,8
20260923-225836,editscore_8b,overlap,depth1,2,judge,judge_service,26,98.49,99.60,97.34,8
20260923-225836,editscore_8b,overlap,depth1,2,judge,judge_service,27,99.60,100.86,97.37,8
20260923-225836,editscore_8b,overlap,depth1,2,judge,judge_service,28,100.86,101.96,97.38,8
20260923-225836,editscore_8b,overlap,depth1,2,judge,judge_service,29,101.96,103.04,97.44,8
20260923-225836,editscore_8b,overlap,depth1,2,judge,judge_service,30,103.04,104.08,97.45,8
20260923-225836,editscore_8b,overlap,depth1,2,judge,judge_service,31,104.08,105.08,97.46,8
20260923-225836,editscore_8b,overlap,depth1,2,judge,judge_service,32,105.08,106.15,97.67,8
20260923-230352,editscore_72b,baseline,,2,rank0,generate,1,0.00,97.35,,32
20260923-230352,editscore_72b,baseline,,2,rank1,generate,1,0.01,97.08,,32
20260923-230352,editscore_72b,baseline,,2,rank2,generate,1,0.01,97.56,,32
20260923-230352,editscore_72b,baseline,,2,rank3,generate,1,0.01,97.12,,32
20260923-230352,editscore_72b,baseline,,2,rank4,generate,1,0.02,97.28,,32
20260923-230352,editscore_72b,baseline,,2,rank5,generate,1,0.02,97.17,,32
20260923-230352,editscore_72b,baseline,,2,rank6,generate,1,0.03,97.46,,32
20260923-230352,editscore_72b,baseline,,2,rank7,generate,1,0.04,97.24,,32
20260923-230352,editscore_72b,baseline,,2,rank0,reward_wait,1,102.81,113.12,,32
20260923-230352,editscore_72b,baseline,,2,rank1,reward_wait,1,102.86,122.53,,32
20260923-230352,editscore_72b,baseline,,2,rank2,reward_wait,1,102.94,131.94,,32
20260923-230352,editscore_72b,baseline,,2,rank3,reward_wait,1,102.92,141.95,,32
20260923-230352,editscore_72b,baseline,,2,rank4,reward_wait,1,103.28,151.54,,32
20260923-230352,editscore_72b,baseline,,2,rank5,reward_wait,1,103.48,170.71,,32
20260923-230352,editscore_72b,baseline,,2,rank6,reward_wait,1,103.53,180.16,,32
20260923-230352,editscore_72b,baseline,,2,rank7,reward_wait,1,103.44,161.22,,32
20260923-230352,editscore_72b,baseline,,2,judge,judge_service,1,103.25,113.11,103.25,32
20260923-230352,editscore_72b,baseline,,2,judge,judge_service,2,113.11,122.51,103.28,32
20260923-230352,editscore_72b,baseline,,2,judge,judge_service,3,122.51,131.93,103.33,32
20260923-230352,editscore_72b,baseline,,2,judge,judge_service,4,131.93,141.94,103.37,32
20260923-230352,editscore_72b,baseline,,2,judge,judge_service,5,141.94,151.53,103.70,32
20260923-230352,editscore_72b,baseline,,2,judge,judge_service,6,151.53,161.21,103.90,32
20260923-230352,editscore_72b,baseline,,2,judge,judge_service,7,161.21,170.70,103.94,32
20260923-230352,editscore_72b,baseline,,2,judge,judge_service,8,170.70,180.15,104.00,32
20260923-230352,editscore_72b,serial,,2,rank0,generate,1,0.00,24.33,,8
20260923-230352,editscore_72b,serial,,2,rank0,generate,2,42.83,67.19,,8
20260923-230352,editscore_72b,serial,,2,rank0,generate,3,72.62,96.91,,8
20260923-230352,editscore_72b,serial,,2,rank0,generate,4,103.40,127.73,,8
20260923-230352,editscore_72b,serial,,2,rank1,generate,1,0.00,24.24,,8
20260923-230352,editscore_72b,serial,,2,rank1,generate,2,27.92,52.16,,8
20260923-230352,editscore_72b,serial,,2,rank1,generate,3,57.65,81.88,,8
20260923-230352,editscore_72b,serial,,2,rank1,generate,4,87.59,111.80,,8
20260923-230352,editscore_72b,serial,,2,rank2,generate,1,0.01,24.42,,8
20260923-230352,editscore_72b,serial,,2,rank2,generate,2,46.54,70.80,,8
20260923-230352,editscore_72b,serial,,2,rank2,generate,3,76.44,100.76,,8
20260923-230352,editscore_72b,serial,,2,rank2,generate,4,107.03,131.37,,8
20260923-230352,editscore_72b,serial,,2,rank3,generate,1,0.01,24.30,,8
20260923-230352,editscore_72b,serial,,2,rank3,generate,2,35.38,59.68,,8
20260923-230352,editscore_72b,serial,,2,rank3,generate,3,65.55,89.82,,8
20260923-230352,editscore_72b,serial,,2,rank3,generate,4,95.64,119.91,,8
20260923-230352,editscore_72b,serial,,2,rank4,generate,1,0.02,24.33,,8
20260923-230352,editscore_72b,serial,,2,rank4,generate,2,38.99,63.29,,8
20260923-230352,editscore_72b,serial,,2,rank4,generate,3,69.04,93.35,,8
20260923-230352,editscore_72b,serial,,2,rank4,generate,4,99.39,123.71,,8
20260923-230352,editscore_72b,serial,,2,rank5,generate,1,0.02,24.48,,8
20260923-230352,editscore_72b,serial,,2,rank5,generate,2,50.29,74.69,,8
20260923-230352,editscore_72b,serial,,2,rank5,generate,3,80.30,104.74,,8
20260923-230352,editscore_72b,serial,,2,rank5,generate,4,110.69,135.15,,8
20260923-230352,editscore_72b,serial,,2,rank6,generate,1,0.02,24.48,,8
20260923-230352,editscore_72b,serial,,2,rank6,generate,2,53.94,78.39,,8
20260923-230352,editscore_72b,serial,,2,rank6,generate,3,83.97,108.39,,8
20260923-230352,editscore_72b,serial,,2,rank6,generate,4,114.40,138.80,,8
20260923-230352,editscore_72b,serial,,2,rank7,generate,1,0.03,24.30,,8
20260923-230352,editscore_72b,serial,,2,rank7,generate,2,31.61,55.88,,8
20260923-230352,editscore_72b,serial,,2,rank7,generate,3,61.64,85.89,,8
20260923-230352,editscore_72b,serial,,2,rank7,generate,4,91.62,115.85,,8
20260923-230352,editscore_72b,serial,,2,rank0,reward_wait,1,24.33,42.83,,8
20260923-230352,editscore_72b,serial,,2,rank0,reward_wait,2,67.19,72.62,,8
20260923-230352,editscore_72b,serial,,2,rank0,reward_wait,3,96.91,103.40,,8
20260923-230352,editscore_72b,serial,,2,rank0,reward_wait,4,127.73,133.49,,8
20260923-230352,editscore_72b,serial,,2,rank1,reward_wait,1,24.24,27.92,,8
20260923-230352,editscore_72b,serial,,2,rank1,reward_wait,2,52.16,57.65,,8
20260923-230352,editscore_72b,serial,,2,rank1,reward_wait,3,81.88,87.59,,8
20260923-230352,editscore_72b,serial,,2,rank1,reward_wait,4,111.80,118.12,,8
20260923-230352,editscore_72b,serial,,2,rank2,reward_wait,1,24.42,46.54,,8
20260923-230352,editscore_72b,serial,,2,rank2,reward_wait,2,70.80,76.44,,8
20260923-230352,editscore_72b,serial,,2,rank2,reward_wait,3,100.76,107.03,,8
20260923-230352,editscore_72b,serial,,2,rank2,reward_wait,4,131.37,137.02,,8
20260923-230352,editscore_72b,serial,,2,rank3,reward_wait,1,24.30,35.38,,8
20260923-230352,editscore_72b,serial,,2,rank3,reward_wait,2,59.68,65.55,,8
20260923-230352,editscore_72b,serial,,2,rank3,reward_wait,3,89.82,95.64,,8
20260923-230352,editscore_72b,serial,,2,rank3,reward_wait,4,119.91,125.95,,8
20260923-230352,editscore_72b,serial,,2,rank4,reward_wait,1,24.33,38.99,,8
20260923-230352,editscore_72b,serial,,2,rank4,reward_wait,2,63.29,69.04,,8
20260923-230352,editscore_72b,serial,,2,rank4,reward_wait,3,93.35,99.39,,8
20260923-230352,editscore_72b,serial,,2,rank4,reward_wait,4,123.71,129.67,,8
20260923-230352,editscore_72b,serial,,2,rank5,reward_wait,1,24.48,50.29,,8
20260923-230352,editscore_72b,serial,,2,rank5,reward_wait,2,74.69,80.30,,8
20260923-230352,editscore_72b,serial,,2,rank5,reward_wait,3,104.74,110.69,,8
20260923-230352,editscore_72b,serial,,2,rank5,reward_wait,4,135.15,140.77,,8
20260923-230352,editscore_72b,serial,,2,rank6,reward_wait,1,24.48,53.94,,8
20260923-230352,editscore_72b,serial,,2,rank6,reward_wait,2,78.39,83.97,,8
20260923-230352,editscore_72b,serial,,2,rank6,reward_wait,3,108.39,114.40,,8
20260923-230352,editscore_72b,serial,,2,rank6,reward_wait,4,138.80,144.50,,8
20260923-230352,editscore_72b,serial,,2,rank7,reward_wait,1,24.30,31.61,,8
20260923-230352,editscore_72b,serial,,2,rank7,reward_wait,2,55.88,61.64,,8
20260923-230352,editscore_72b,serial,,2,rank7,reward_wait,3,85.89,91.62,,8
20260923-230352,editscore_72b,serial,,2,rank7,reward_wait,4,115.85,121.73,,8
20260923-230352,editscore_72b,serial,,2,judge,judge_service,1,24.33,27.92,24.33,8
20260923-230352,editscore_72b,serial,,2,judge,judge_service,2,27.92,31.61,24.41,8
20260923-230352,editscore_72b,serial,,2,judge,judge_service,3,31.61,35.38,24.42,8
20260923-230352,editscore_72b,serial,,2,judge,judge_service,4,35.38,38.99,24.43,8
20260923-230352,editscore_72b,serial,,2,judge,judge_service,5,38.99,42.82,24.44,8
20260923-230352,editscore_72b,serial,,2,judge,judge_service,6,42.82,46.54,24.51,8
20260923-230352,editscore_72b,serial,,2,judge,judge_service,7,46.54,50.29,24.58,8
20260923-230352,editscore_72b,serial,,2,judge,judge_service,8,50.29,53.94,24.58,8
20260923-230352,editscore_72b,serial,,2,judge,judge_service,9,53.94,57.65,52.24,8
20260923-230352,editscore_72b,serial,,2,judge,judge_service,10,57.65,61.64,55.99,8
20260923-230352,editscore_72b,serial,,2,judge,judge_service,11,61.64,65.55,59.77,8
20260923-230352,editscore_72b,serial,,2,judge,judge_service,12,65.55,69.03,63.39,8
20260923-230352,editscore_72b,serial,,2,judge,judge_service,13,69.03,72.61,67.28,8
20260923-230352,editscore_72b,serial,,2,judge,judge_service,14,72.61,76.44,70.89,8
20260923-230352,editscore_72b,serial,,2,judge,judge_service,15,76.44,80.29,74.81,8
20260923-230352,editscore_72b,serial,,2,judge,judge_service,16,80.29,83.97,78.48,8
20260923-230352,editscore_72b,serial,,2,judge,judge_service,17,83.97,87.59,81.96,8
20260923-230352,editscore_72b,serial,,2,judge,judge_service,18,87.59,91.62,86.00,8
20260923-230352,editscore_72b,serial,,2,judge,judge_service,19,91.62,95.64,89.90,8
20260923-230352,editscore_72b,serial,,2,judge,judge_service,20,95.64,99.38,93.45,8
20260923-230352,editscore_72b,serial,,2,judge,judge_service,21,99.38,103.39,97.01,8
20260923-230352,editscore_72b,serial,,2,judge,judge_service,22,103.39,107.03,100.85,8
20260923-230352,editscore_72b,serial,,2,judge,judge_service,23,107.03,110.68,104.83,8
20260923-230352,editscore_72b,serial,,2,judge,judge_service,24,110.68,114.39,108.49,8
20260923-230352,editscore_72b,serial,,2,judge,judge_service,25,114.39,118.12,111.90,8
20260923-230352,editscore_72b,serial,,2,judge,judge_service,26,118.12,121.72,115.95,8
20260923-230352,editscore_72b,serial,,2,judge,judge_service,27,121.72,125.94,120.01,8
20260923-230352,editscore_72b,serial,,2,judge,judge_service,28,125.94,129.66,123.80,8
20260923-230352,editscore_72b,serial,,2,judge,judge_service,29,129.66,133.48,127.83,8
20260923-230352,editscore_72b,serial,,2,judge,judge_service,30,133.48,137.02,131.45,8
20260923-230352,editscore_72b,serial,,2,judge,judge_service,31,137.02,140.77,135.24,8
20260923-230352,editscore_72b,serial,,2,judge,judge_service,32,140.77,144.49,138.91,8
20260923-230352,editscore_72b,overlap,depth1,2,rank0,generate,1,0.00,24.41,,8
20260923-230352,editscore_72b,overlap,depth1,2,rank0,generate,2,24.41,48.72,,8
20260923-230352,editscore_72b,overlap,depth1,2,rank0,generate,3,48.72,73.05,,8
20260923-230352,editscore_72b,overlap,depth1,2,rank0,generate,4,73.75,98.12,,8
20260923-230352,editscore_72b,overlap,depth1,2,rank1,generate,1,0.00,24.29,,8
20260923-230352,editscore_72b,overlap,depth1,2,rank1,generate,2,24.29,48.54,,8
20260923-230352,editscore_72b,overlap,depth1,2,rank1,generate,3,48.54,72.87,,8
20260923-230352,editscore_72b,overlap,depth1,2,rank1,generate,4,72.87,97.19,,8
20260923-230352,editscore_72b,overlap,depth1,2,rank2,generate,1,0.01,24.34,,8
20260923-230352,editscore_72b,overlap,depth1,2,rank2,generate,2,24.34,48.73,,8
20260923-230352,editscore_72b,overlap,depth1,2,rank2,generate,3,48.73,73.18,,8
20260923-230352,editscore_72b,overlap,depth1,2,rank2,generate,4,77.51,101.93,,8
20260923-230352,editscore_72b,overlap,depth1,2,rank3,generate,1,0.02,24.33,,8
20260923-230352,editscore_72b,overlap,depth1,2,rank3,generate,2,24.33,48.65,,8
20260923-230352,editscore_72b,overlap,depth1,2,rank3,generate,3,48.65,72.80,,8
20260923-230352,editscore_72b,overlap,depth1,2,rank3,generate,4,72.80,96.90,,8
20260923-230352,editscore_72b,overlap,depth1,2,rank4,generate,1,0.02,24.30,,8
20260923-230352,editscore_72b,overlap,depth1,2,rank4,generate,2,24.30,48.57,,8
20260923-230352,editscore_72b,overlap,depth1,2,rank4,generate,3,48.57,72.86,,8
20260923-230352,editscore_72b,overlap,depth1,2,rank4,generate,4,72.86,97.17,,8
20260923-230352,editscore_72b,overlap,depth1,2,rank5,generate,1,0.03,24.49,,8
20260923-230352,editscore_72b,overlap,depth1,2,rank5,generate,2,24.49,48.91,,8
20260923-230352,editscore_72b,overlap,depth1,2,rank5,generate,3,51.44,75.84,,8
20260923-230352,editscore_72b,overlap,depth1,2,rank5,generate,4,80.97,105.31,,8
20260923-230352,editscore_72b,overlap,depth1,2,rank6,generate,1,0.03,24.48,,8
20260923-230352,editscore_72b,overlap,depth1,2,rank6,generate,2,24.48,48.83,,8
20260923-230352,editscore_72b,overlap,depth1,2,rank6,generate,3,55.23,79.56,,8
20260923-230352,editscore_72b,overlap,depth1,2,rank6,generate,4,84.78,109.10,,8
20260923-230352,editscore_72b,overlap,depth1,2,rank7,generate,1,0.04,24.33,,8
20260923-230352,editscore_72b,overlap,depth1,2,rank7,generate,2,24.33,48.62,,8
20260923-230352,editscore_72b,overlap,depth1,2,rank7,generate,3,48.62,72.91,,8
20260923-230352,editscore_72b,overlap,depth1,2,rank7,generate,4,72.91,97.17,,8
20260923-230352,editscore_72b,overlap,depth1,2,rank0,reward_wait,1,24.41,47.49,,8
20260923-230352,editscore_72b,overlap,depth1,2,rank0,reward_wait,2,48.72,73.74,,8
20260923-230352,editscore_72b,overlap,depth1,2,rank0,reward_wait,3,73.75,104.38,,8
20260923-230352,editscore_72b,overlap,depth1,2,rank0,reward_wait,4,104.38,133.98,,8
20260923-230352,editscore_72b,overlap,depth1,2,rank1,reward_wait,1,24.29,28.09,,8
20260923-230352,editscore_72b,overlap,depth1,2,rank1,reward_wait,2,48.54,58.84,,8
20260923-230352,editscore_72b,overlap,depth1,2,rank1,reward_wait,3,72.87,92.31,,8
20260923-230352,editscore_72b,overlap,depth1,2,rank1,reward_wait,4,97.19,126.47,,8
20260923-230352,editscore_72b,overlap,depth1,2,rank2,reward_wait,1,24.34,39.89,,8
20260923-230352,editscore_72b,overlap,depth1,2,rank2,reward_wait,2,48.73,77.51,,8
20260923-230352,editscore_72b,overlap,depth1,2,rank2,reward_wait,3,77.51,108.07,,8
20260923-230352,editscore_72b,overlap,depth1,2,rank2,reward_wait,4,108.07,137.60,,8
20260923-230352,editscore_72b,overlap,depth1,2,rank3,reward_wait,1,24.33,43.54,,8
20260923-230352,editscore_72b,overlap,depth1,2,rank3,reward_wait,2,48.65,70.22,,8
20260923-230352,editscore_72b,overlap,depth1,2,rank3,reward_wait,3,72.80,88.61,,8
20260923-230352,editscore_72b,overlap,depth1,2,rank3,reward_wait,4,96.90,119.02,,8
20260923-230352,editscore_72b,overlap,depth1,2,rank4,reward_wait,1,24.30,31.70,,8
20260923-230352,editscore_72b,overlap,depth1,2,rank4,reward_wait,2,48.57,62.42,,8
20260923-230352,editscore_72b,overlap,depth1,2,rank4,reward_wait,3,72.86,96.19,,8
20260923-230352,editscore_72b,overlap,depth1,2,rank4,reward_wait,4,97.17,122.76,,8
20260923-230352,editscore_72b,overlap,depth1,2,rank5,reward_wait,1,24.49,51.44,,8
20260923-230352,editscore_72b,overlap,depth1,2,rank5,reward_wait,2,51.44,80.97,,8
20260923-230352,editscore_72b,overlap,depth1,2,rank5,reward_wait,3,80.97,111.68,,8
20260923-230352,editscore_72b,overlap,depth1,2,rank5,reward_wait,4,111.69,141.34,,8
20260923-230352,editscore_72b,overlap,depth1,2,rank6,reward_wait,1,24.48,55.23,,8
20260923-230352,editscore_72b,overlap,depth1,2,rank6,reward_wait,2,55.23,84.78,,8
20260923-230352,editscore_72b,overlap,depth1,2,rank6,reward_wait,3,84.78,115.08,,8
20260923-230352,editscore_72b,overlap,depth1,2,rank6,reward_wait,4,115.08,145.09,,8
20260923-230352,editscore_72b,overlap,depth1,2,rank7,reward_wait,1,24.33,35.91,,8
20260923-230352,editscore_72b,overlap,depth1,2,rank7,reward_wait,2,48.62,66.29,,8
20260923-230352,editscore_72b,overlap,depth1,2,rank7,reward_wait,3,72.91,100.26,,8
20260923-230352,editscore_72b,overlap,depth1,2,rank7,reward_wait,4,100.26,130.17,,8
20260923-230352,editscore_72b,overlap,depth1,2,judge,judge_service,1,24.42,28.08,24.42,8
20260923-230352,editscore_72b,overlap,depth1,2,judge,judge_service,2,28.08,31.70,24.43,8
20260923-230352,editscore_72b,overlap,depth1,2,judge,judge_service,3,31.70,35.91,24.49,8
20260923-230352,editscore_72b,overlap,depth1,2,judge,judge_service,4,35.91,39.88,24.50,8
20260923-230352,editscore_72b,overlap,depth1,2,judge,judge_service,5,39.88,43.53,24.51,8
20260923-230352,editscore_72b,overlap,depth1,2,judge,judge_service,6,43.53,47.49,24.56,8
20260923-230352,editscore_72b,overlap,depth1,2,judge,judge_service,7,47.49,51.43,24.61,8
20260923-230352,editscore_72b,overlap,depth1,2,judge,judge_service,8,51.43,55.23,24.62,8
20260923-230352,editscore_72b,overlap,depth1,2,judge,judge_service,9,55.23,58.84,48.67,8
20260923-230352,editscore_72b,overlap,depth1,2,judge,judge_service,10,58.84,62.42,48.70,8
20260923-230352,editscore_72b,overlap,depth1,2,judge,judge_service,11,62.42,66.29,48.76,8
20260923-230352,editscore_72b,overlap,depth1,2,judge,judge_service,12,66.29,70.22,48.77,8
20260923-230352,editscore_72b,overlap,depth1,2,judge,judge_service,13,70.22,73.74,48.84,8
20260923-230352,editscore_72b,overlap,depth1,2,judge,judge_service,14,73.74,77.50,48.85,8
20260923-230352,editscore_72b,overlap,depth1,2,judge,judge_service,15,77.50,80.96,51.56,8
20260923-230352,editscore_72b,overlap,depth1,2,judge,judge_service,16,80.96,84.77,55.35,8
20260923-230352,editscore_72b,overlap,depth1,2,judge,judge_service,17,84.77,88.61,72.92,8
20260923-230352,editscore_72b,overlap,depth1,2,judge,judge_service,18,88.61,92.30,72.99,8
20260923-230352,editscore_72b,overlap,depth1,2,judge,judge_service,19,92.30,96.19,73.01,8
20260923-230352,editscore_72b,overlap,depth1,2,judge,judge_service,20,96.19,100.26,73.07,8
20260923-230352,editscore_72b,overlap,depth1,2,judge,judge_service,21,100.26,104.38,73.87,8
20260923-230352,editscore_72b,overlap,depth1,2,judge,judge_service,22,104.38,108.06,77.62,8
20260923-230352,editscore_72b,overlap,depth1,2,judge,judge_service,23,108.06,111.68,81.07,8
20260923-230352,editscore_72b,overlap,depth1,2,judge,judge_service,24,111.68,115.08,84.91,8
20260923-230352,editscore_72b,overlap,depth1,2,judge,judge_service,25,115.08,119.01,97.00,8
20260923-230352,editscore_72b,overlap,depth1,2,judge,judge_service,26,119.01,122.76,97.28,8
20260923-230352,editscore_72b,overlap,depth1,2,judge,judge_service,27,122.76,126.46,97.29,8
20260923-230352,editscore_72b,overlap,depth1,2,judge,judge_service,28,126.46,130.16,100.35,8
20260923-230352,editscore_72b,overlap,depth1,2,judge,judge_service,29,130.16,133.98,104.48,8
20260923-230352,editscore_72b,overlap,depth1,2,judge,judge_service,30,133.98,137.60,108.16,8
20260923-230352,editscore_72b,overlap,depth1,2,judge,judge_service,31,137.60,141.34,111.78,8
20260923-230352,editscore_72b,overlap,depth1,2,judge,judge_service,32,141.34,145.09,115.19,8
20260928-093100,editscore_8b,baseline,,2,rank0,generate,1,0.00,96.62,,32
20260928-093100,editscore_8b,baseline,,2,rank1,generate,1,0.00,97.34,,32
20260928-093100,editscore_8b,baseline,,2,rank2,generate,1,0.01,97.19,,32
20260928-093100,editscore_8b,baseline,,2,rank3,generate,1,0.02,97.78,,32
20260928-093100,editscore_8b,baseline,,2,rank4,generate,1,0.02,97.47,,32
20260928-093100,editscore_8b,baseline,,2,rank5,generate,1,0.03,97.28,,32
20260928-093100,editscore_8b,baseline,,2,rank6,generate,1,0.03,97.06,,32
20260928-093100,editscore_8b,baseline,,2,rank7,generate,1,0.03,97.88,,32
20260928-093100,editscore_8b,baseline,,2,rank0,reward_wait,1,102.97,112.68,,32
20260928-093100,editscore_8b,baseline,,2,rank1,reward_wait,1,102.99,115.71,,32
20260928-093100,editscore_8b,baseline,,2,rank2,reward_wait,1,103.15,128.16,,32
20260928-093100,editscore_8b,baseline,,2,rank3,reward_wait,1,103.07,125.09,,32
20260928-093100,editscore_8b,baseline,,2,rank4,reward_wait,1,102.85,109.64,,32
20260928-093100,editscore_8b,baseline,,2,rank5,reward_wait,1,103.02,118.78,,32
20260928-093100,editscore_8b,baseline,,2,rank6,reward_wait,1,102.87,106.51,,32
20260928-093100,editscore_8b,baseline,,2,rank7,reward_wait,1,103.00,121.96,,32
20260928-093100,editscore_8b,baseline,,2,judge,judge_service,1,103.28,106.50,103.28,32
20260928-093100,editscore_8b,baseline,,2,judge,judge_service,2,106.50,109.63,103.31,32
20260928-093100,editscore_8b,baseline,,2,judge,judge_service,3,109.63,112.67,103.35,32
20260928-093100,editscore_8b,baseline,,2,judge,judge_service,4,112.67,115.70,103.41,32
20260928-093100,editscore_8b,baseline,,2,judge,judge_service,5,115.70,118.77,103.46,32
20260928-093100,editscore_8b,baseline,,2,judge,judge_service,6,118.77,121.95,103.49,32
20260928-093100,editscore_8b,baseline,,2,judge,judge_service,7,121.95,125.09,103.54,32
20260928-093100,editscore_8b,baseline,,2,judge,judge_service,8,125.09,128.15,103.59,32
20260928-093100,editscore_8b,baseline,,3,rank0,generate,1,0.00,96.60,,32
20260928-093100,editscore_8b,baseline,,3,rank1,generate,1,0.00,97.30,,32
20260928-093100,editscore_8b,baseline,,3,rank2,generate,1,0.00,97.15,,32
20260928-093100,editscore_8b,baseline,,3,rank3,generate,1,0.00,97.70,,32
20260928-093100,editscore_8b,baseline,,3,rank4,generate,1,0.03,97.48,,32
20260928-093100,editscore_8b,baseline,,3,rank5,generate,1,0.03,96.74,,32
20260928-093100,editscore_8b,baseline,,3,rank6,generate,1,0.03,97.10,,32
20260928-093100,editscore_8b,baseline,,3,rank7,generate,1,0.04,97.20,,32
20260928-093100,editscore_8b,baseline,,3,rank0,reward_wait,1,103.12,112.94,,32
20260928-093100,editscore_8b,baseline,,3,rank1,reward_wait,1,103.16,125.64,,32
20260928-093100,editscore_8b,baseline,,3,rank2,reward_wait,1,103.18,122.48,,32
20260928-093100,editscore_8b,baseline,,3,rank3,reward_wait,1,103.60,128.71,,32
20260928-093100,editscore_8b,baseline,,3,rank4,reward_wait,1,103.04,106.78,,32
20260928-093100,editscore_8b,baseline,,3,rank5,reward_wait,1,103.12,109.83,,32
20260928-093100,editscore_8b,baseline,,3,rank6,reward_wait,1,103.10,116.25,,32
20260928-093100,editscore_8b,baseline,,3,rank7,reward_wait,1,103.15,119.39,,32
20260928-093100,editscore_8b,baseline,,3,judge,judge_service,1,103.43,106.77,103.43,32
20260928-093100,editscore_8b,baseline,,3,judge,judge_service,2,106.77,109.83,103.49,32
20260928-093100,editscore_8b,baseline,,3,judge,judge_service,3,109.83,112.93,103.54,32
20260928-093100,editscore_8b,baseline,,3,judge,judge_service,4,112.93,116.24,103.56,32
20260928-093100,editscore_8b,baseline,,3,judge,judge_service,5,116.24,119.39,103.63,32
20260928-093100,editscore_8b,baseline,,3,judge,judge_service,6,119.39,122.47,103.65,32
20260928-093100,editscore_8b,baseline,,3,judge,judge_service,7,122.47,125.63,103.69,32
20260928-093100,editscore_8b,baseline,,3,judge,judge_service,8,125.63,128.70,104.08,32
20260928-093100,editscore_8b,serial,,2,rank0,generate,1,0.00,24.14,,8
20260928-093100,editscore_8b,serial,,2,rank0,generate,2,25.54,49.61,,8
20260928-093100,editscore_8b,serial,,2,rank0,generate,3,50.96,75.05,,8
20260928-093100,editscore_8b,serial,,2,rank0,generate,4,76.35,100.46,,8
20260928-093100,editscore_8b,serial,,2,rank1,generate,1,0.00,24.31,,8
20260928-093100,editscore_8b,serial,,2,rank1,generate,2,26.76,51.06,,8
20260928-093100,editscore_8b,serial,,2,rank1,generate,3,52.36,76.68,,8
20260928-093100,editscore_8b,serial,,2,rank1,generate,4,77.96,102.26,,8
20260928-093100,editscore_8b,serial,,2,rank2,generate,1,0.01,24.31,,8
20260928-093100,editscore_8b,serial,,2,rank2,generate,2,27.99,52.23,,8
20260928-093100,editscore_8b,serial,,2,rank2,generate,3,53.58,77.84,,8
20260928-093100,editscore_8b,serial,,2,rank2,generate,4,79.17,103.42,,8
20260928-093100,editscore_8b,serial,,2,rank3,generate,1,0.01,24.43,,8
20260928-093100,editscore_8b,serial,,2,rank3,generate,2,32.90,57.19,,8
20260928-093100,editscore_8b,serial,,2,rank3,generate,3,58.63,82.89,,8
20260928-093100,editscore_8b,serial,,2,rank3,generate,4,84.32,108.58,,8
20260928-093100,editscore_8b,serial,,2,rank4,generate,1,0.02,24.34,,8
20260928-093100,editscore_8b,serial,,2,rank4,generate,2,29.20,53.50,,8
20260928-093100,editscore_8b,serial,,2,rank4,generate,3,54.78,79.11,,8
20260928-093100,editscore_8b,serial,,2,rank4,generate,4,80.51,104.85,,8
20260928-093100,editscore_8b,serial,,2,rank5,generate,1,0.02,24.33,,8
20260928-093100,editscore_8b,serial,,2,rank5,generate,2,30.39,54.68,,8
20260928-093100,editscore_8b,serial,,2,rank5,generate,3,56.00,80.30,,8
20260928-093100,editscore_8b,serial,,2,rank5,generate,4,81.69,106.00,,8
20260928-093100,editscore_8b,serial,,2,rank6,generate,1,0.02,24.35,,8
20260928-093100,editscore_8b,serial,,2,rank6,generate,2,31.67,55.95,,8
20260928-093100,editscore_8b,serial,,2,rank6,generate,3,57.29,81.56,,8
20260928-093100,editscore_8b,serial,,2,rank6,generate,4,82.85,107.14,,8
20260928-093100,editscore_8b,serial,,2,rank7,generate,1,0.03,24.47,,8
20260928-093100,editscore_8b,serial,,2,rank7,generate,2,34.18,58.48,,8
20260928-093100,editscore_8b,serial,,2,rank7,generate,3,59.93,84.35,,8
20260928-093100,editscore_8b,serial,,2,rank7,generate,4,85.68,110.09,,8
20260928-093100,editscore_8b,serial,,2,rank0,reward_wait,1,24.14,25.54,,8
20260928-093100,editscore_8b,serial,,2,rank0,reward_wait,2,49.61,50.96,,8
20260928-093100,editscore_8b,serial,,2,rank0,reward_wait,3,75.05,76.35,,8
20260928-093100,editscore_8b,serial,,2,rank0,reward_wait,4,100.46,101.85,,8
20260928-093100,editscore_8b,serial,,2,rank1,reward_wait,1,24.31,26.76,,8
20260928-093100,editscore_8b,serial,,2,rank1,reward_wait,2,51.06,52.36,,8
20260928-093100,editscore_8b,serial,,2,rank1,reward_wait,3,76.68,77.96,,8
20260928-093100,editscore_8b,serial,,2,rank1,reward_wait,4,102.26,103.48,,8
20260928-093100,editscore_8b,serial,,2,rank2,reward_wait,1,24.31,27.99,,8
20260928-093100,editscore_8b,serial,,2,rank2,reward_wait,2,52.23,53.58,,8
20260928-093100,editscore_8b,serial,,2,rank2,reward_wait,3,77.84,79.17,,8
20260928-093100,editscore_8b,serial,,2,rank2,reward_wait,4,103.42,104.71,,8
20260928-093100,editscore_8b,serial,,2,rank3,reward_wait,1,24.43,32.90,,8
20260928-093100,editscore_8b,serial,,2,rank3,reward_wait,2,57.19,58.63,,8
20260928-093100,editscore_8b,serial,,2,rank3,reward_wait,3,82.89,84.32,,8
20260928-093100,editscore_8b,serial,,2,rank3,reward_wait,4,108.58,109.99,,8
20260928-093100,editscore_8b,serial,,2,rank4,reward_wait,1,24.34,29.20,,8
20260928-093100,editscore_8b,serial,,2,rank4,reward_wait,2,53.50,54.78,,8
20260928-093100,editscore_8b,serial,,2,rank4,reward_wait,3,79.11,80.51,,8
20260928-093100,editscore_8b,serial,,2,rank4,reward_wait,4,104.85,106.19,,8
20260928-093100,editscore_8b,serial,,2,rank5,reward_wait,1,24.33,30.39,,8
20260928-093100,editscore_8b,serial,,2,rank5,reward_wait,2,54.68,56.00,,8
20260928-093100,editscore_8b,serial,,2,rank5,reward_wait,3,80.30,81.69,,8
20260928-093100,editscore_8b,serial,,2,rank5,reward_wait,4,106.00,107.48,,8
20260928-093100,editscore_8b,serial,,2,rank6,reward_wait,1,24.35,31.67,,8
20260928-093100,editscore_8b,serial,,2,rank6,reward_wait,2,55.95,57.29,,8
20260928-093100,editscore_8b,serial,,2,rank6,reward_wait,3,81.56,82.85,,8
20260928-093100,editscore_8b,serial,,2,rank6,reward_wait,4,107.14,108.63,,8
20260928-093100,editscore_8b,serial,,2,rank7,reward_wait,1,24.47,34.18,,8
20260928-093100,editscore_8b,serial,,2,rank7,reward_wait,2,58.48,59.93,,8
20260928-093100,editscore_8b,serial,,2,rank7,reward_wait,3,84.35,85.68,,8
20260928-093100,editscore_8b,serial,,2,rank7,reward_wait,4,110.09,111.49,,8
20260928-093100,editscore_8b,serial,,2,judge,judge_service,1,24.24,25.53,24.24,8
20260928-093100,editscore_8b,serial,,2,judge,judge_service,2,25.53,26.76,24.40,8
20260928-093100,editscore_8b,serial,,2,judge,judge_service,3,26.76,27.99,24.41,8
20260928-093100,editscore_8b,serial,,2,judge,judge_service,4,27.99,29.20,24.43,8
20260928-093100,editscore_8b,serial,,2,judge,judge_service,5,29.20,30.38,24.44,8
20260928-093100,editscore_8b,serial,,2,judge,judge_service,6,30.38,31.67,24.45,8
20260928-093100,editscore_8b,serial,,2,judge,judge_service,7,31.67,32.90,24.53,8
20260928-093100,editscore_8b,serial,,2,judge,judge_service,8,32.90,34.18,24.57,8
20260928-093100,editscore_8b,serial,,2,judge,judge_service,9,49.71,50.96,49.71,8
20260928-093100,editscore_8b,serial,,2,judge,judge_service,10,51.15,52.36,51.15,8
20260928-093100,editscore_8b,serial,,2,judge,judge_service,11,52.36,53.58,52.33,8
20260928-093100,editscore_8b,serial,,2,judge,judge_service,12,53.60,54.78,53.60,8
20260928-093100,editscore_8b,serial,,2,judge,judge_service,13,54.79,56.00,54.79,8
20260928-093100,editscore_8b,serial,,2,judge,judge_service,14,56.05,57.29,56.05,8
20260928-093100,editscore_8b,serial,,2,judge,judge_service,15,57.29,58.63,57.29,8
20260928-093100,editscore_8b,serial,,2,judge,judge_service,16,58.63,59.93,58.58,8
20260928-093100,editscore_8b,serial,,2,judge,judge_service,17,75.15,76.35,75.15,8
20260928-093100,editscore_8b,serial,,2,judge,judge_service,18,76.77,77.96,76.77,8
20260928-093100,editscore_8b,serial,,2,judge,judge_service,19,77.96,79.17,77.94,8
20260928-093100,editscore_8b,serial,,2,judge,judge_service,20,79.21,80.51,79.21,8
20260928-093100,editscore_8b,serial,,2,judge,judge_service,21,80.51,81.69,80.40,8
20260928-093100,editscore_8b,serial,,2,judge,judge_service,22,81.69,82.85,81.66,8
20260928-093100,editscore_8b,serial,,2,judge,judge_service,23,82.98,84.32,82.98,8
20260928-093100,editscore_8b,serial,,2,judge,judge_service,24,84.45,85.68,84.45,8
20260928-093100,editscore_8b,serial,,2,judge,judge_service,25,100.55,101.85,100.55,8
20260928-093100,editscore_8b,serial,,2,judge,judge_service,26,102.36,103.48,102.36,8
20260928-093100,editscore_8b,serial,,2,judge,judge_service,27,103.51,104.71,103.51,8
20260928-093100,editscore_8b,serial,,2,judge,judge_service,28,104.95,106.19,104.95,8
20260928-093100,editscore_8b,serial,,2,judge,judge_service,29,106.19,107.48,106.10,8
20260928-093100,editscore_8b,serial,,2,judge,judge_service,30,107.48,108.63,107.25,8
20260928-093100,editscore_8b,serial,,2,judge,judge_service,31,108.68,109.99,108.68,8
20260928-093100,editscore_8b,serial,,2,judge,judge_service,32,110.18,111.49,110.18,8
20260928-093100,editscore_8b,serial,,3,rank0,generate,1,0.00,24.09,,8
20260928-093100,editscore_8b,serial,,3,rank0,generate,2,25.39,49.47,,8
20260928-093100,editscore_8b,serial,,3,rank0,generate,3,50.88,74.95,,8
20260928-093100,editscore_8b,serial,,3,rank0,generate,4,76.23,100.29,,8
20260928-093100,editscore_8b,serial,,3,rank1,generate,1,0.00,24.31,,8
20260928-093100,editscore_8b,serial,,3,rank1,generate,2,30.31,54.61,,8
20260928-093100,editscore_8b,serial,,3,rank1,generate,3,55.92,80.24,,8
20260928-093100,editscore_8b,serial,,3,rank1,generate,4,81.61,105.92,,8
20260928-093100,editscore_8b,serial,,3,rank2,generate,1,0.01,24.27,,8
20260928-093100,editscore_8b,serial,,3,rank2,generate,2,26.66,50.92,,8
20260928-093100,editscore_8b,serial,,3,rank2,generate,3,52.28,76.53,,8
20260928-093100,editscore_8b,serial,,3,rank2,generate,4,77.80,102.06,,8
20260928-093100,editscore_8b,serial,,3,rank3,generate,1,0.02,24.29,,8
20260928-093100,editscore_8b,serial,,3,rank3,generate,2,27.87,52.13,,8
20260928-093100,editscore_8b,serial,,3,rank3,generate,3,53.51,77.80,,8
20260928-093100,editscore_8b,serial,,3,rank3,generate,4,79.09,103.35,,8
20260928-093100,editscore_8b,serial,,3,rank4,generate,1,0.01,24.34,,8
20260928-093100,editscore_8b,serial,,3,rank4,generate,2,31.57,55.87,,8
20260928-093100,editscore_8b,serial,,3,rank4,generate,3,57.30,81.63,,8
20260928-093100,editscore_8b,serial,,3,rank4,generate,4,82.91,107.24,,8
20260928-093100,editscore_8b,serial,,3,rank5,generate,1,0.02,24.34,,8
20260928-093100,editscore_8b,serial,,3,rank5,generate,2,32.73,57.05,,8
20260928-093100,editscore_8b,serial,,3,rank5,generate,3,58.46,82.76,,8
20260928-093100,editscore_8b,serial,,3,rank5,generate,4,83.99,108.30,,8
20260928-093100,editscore_8b,serial,,3,rank6,generate,1,0.02,24.37,,8
20260928-093100,editscore_8b,serial,,3,rank6,generate,2,34.10,58.38,,8
20260928-093100,editscore_8b,serial,,3,rank6,generate,3,59.79,84.09,,8
20260928-093100,editscore_8b,serial,,3,rank6,generate,4,85.45,109.72,,8
20260928-093100,editscore_8b,serial,,3,rank7,generate,1,0.02,24.31,,8
20260928-093100,editscore_8b,serial,,3,rank7,generate,2,29.08,53.36,,8
20260928-093100,editscore_8b,serial,,3,rank7,generate,3,54.69,78.95,,8
20260928-093100,editscore_8b,serial,,3,rank7,generate,4,80.20,104.47,,8
20260928-093100,editscore_8b,serial,,3,rank0,reward_wait,1,24.09,25.39,,8
20260928-093100,editscore_8b,serial,,3,rank0,reward_wait,2,49.47,50.88,,8
20260928-093100,editscore_8b,serial,,3,rank0,reward_wait,3,74.95,76.23,,8
20260928-093100,editscore_8b,serial,,3,rank0,reward_wait,4,100.29,101.62,,8
20260928-093100,editscore_8b,serial,,3,rank1,reward_wait,1,24.31,30.31,,8
20260928-093100,editscore_8b,serial,,3,rank1,reward_wait,2,54.61,55.92,,8
20260928-093100,editscore_8b,serial,,3,rank1,reward_wait,3,80.24,81.61,,8
20260928-093100,editscore_8b,serial,,3,rank1,reward_wait,4,105.92,107.24,,8
20260928-093100,editscore_8b,serial,,3,rank2,reward_wait,1,24.27,26.66,,8
20260928-093100,editscore_8b,serial,,3,rank2,reward_wait,2,50.92,52.28,,8
20260928-093100,editscore_8b,serial,,3,rank2,reward_wait,3,76.53,77.80,,8
20260928-093100,editscore_8b,serial,,3,rank2,reward_wait,4,102.06,103.32,,8
20260928-093100,editscore_8b,serial,,3,rank3,reward_wait,1,24.29,27.87,,8
20260928-093100,editscore_8b,serial,,3,rank3,reward_wait,2,52.13,53.51,,8
20260928-093100,editscore_8b,serial,,3,rank3,reward_wait,3,77.80,79.09,,8
20260928-093100,editscore_8b,serial,,3,rank3,reward_wait,4,103.35,104.70,,8
20260928-093100,editscore_8b,serial,,3,rank4,reward_wait,1,24.34,31.57,,8
20260928-093100,editscore_8b,serial,,3,rank4,reward_wait,2,55.87,57.30,,8
20260928-093100,editscore_8b,serial,,3,rank4,reward_wait,3,81.63,82.91,,8
20260928-093100,editscore_8b,serial,,3,rank4,reward_wait,4,107.24,108.62,,8
20260928-093100,editscore_8b,serial,,3,rank5,reward_wait,1,24.34,32.73,,8
20260928-093100,editscore_8b,serial,,3,rank5,reward_wait,2,57.05,58.46,,8
20260928-093100,editscore_8b,serial,,3,rank5,reward_wait,3,82.76,83.99,,8
20260928-093100,editscore_8b,serial,,3,rank5,reward_wait,4,108.30,109.77,,8
20260928-093100,editscore_8b,serial,,3,rank6,reward_wait,1,24.37,34.09,,8
20260928-093100,editscore_8b,serial,,3,rank6,reward_wait,2,58.38,59.79,,8
20260928-093100,editscore_8b,serial,,3,rank6,reward_wait,3,84.09,85.45,,8
20260928-093100,editscore_8b,serial,,3,rank6,reward_wait,4,109.72,111.15,,8
20260928-093100,editscore_8b,serial,,3,rank7,reward_wait,1,24.31,29.08,,8
20260928-093100,editscore_8b,serial,,3,rank7,reward_wait,2,53.36,54.69,,8
20260928-093100,editscore_8b,serial,,3,rank7,reward_wait,3,78.95,80.20,,8
20260928-093100,editscore_8b,serial,,3,rank7,reward_wait,4,104.47,105.81,,8
20260928-093100,editscore_8b,serial,,3,judge,judge_service,1,24.20,25.39,24.20,8
20260928-093100,editscore_8b,serial,,3,judge,judge_service,2,25.39,26.65,24.36,8
20260928-093100,editscore_8b,serial,,3,judge,judge_service,3,26.65,27.87,24.39,8
20260928-093100,editscore_8b,serial,,3,judge,judge_service,4,27.87,29.08,24.41,8
20260928-093100,editscore_8b,serial,,3,judge,judge_service,5,29.08,30.31,24.42,8
20260928-093100,editscore_8b,serial,,3,judge,judge_service,6,30.31,31.56,24.44,8
20260928-093100,editscore_8b,serial,,3,judge,judge_service,7,31.56,32.72,24.45,8
20260928-093100,editscore_8b,serial,,3,judge,judge_service,8,32.72,34.09,24.47,8
20260928-093100,editscore_8b,serial,,3,judge,judge_service,9,49.58,50.87,49.58,8
20260928-093100,editscore_8b,serial,,3,judge,judge_service,10,51.01,52.28,51.01,8
20260928-093100,editscore_8b,serial,,3,judge,judge_service,11,52.28,53.50,52.23,8
20260928-093100,editscore_8b,serial,,3,judge,judge_service,12,53.50,54.69,53.45,8
20260928-093100,editscore_8b,serial,,3,judge,judge_service,13,54.70,55.92,54.70,8
20260928-093100,editscore_8b,serial,,3,judge,judge_service,14,55.97,57.30,55.97,8
20260928-093100,editscore_8b,serial,,3,judge,judge_service,15,57.30,58.46,57.15,8
20260928-093100,editscore_8b,serial,,3,judge,judge_service,16,58.48,59.79,58.48,8
20260928-093100,editscore_8b,serial,,3,judge,judge_service,17,75.04,76.23,75.04,8
20260928-093100,editscore_8b,serial,,3,judge,judge_service,18,76.61,77.80,76.61,8
20260928-093100,editscore_8b,serial,,3,judge,judge_service,19,77.90,79.09,77.90,8
20260928-093100,editscore_8b,serial,,3,judge,judge_service,20,79.09,80.20,79.05,8
20260928-093100,editscore_8b,serial,,3,judge,judge_service,21,80.34,81.61,80.34,8
20260928-093100,editscore_8b,serial,,3,judge,judge_service,22,81.73,82.90,81.73,8
20260928-093100,editscore_8b,serial,,3,judge,judge_service,23,82.90,83.99,82.87,8
20260928-093100,editscore_8b,serial,,3,judge,judge_service,24,84.18,85.45,84.18,8
20260928-093100,editscore_8b,serial,,3,judge,judge_service,25,100.40,101.62,100.40,8
20260928-093100,editscore_8b,serial,,3,judge,judge_service,26,102.15,103.32,102.15,8
20260928-093100,editscore_8b,serial,,3,judge,judge_service,27,103.45,104.70,103.45,8
20260928-093100,editscore_8b,serial,,3,judge,judge_service,28,104.70,105.81,104.56,8
20260928-093100,editscore_8b,serial,,3,judge,judge_service,29,106.02,107.24,106.02,8
20260928-093100,editscore_8b,serial,,3,judge,judge_service,30,107.33,108.62,107.33,8
20260928-093100,editscore_8b,serial,,3,judge,judge_service,31,108.62,109.77,108.40,8
20260928-093100,editscore_8b,serial,,3,judge,judge_service,32,109.82,111.15,109.82,8
20260928-093100,editscore_8b,overlap,depth1,2,rank0,generate,1,0.00,24.15,,8
20260928-093100,editscore_8b,overlap,depth1,2,rank0,generate,2,24.15,48.27,,8
20260928-093100,editscore_8b,overlap,depth1,2,rank0,generate,3,48.27,72.40,,8
20260928-093100,editscore_8b,overlap,depth1,2,rank0,generate,4,72.40,96.58,,8
20260928-093100,editscore_8b,overlap,depth1,2,rank1,generate,1,0.00,24.30,,8
20260928-093100,editscore_8b,overlap,depth1,2,rank1,generate,2,24.30,48.59,,8
20260928-093100,editscore_8b,overlap,depth1,2,rank1,generate,3,48.59,72.91,,8
20260928-093100,editscore_8b,overlap,depth1,2,rank1,generate,4,72.91,97.23,,8
20260928-093100,editscore_8b,overlap,depth1,2,rank2,generate,1,0.01,24.33,,8
20260928-093100,editscore_8b,overlap,depth1,2,rank2,generate,2,24.33,48.60,,8
20260928-093100,editscore_8b,overlap,depth1,2,rank2,generate,3,48.60,72.87,,8
20260928-093100,editscore_8b,overlap,depth1,2,rank2,generate,4,72.87,97.14,,8
20260928-093100,editscore_8b,overlap,depth1,2,rank3,generate,1,0.01,24.47,,8
20260928-093100,editscore_8b,overlap,depth1,2,rank3,generate,2,24.47,48.94,,8
20260928-093100,editscore_8b,overlap,depth1,2,rank3,generate,3,48.94,73.40,,8
20260928-093100,editscore_8b,overlap,depth1,2,rank3,generate,4,73.40,97.86,,8
20260928-093100,editscore_8b,overlap,depth1,2,rank4,generate,1,0.02,24.38,,8
20260928-093100,editscore_8b,overlap,depth1,2,rank4,generate,2,24.38,48.73,,8
20260928-093100,editscore_8b,overlap,depth1,2,rank4,generate,3,48.73,73.09,,8
20260928-093100,editscore_8b,overlap,depth1,2,rank4,generate,4,73.09,97.45,,8
20260928-093100,editscore_8b,overlap,depth1,2,rank5,generate,1,0.02,24.36,,8
20260928-093100,editscore_8b,overlap,depth1,2,rank5,generate,2,24.36,48.68,,8
20260928-093100,editscore_8b,overlap,depth1,2,rank5,generate,3,48.68,73.01,,8
20260928-093100,editscore_8b,overlap,depth1,2,rank5,generate,4,73.01,97.33,,8
20260928-093100,editscore_8b,overlap,depth1,2,rank6,generate,1,0.03,24.34,,8
20260928-093100,editscore_8b,overlap,depth1,2,rank6,generate,2,24.34,48.61,,8
20260928-093100,editscore_8b,overlap,depth1,2,rank6,generate,3,48.61,72.90,,8
20260928-093100,editscore_8b,overlap,depth1,2,rank6,generate,4,72.90,97.19,,8
20260928-093100,editscore_8b,overlap,depth1,2,rank7,generate,1,0.03,24.48,,8
20260928-093100,editscore_8b,overlap,depth1,2,rank7,generate,2,24.48,48.95,,8
20260928-093100,editscore_8b,overlap,depth1,2,rank7,generate,3,48.95,73.39,,8
20260928-093100,editscore_8b,overlap,depth1,2,rank7,generate,4,73.39,97.82,,8
20260928-093100,editscore_8b,overlap,depth1,2,rank0,reward_wait,1,24.15,25.50,,8
20260928-093100,editscore_8b,overlap,depth1,2,rank0,reward_wait,2,48.27,49.55,,8
20260928-093100,editscore_8b,overlap,depth1,2,rank0,reward_wait,3,72.40,73.67,,8
20260928-093100,editscore_8b,overlap,depth1,2,rank0,reward_wait,4,96.58,97.83,,8
20260928-093100,editscore_8b,overlap,depth1,2,rank1,reward_wait,1,24.30,26.60,,8
20260928-093100,editscore_8b,overlap,depth1,2,rank1,reward_wait,2,48.59,50.70,,8
20260928-093100,editscore_8b,overlap,depth1,2,rank1,reward_wait,3,72.91,76.99,,8
20260928-093100,editscore_8b,overlap,depth1,2,rank1,reward_wait,4,97.23,101.29,,8
20260928-093100,editscore_8b,overlap,depth1,2,rank2,reward_wait,1,24.33,27.85,,8
20260928-093100,editscore_8b,overlap,depth1,2,rank2,reward_wait,2,48.60,52.99,,8
20260928-093100,editscore_8b,overlap,depth1,2,rank2,reward_wait,3,72.87,74.74,,8
20260928-093100,editscore_8b,overlap,depth1,2,rank2,reward_wait,4,97.14,98.98,,8
20260928-093100,editscore_8b,overlap,depth1,2,rank3,reward_wait,1,24.47,32.43,,8
20260928-093100,editscore_8b,overlap,depth1,2,rank3,reward_wait,2,48.94,56.39,,8
20260928-093100,editscore_8b,overlap,depth1,2,rank3,reward_wait,3,73.40,80.45,,8
20260928-093100,editscore_8b,overlap,depth1,2,rank3,reward_wait,4,97.86,106.15,,8
20260928-093100,editscore_8b,overlap,depth1,2,rank4,reward_wait,1,24.38,31.26,,8
20260928-093100,editscore_8b,overlap,depth1,2,rank4,reward_wait,2,48.73,55.21,,8
20260928-093100,editscore_8b,overlap,depth1,2,rank4,reward_wait,3,73.09,79.32,,8
20260928-093100,editscore_8b,overlap,depth1,2,rank4,reward_wait,4,97.45,103.58,,8
20260928-093100,editscore_8b,overlap,depth1,2,rank5,reward_wait,1,24.36,30.15,,8
20260928-093100,editscore_8b,overlap,depth1,2,rank5,reward_wait,2,48.68,54.10,,8
20260928-093100,editscore_8b,overlap,depth1,2,rank5,reward_wait,3,73.01,78.13,,8
20260928-093100,editscore_8b,overlap,depth1,2,rank5,reward_wait,4,97.33,102.47,,8
20260928-093100,editscore_8b,overlap,depth1,2,rank6,reward_wait,1,24.34,29.04,,8
20260928-093100,editscore_8b,overlap,depth1,2,rank6,reward_wait,2,48.61,51.87,,8
20260928-093100,editscore_8b,overlap,depth1,2,rank6,reward_wait,3,72.90,75.83,,8
20260928-093100,editscore_8b,overlap,depth1,2,rank6,reward_wait,4,97.19,100.11,,8
20260928-093100,editscore_8b,overlap,depth1,2,rank7,reward_wait,1,24.48,33.61,,8
20260928-093100,editscore_8b,overlap,depth1,2,rank7,reward_wait,2,48.95,57.55,,8
20260928-093100,editscore_8b,overlap,depth1,2,rank7,reward_wait,3,73.39,81.65,,8
20260928-093100,editscore_8b,overlap,depth1,2,rank7,reward_wait,4,97.82,104.86,,8
20260928-093100,editscore_8b,overlap,depth1,2,judge,judge_service,1,24.28,25.50,24.28,8
20260928-093100,editscore_8b,overlap,depth1,2,judge,judge_service,2,25.50,26.60,24.44,8
20260928-093100,editscore_8b,overlap,depth1,2,judge,judge_service,3,26.60,27.84,24.46,8
20260928-093100,editscore_8b,overlap,depth1,2,judge,judge_service,4,27.84,29.04,24.48,8
20260928-093100,editscore_8b,overlap,depth1,2,judge,judge_service,5,29.04,30.15,24.50,8
20260928-093100,editscore_8b,overlap,depth1,2,judge,judge_service,6,30.15,31.26,24.51,8
20260928-093100,editscore_8b,overlap,depth1,2,judge,judge_service,7,31.26,32.43,24.61,8
20260928-093100,editscore_8b,overlap,depth1,2,judge,judge_service,8,32.43,33.61,24.63,8
20260928-093100,editscore_8b,overlap,depth1,2,judge,judge_service,9,48.39,49.55,48.39,8
20260928-093100,editscore_8b,overlap,depth1,2,judge,judge_service,10,49.55,50.70,48.72,8
20260928-093100,editscore_8b,overlap,depth1,2,judge,judge_service,11,50.70,51.87,48.73,8
20260928-093100,editscore_8b,overlap,depth1,2,judge,judge_service,12,51.87,52.99,48.74,8
20260928-093100,editscore_8b,overlap,depth1,2,judge,judge_service,13,52.99,54.10,48.81,8
20260928-093100,editscore_8b,overlap,depth1,2,judge,judge_service,14,54.10,55.21,48.86,8
20260928-093100,editscore_8b,overlap,depth1,2,judge,judge_service,15,55.21,56.39,49.06,8
20260928-093100,editscore_8b,overlap,depth1,2,judge,judge_service,16,56.39,57.55,49.08,8
20260928-093100,editscore_8b,overlap,depth1,2,judge,judge_service,17,72.52,73.67,72.52,8
20260928-093100,editscore_8b,overlap,depth1,2,judge,judge_service,18,73.67,74.74,73.00,8
20260928-093100,editscore_8b,overlap,depth1,2,judge,judge_service,19,74.74,75.83,73.03,8
20260928-093100,editscore_8b,overlap,depth1,2,judge,judge_service,20,75.83,76.99,73.04,8
20260928-093100,editscore_8b,overlap,depth1,2,judge,judge_service,21,76.99,78.12,73.14,8
20260928-093100,editscore_8b,overlap,depth1,2,judge,judge_service,22,78.12,79.31,73.22,8
20260928-093100,editscore_8b,overlap,depth1,2,judge,judge_service,23,79.31,80.45,73.52,8
20260928-093100,editscore_8b,overlap,depth1,2,judge,judge_service,24,80.45,81.65,73.53,8
20260928-093100,editscore_8b,overlap,depth1,2,judge,judge_service,25,96.67,97.83,96.67,8
20260928-093100,editscore_8b,overlap,depth1,2,judge,judge_service,26,97.83,98.98,97.25,8
20260928-093100,editscore_8b,overlap,depth1,2,judge,judge_service,27,98.98,100.11,97.29,8
20260928-093100,editscore_8b,overlap,depth1,2,judge,judge_service,28,100.11,101.29,97.32,8
20260928-093100,editscore_8b,overlap,depth1,2,judge,judge_service,29,101.29,102.47,97.43,8
20260928-093100,editscore_8b,overlap,depth1,2,judge,judge_service,30,102.47,103.58,97.55,8
20260928-093100,editscore_8b,overlap,depth1,2,judge,judge_service,31,103.58,104.86,97.91,8
20260928-093100,editscore_8b,overlap,depth1,2,judge,judge_service,32,104.86,106.15,97.95,8
20260928-093100,editscore_8b,overlap,depth1,3,rank0,generate,1,0.00,24.10,,8
20260928-093100,editscore_8b,overlap,depth1,3,rank0,generate,2,24.10,48.23,,8
20260928-093100,editscore_8b,overlap,depth1,3,rank0,generate,3,48.23,72.37,,8
20260928-093100,editscore_8b,overlap,depth1,3,rank0,generate,4,72.37,96.49,,8
20260928-093100,editscore_8b,overlap,depth1,3,rank1,generate,1,0.01,24.29,,8
20260928-093100,editscore_8b,overlap,depth1,3,rank1,generate,2,24.29,48.59,,8
20260928-093100,editscore_8b,overlap,depth1,3,rank1,generate,3,48.59,72.90,,8
20260928-093100,editscore_8b,overlap,depth1,3,rank1,generate,4,72.90,97.19,,8
20260928-093100,editscore_8b,overlap,depth1,3,rank2,generate,1,0.02,24.28,,8
20260928-093100,editscore_8b,overlap,depth1,3,rank2,generate,2,24.28,48.58,,8
20260928-093100,editscore_8b,overlap,depth1,3,rank2,generate,3,48.58,72.84,,8
20260928-093100,editscore_8b,overlap,depth1,3,rank2,generate,4,72.84,97.25,,8
20260928-093100,editscore_8b,overlap,depth1,3,rank3,generate,1,0.03,24.35,,8
20260928-093100,editscore_8b,overlap,depth1,3,rank3,generate,2,24.35,48.67,,8
20260928-093100,editscore_8b,overlap,depth1,3,rank3,generate,3,48.67,73.06,,8
20260928-093100,editscore_8b,overlap,depth1,3,rank3,generate,4,73.06,97.58,,8
20260928-093100,editscore_8b,overlap,depth1,3,rank4,generate,1,0.03,24.41,,8
20260928-093100,editscore_8b,overlap,depth1,3,rank4,generate,2,24.42,48.80,,8
20260928-093100,editscore_8b,overlap,depth1,3,rank4,generate,3,48.80,73.19,,8
20260928-093100,editscore_8b,overlap,depth1,3,rank4,generate,4,73.19,97.54,,8
20260928-093100,editscore_8b,overlap,depth1,3,rank5,generate,1,0.03,24.35,,8
20260928-093100,editscore_8b,overlap,depth1,3,rank5,generate,2,24.35,48.73,,8
20260928-093100,editscore_8b,overlap,depth1,3,rank5,generate,3,48.73,73.05,,8
20260928-093100,editscore_8b,overlap,depth1,3,rank5,generate,4,73.05,97.38,,8
20260928-093100,editscore_8b,overlap,depth1,3,rank6,generate,1,0.03,24.34,,8
20260928-093100,editscore_8b,overlap,depth1,3,rank6,generate,2,24.34,48.60,,8
20260928-093100,editscore_8b,overlap,depth1,3,rank6,generate,3,48.60,72.87,,8
20260928-093100,editscore_8b,overlap,depth1,3,rank6,generate,4,72.87,97.17,,8
20260928-093100,editscore_8b,overlap,depth1,3,rank7,generate,1,0.04,24.46,,8
20260928-093100,editscore_8b,overlap,depth1,3,rank7,generate,2,24.46,48.90,,8
20260928-093100,editscore_8b,overlap,depth1,3,rank7,generate,3,48.90,73.33,,8
20260928-093100,editscore_8b,overlap,depth1,3,rank7,generate,4,73.33,97.75,,8
20260928-093100,editscore_8b,overlap,depth1,3,rank0,reward_wait,1,24.10,25.47,,8
20260928-093100,editscore_8b,overlap,depth1,3,rank0,reward_wait,2,48.23,49.57,,8
20260928-093100,editscore_8b,overlap,depth1,3,rank0,reward_wait,3,72.37,73.67,,8
20260928-093100,editscore_8b,overlap,depth1,3,rank0,reward_wait,4,96.49,97.81,,8
20260928-093100,editscore_8b,overlap,depth1,3,rank1,reward_wait,1,24.29,27.78,,8
20260928-093100,editscore_8b,overlap,depth1,3,rank1,reward_wait,2,48.59,53.14,,8
20260928-093100,editscore_8b,overlap,depth1,3,rank1,reward_wait,3,72.90,77.25,,8
20260928-093100,editscore_8b,overlap,depth1,3,rank1,reward_wait,4,97.19,100.22,,8
20260928-093100,editscore_8b,overlap,depth1,3,rank2,reward_wait,1,24.28,26.64,,8
20260928-093100,editscore_8b,overlap,depth1,3,rank2,reward_wait,2,48.58,50.80,,8
20260928-093100,editscore_8b,overlap,depth1,3,rank2,reward_wait,3,72.85,74.80,,8
20260928-093100,editscore_8b,overlap,depth1,3,rank2,reward_wait,4,97.25,101.37,,8
20260928-093100,editscore_8b,overlap,depth1,3,rank3,reward_wait,1,24.35,28.96,,8
20260928-093100,editscore_8b,overlap,depth1,3,rank3,reward_wait,2,48.67,54.36,,8
20260928-093100,editscore_8b,overlap,depth1,3,rank3,reward_wait,3,73.06,78.43,,8
20260928-093100,editscore_8b,overlap,depth1,3,rank3,reward_wait,4,97.58,105.15,,8
20260928-093100,editscore_8b,overlap,depth1,3,rank4,reward_wait,1,24.42,32.53,,8
20260928-093100,editscore_8b,overlap,depth1,3,rank4,reward_wait,2,48.80,56.73,,8
20260928-093100,editscore_8b,overlap,depth1,3,rank4,reward_wait,3,73.19,80.62,,8
20260928-093100,editscore_8b,overlap,depth1,3,rank4,reward_wait,4,97.54,103.92,,8
20260928-093100,editscore_8b,overlap,depth1,3,rank5,reward_wait,1,24.35,31.43,,8
20260928-093100,editscore_8b,overlap,depth1,3,rank5,reward_wait,2,48.73,55.52,,8
20260928-093100,editscore_8b,overlap,depth1,3,rank5,reward_wait,3,73.05,79.51,,8
20260928-093100,editscore_8b,overlap,depth1,3,rank5,reward_wait,4,97.38,102.56,,8
20260928-093100,editscore_8b,overlap,depth1,3,rank6,reward_wait,1,24.34,30.27,,8
20260928-093100,editscore_8b,overlap,depth1,3,rank6,reward_wait,2,48.60,52.02,,8
20260928-093100,editscore_8b,overlap,depth1,3,rank6,reward_wait,3,72.87,76.03,,8
20260928-093100,editscore_8b,overlap,depth1,3,rank6,reward_wait,4,97.17,99.08,,8
20260928-093100,editscore_8b,overlap,depth1,3,rank7,reward_wait,1,24.46,33.70,,8
20260928-093100,editscore_8b,overlap,depth1,3,rank7,reward_wait,2,48.90,57.81,,8
20260928-093100,editscore_8b,overlap,depth1,3,rank7,reward_wait,3,73.33,81.77,,8
20260928-093100,editscore_8b,overlap,depth1,3,rank7,reward_wait,4,97.75,106.39,,8
20260928-093100,editscore_8b,overlap,depth1,3,judge,judge_service,1,24.23,25.44,24.23,8
20260928-093100,editscore_8b,overlap,depth1,3,judge,judge_service,2,25.44,26.64,24.41,8
20260928-093100,editscore_8b,overlap,depth1,3,judge,judge_service,3,26.64,27.78,24.43,8
20260928-093100,editscore_8b,overlap,depth1,3,judge,judge_service,4,27.78,28.96,24.47,8
20260928-093100,editscore_8b,overlap,depth1,3,judge,judge_service,5,28.96,30.27,24.47,8
20260928-093100,editscore_8b,overlap,depth1,3,judge,judge_service,6,30.27,31.42,24.49,8
20260928-093100,editscore_8b,overlap,depth1,3,judge,judge_service,7,31.42,32.53,24.54,8
20260928-093100,editscore_8b,overlap,depth1,3,judge,judge_service,8,32.53,33.70,24.59,8
20260928-093100,editscore_8b,overlap,depth1,3,judge,judge_service,9,48.36,49.57,48.36,8
20260928-093100,editscore_8b,overlap,depth1,3,judge,judge_service,10,49.57,50.80,48.71,8
20260928-093100,editscore_8b,overlap,depth1,3,judge,judge_service,11,50.80,52.01,48.73,8
20260928-093100,editscore_8b,overlap,depth1,3,judge,judge_service,12,52.01,53.14,48.73,8
20260928-093100,editscore_8b,overlap,depth1,3,judge,judge_service,13,53.14,54.36,48.79,8
20260928-093100,editscore_8b,overlap,depth1,3,judge,judge_service,14,54.36,55.51,48.85,8
20260928-093100,editscore_8b,overlap,depth1,3,judge,judge_service,15,55.51,56.73,48.93,8
20260928-093100,editscore_8b,overlap,depth1,3,judge,judge_service,16,56.73,57.81,49.03,8
20260928-093100,editscore_8b,overlap,depth1,3,judge,judge_service,17,72.49,73.67,72.49,8
20260928-093100,editscore_8b,overlap,depth1,3,judge,judge_service,18,73.67,74.80,72.98,8
20260928-093100,editscore_8b,overlap,depth1,3,judge,judge_service,19,74.80,76.03,72.99,8
20260928-093100,editscore_8b,overlap,depth1,3,judge,judge_service,20,76.03,77.25,73.02,8
20260928-093100,editscore_8b,overlap,depth1,3,judge,judge_service,21,77.25,78.43,73.18,8
20260928-093100,editscore_8b,overlap,depth1,3,judge,judge_service,22,78.43,79.51,73.20,8
20260928-093100,editscore_8b,overlap,depth1,3,judge,judge_service,23,79.51,80.62,73.32,8
20260928-093100,editscore_8b,overlap,depth1,3,judge,judge_service,24,80.62,81.77,73.46,8
20260928-093100,editscore_8b,overlap,depth1,3,judge,judge_service,25,96.60,97.80,96.60,8
20260928-093100,editscore_8b,overlap,depth1,3,judge,judge_service,26,97.80,99.08,97.27,8
20260928-093100,editscore_8b,overlap,depth1,3,judge,judge_service,27,99.08,100.22,97.29,8
20260928-093100,editscore_8b,overlap,depth1,3,judge,judge_service,28,100.22,101.37,97.34,8
20260928-093100,editscore_8b,overlap,depth1,3,judge,judge_service,29,101.37,102.56,97.48,8
20260928-093100,editscore_8b,overlap,depth1,3,judge,judge_service,30,102.56,103.92,97.64,8
20260928-093100,editscore_8b,overlap,depth1,3,judge,judge_service,31,103.92,105.14,97.67,8
20260928-093100,editscore_8b,overlap,depth1,3,judge,judge_service,32,105.14,106.39,97.84,8
20260928-114630,editscore_72b,serial,,2,rank0,generate,1,0.00,24.15,,8
20260928-114630,editscore_72b,serial,,2,rank0,generate,2,27.94,52.04,,8
20260928-114630,editscore_72b,serial,,2,rank0,generate,3,58.27,82.36,,8
20260928-114630,editscore_72b,serial,,2,rank0,generate,4,87.73,111.85,,8
20260928-114630,editscore_72b,serial,,2,rank1,generate,1,0.00,24.29,,8
20260928-114630,editscore_72b,serial,,2,rank1,generate,2,35.35,59.63,,8
20260928-114630,editscore_72b,serial,,2,rank1,generate,3,65.50,89.79,,8
20260928-114630,editscore_72b,serial,,2,rank1,generate,4,95.06,119.34,,8
20260928-114630,editscore_72b,serial,,2,rank2,generate,1,0.01,24.35,,8
20260928-114630,editscore_72b,serial,,2,rank2,generate,2,43.01,67.29,,8
20260928-114630,editscore_72b,serial,,2,rank2,generate,3,72.85,97.14,,8
20260928-114630,editscore_72b,serial,,2,rank2,generate,4,102.36,126.65,,8
20260928-114630,editscore_72b,serial,,2,rank3,generate,1,0.01,24.36,,8
20260928-114630,editscore_72b,serial,,2,rank3,generate,2,50.53,74.85,,8
20260928-114630,editscore_72b,serial,,2,rank3,generate,3,80.27,104.57,,8
20260928-114630,editscore_72b,serial,,2,rank3,generate,4,110.04,134.36,,8
20260928-114630,editscore_72b,serial,,2,rank4,generate,1,0.02,24.37,,8
20260928-114630,editscore_72b,serial,,2,rank4,generate,2,46.60,70.96,,8
20260928-114630,editscore_72b,serial,,2,rank4,generate,3,76.45,100.83,,8
20260928-114630,editscore_72b,serial,,2,rank4,generate,4,106.38,130.76,,8
20260928-114630,editscore_72b,serial,,2,rank5,generate,1,0.02,24.21,,8
20260928-114630,editscore_72b,serial,,2,rank5,generate,2,31.65,55.80,,8
20260928-114630,editscore_72b,serial,,2,rank5,generate,3,61.84,86.02,,8
20260928-114630,editscore_72b,serial,,2,rank5,generate,4,91.41,115.58,,8
20260928-114630,editscore_72b,serial,,2,rank6,generate,1,0.03,24.32,,8
20260928-114630,editscore_72b,serial,,2,rank6,generate,2,39.00,63.26,,8
20260928-114630,editscore_72b,serial,,2,rank6,generate,3,69.19,93.46,,8
20260928-114630,editscore_72b,serial,,2,rank6,generate,4,98.70,122.97,,8
20260928-114630,editscore_72b,serial,,2,rank7,generate,1,0.04,24.45,,8
20260928-114630,editscore_72b,serial,,2,rank7,generate,2,54.49,78.85,,8
20260928-114630,editscore_72b,serial,,2,rank7,generate,3,84.15,108.53,,8
20260928-114630,editscore_72b,serial,,2,rank7,generate,4,113.96,138.32,,8
20260928-114630,editscore_72b,serial,,2,rank0,reward_wait,1,24.15,27.94,,8
20260928-114630,editscore_72b,serial,,2,rank0,reward_wait,2,52.04,58.27,,8
20260928-114630,editscore_72b,serial,,2,rank0,reward_wait,3,82.36,87.73,,8
20260928-114630,editscore_72b,serial,,2,rank0,reward_wait,4,111.85,117.73,,8
20260928-114630,editscore_72b,serial,,2,rank1,reward_wait,1,24.29,35.35,,8
20260928-114630,editscore_72b,serial,,2,rank1,reward_wait,2,59.63,65.50,,8
20260928-114630,editscore_72b,serial,,2,rank1,reward_wait,3,89.79,95.06,,8
20260928-114630,editscore_72b,serial,,2,rank1,reward_wait,4,119.34,125.02,,8
20260928-114630,editscore_72b,serial,,2,rank2,reward_wait,1,24.35,43.01,,8
20260928-114630,editscore_72b,serial,,2,rank2,reward_wait,2,67.29,72.85,,8
20260928-114630,editscore_72b,serial,,2,rank2,reward_wait,3,97.14,102.36,,8
20260928-114630,editscore_72b,serial,,2,rank2,reward_wait,4,126.65,132.39,,8
20260928-114630,editscore_72b,serial,,2,rank3,reward_wait,1,24.36,50.53,,8
20260928-114630,editscore_72b,serial,,2,rank3,reward_wait,2,74.85,80.27,,8
20260928-114630,editscore_72b,serial,,2,rank3,reward_wait,3,104.57,110.04,,8
20260928-114630,editscore_72b,serial,,2,rank3,reward_wait,4,134.36,140.14,,8
20260928-114630,editscore_72b,serial,,2,rank4,reward_wait,1,24.37,46.60,,8
20260928-114630,editscore_72b,serial,,2,rank4,reward_wait,2,70.96,76.45,,8
20260928-114630,editscore_72b,serial,,2,rank4,reward_wait,3,100.83,106.38,,8
20260928-114630,editscore_72b,serial,,2,rank4,reward_wait,4,130.76,136.21,,8
20260928-114630,editscore_72b,serial,,2,rank5,reward_wait,1,24.21,31.65,,8
20260928-114630,editscore_72b,serial,,2,rank5,reward_wait,2,55.80,61.84,,8
20260928-114630,editscore_72b,serial,,2,rank5,reward_wait,3,86.02,91.41,,8
20260928-114630,editscore_72b,serial,,2,rank5,reward_wait,4,115.58,121.48,,8
20260928-114630,editscore_72b,serial,,2,rank6,reward_wait,1,24.32,39.00,,8
20260928-114630,editscore_72b,serial,,2,rank6,reward_wait,2,63.26,69.19,,8
20260928-114630,editscore_72b,serial,,2,rank6,reward_wait,3,93.46,98.70,,8
20260928-114630,editscore_72b,serial,,2,rank6,reward_wait,4,122.97,128.69,,8
20260928-114630,editscore_72b,serial,,2,rank7,reward_wait,1,24.45,54.49,,8
20260928-114630,editscore_72b,serial,,2,rank7,reward_wait,2,78.85,84.15,,8
20260928-114630,editscore_72b,serial,,2,rank7,reward_wait,3,108.53,113.96,,8
20260928-114630,editscore_72b,serial,,2,rank7,reward_wait,4,138.32,143.94,,8
20260928-114630,editscore_72b,serial,,2,judge,judge_service,1,24.25,27.94,24.25,8
20260928-114630,editscore_72b,serial,,2,judge,judge_service,2,27.94,31.65,24.30,8
20260928-114630,editscore_72b,serial,,2,judge,judge_service,3,31.65,35.35,24.39,8
20260928-114630,editscore_72b,serial,,2,judge,judge_service,4,35.35,38.99,24.43,8
20260928-114630,editscore_72b,serial,,2,judge,judge_service,5,38.99,43.01,24.45,8
20260928-114630,editscore_72b,serial,,2,judge,judge_service,6,43.01,46.60,24.47,8
20260928-114630,editscore_72b,serial,,2,judge,judge_service,7,46.60,50.52,24.48,8
20260928-114630,editscore_72b,serial,,2,judge,judge_service,8,50.52,54.38,24.56,8
20260928-114630,editscore_72b,serial,,2,judge,judge_service,9,54.38,58.27,52.14,8
20260928-114630,editscore_72b,serial,,2,judge,judge_service,10,58.27,61.84,55.90,8
20260928-114630,editscore_72b,serial,,2,judge,judge_service,11,61.84,65.50,59.72,8
20260928-114630,editscore_72b,serial,,2,judge,judge_service,12,65.50,69.18,63.36,8
20260928-114630,editscore_72b,serial,,2,judge,judge_service,13,69.18,72.84,67.39,8
20260928-114630,editscore_72b,serial,,2,judge,judge_service,14,72.84,76.45,71.07,8
20260928-114630,editscore_72b,serial,,2,judge,judge_service,15,76.45,80.27,74.94,8
20260928-114630,editscore_72b,serial,,2,judge,judge_service,16,80.27,84.15,78.96,8
20260928-114630,editscore_72b,serial,,2,judge,judge_service,17,84.15,87.72,82.46,8
20260928-114630,editscore_72b,serial,,2,judge,judge_service,18,87.72,91.41,86.11,8
20260928-114630,editscore_72b,serial,,2,judge,judge_service,19,91.41,95.06,89.88,8
20260928-114630,editscore_72b,serial,,2,judge,judge_service,20,95.06,98.70,93.57,8
20260928-114630,editscore_72b,serial,,2,judge,judge_service,21,98.70,102.36,97.23,8
20260928-114630,editscore_72b,serial,,2,judge,judge_service,22,102.36,106.38,100.95,8
20260928-114630,editscore_72b,serial,,2,judge,judge_service,23,106.38,110.04,104.67,8
20260928-114630,editscore_72b,serial,,2,judge,judge_service,24,110.04,113.96,108.63,8
20260928-114630,editscore_72b,serial,,2,judge,judge_service,25,113.96,117.73,111.94,8
20260928-114630,editscore_72b,serial,,2,judge,judge_service,26,117.73,121.47,115.68,8
20260928-114630,editscore_72b,serial,,2,judge,judge_service,27,121.47,125.02,119.44,8
20260928-114630,editscore_72b,serial,,2,judge,judge_service,28,125.02,128.69,123.08,8
20260928-114630,editscore_72b,serial,,2,judge,judge_service,29,128.69,132.38,126.74,8
20260928-114630,editscore_72b,serial,,2,judge,judge_service,30,132.38,136.21,130.86,8
20260928-114630,editscore_72b,serial,,2,judge,judge_service,31,136.21,140.14,134.46,8
20260928-114630,editscore_72b,serial,,2,judge,judge_service,32,140.14,143.93,138.41,8
20260928-114630,editscore_72b,serial,,3,rank0,generate,1,0.00,24.15,,8
20260928-114630,editscore_72b,serial,,3,rank0,generate,2,28.18,52.30,,8
20260928-114630,editscore_72b,serial,,3,rank0,generate,3,57.88,81.99,,8
20260928-114630,editscore_72b,serial,,3,rank0,generate,4,88.32,112.41,,8
20260928-114630,editscore_72b,serial,,3,rank1,generate,1,0.00,24.28,,8
20260928-114630,editscore_72b,serial,,3,rank1,generate,2,35.39,59.68,,8
20260928-114630,editscore_72b,serial,,3,rank1,generate,3,65.42,89.69,,8
20260928-114630,editscore_72b,serial,,3,rank1,generate,4,95.64,119.90,,8
20260928-114630,editscore_72b,serial,,3,rank2,generate,1,0.01,24.31,,8
20260928-114630,editscore_72b,serial,,3,rank2,generate,2,39.04,63.32,,8
20260928-114630,editscore_72b,serial,,3,rank2,generate,3,69.16,93.42,,8
20260928-114630,editscore_72b,serial,,3,rank2,generate,4,99.31,123.60,,8
20260928-114630,editscore_72b,serial,,3,rank3,generate,1,0.01,24.33,,8
20260928-114630,editscore_72b,serial,,3,rank3,generate,2,42.53,66.85,,8
20260928-114630,editscore_72b,serial,,3,rank3,generate,3,73.07,97.38,,8
20260928-114630,editscore_72b,serial,,3,rank3,generate,4,103.06,127.37,,8
20260928-114630,editscore_72b,serial,,3,rank4,generate,1,0.02,24.39,,8
20260928-114630,editscore_72b,serial,,3,rank4,generate,2,50.58,74.94,,8
20260928-114630,editscore_72b,serial,,3,rank4,generate,3,80.87,105.26,,8
20260928-114630,editscore_72b,serial,,3,rank4,generate,4,110.97,135.32,,8
20260928-114630,editscore_72b,serial,,3,rank5,generate,1,0.03,24.21,,8
20260928-114630,editscore_72b,serial,,3,rank5,generate,2,31.77,55.96,,8
20260928-114630,editscore_72b,serial,,3,rank5,generate,3,61.69,85.85,,8
20260928-114630,editscore_72b,serial,,3,rank5,generate,4,92.08,116.31,,8
20260928-114630,editscore_72b,serial,,3,rank6,generate,1,0.04,24.36,,8
20260928-114630,editscore_72b,serial,,3,rank6,generate,2,46.51,70.85,,8
20260928-114630,editscore_72b,serial,,3,rank6,generate,3,77.19,101.45,,8
20260928-114630,editscore_72b,serial,,3,rank6,generate,4,107.01,131.28,,8
20260928-114630,editscore_72b,serial,,3,rank7,generate,1,0.04,24.44,,8
20260928-114630,editscore_72b,serial,,3,rank7,generate,2,54.10,78.39,,8
20260928-114630,editscore_72b,serial,,3,rank7,generate,3,84.31,108.65,,8
20260928-114630,editscore_72b,serial,,3,rank7,generate,4,115.01,139.40,,8
20260928-114630,editscore_72b,serial,,3,rank0,reward_wait,1,24.15,28.18,,8
20260928-114630,editscore_72b,serial,,3,rank0,reward_wait,2,52.30,57.88,,8
20260928-114630,editscore_72b,serial,,3,rank0,reward_wait,3,81.99,88.32,,8
20260928-114630,editscore_72b,serial,,3,rank0,reward_wait,4,112.41,118.69,,8
20260928-114630,editscore_72b,serial,,3,rank1,reward_wait,1,24.28,35.39,,8
20260928-114630,editscore_72b,serial,,3,rank1,reward_wait,2,59.68,65.42,,8
20260928-114630,editscore_72b,serial,,3,rank1,reward_wait,3,89.69,95.64,,8
20260928-114630,editscore_72b,serial,,3,rank1,reward_wait,4,119.90,126.22,,8
20260928-114630,editscore_72b,serial,,3,rank2,reward_wait,1,24.31,39.04,,8
20260928-114630,editscore_72b,serial,,3,rank2,reward_wait,2,63.32,69.16,,8
20260928-114630,editscore_72b,serial,,3,rank2,reward_wait,3,93.42,99.31,,8
20260928-114630,editscore_72b,serial,,3,rank2,reward_wait,4,123.60,129.96,,8
20260928-114630,editscore_72b,serial,,3,rank3,reward_wait,1,24.33,42.53,,8
20260928-114630,editscore_72b,serial,,3,rank3,reward_wait,2,66.85,73.07,,8
20260928-114630,editscore_72b,serial,,3,rank3,reward_wait,3,97.38,103.06,,8
20260928-114630,editscore_72b,serial,,3,rank3,reward_wait,4,127.37,133.66,,8
20260928-114630,editscore_72b,serial,,3,rank4,reward_wait,1,24.39,50.58,,8
20260928-114630,editscore_72b,serial,,3,rank4,reward_wait,2,74.94,80.87,,8
20260928-114630,editscore_72b,serial,,3,rank4,reward_wait,3,105.26,110.97,,8
20260928-114630,editscore_72b,serial,,3,rank4,reward_wait,4,135.32,141.73,,8
20260928-114630,editscore_72b,serial,,3,rank5,reward_wait,1,24.21,31.77,,8
20260928-114630,editscore_72b,serial,,3,rank5,reward_wait,2,55.96,61.69,,8
20260928-114630,editscore_72b,serial,,3,rank5,reward_wait,3,85.85,92.08,,8
20260928-114630,editscore_72b,serial,,3,rank5,reward_wait,4,116.31,122.41,,8
20260928-114630,editscore_72b,serial,,3,rank6,reward_wait,1,24.36,46.51,,8
20260928-114630,editscore_72b,serial,,3,rank6,reward_wait,2,70.85,77.19,,8
20260928-114630,editscore_72b,serial,,3,rank6,reward_wait,3,101.45,107.01,,8
20260928-114630,editscore_72b,serial,,3,rank6,reward_wait,4,131.28,137.69,,8
20260928-114630,editscore_72b,serial,,3,rank7,reward_wait,1,24.44,54.10,,8
20260928-114630,editscore_72b,serial,,3,rank7,reward_wait,2,78.39,84.31,,8
20260928-114630,editscore_72b,serial,,3,rank7,reward_wait,3,108.65,115.01,,8
20260928-114630,editscore_72b,serial,,3,rank7,reward_wait,4,139.40,145.62,,8
20260928-114630,editscore_72b,serial,,3,judge,judge_service,1,24.25,28.17,24.25,8
20260928-114630,editscore_72b,serial,,3,judge,judge_service,2,28.17,31.76,24.31,8
20260928-114630,editscore_72b,serial,,3,judge,judge_service,3,31.76,35.38,24.39,8
20260928-114630,editscore_72b,serial,,3,judge,judge_service,4,35.38,39.04,24.41,8
20260928-114630,editscore_72b,serial,,3,judge,judge_service,5,39.04,42.52,24.43,8
20260928-114630,editscore_72b,serial,,3,judge,judge_service,6,42.52,46.50,24.47,8
20260928-114630,editscore_72b,serial,,3,judge,judge_service,7,46.50,50.58,24.49,8
20260928-114630,editscore_72b,serial,,3,judge,judge_service,8,50.58,54.10,24.54,8
20260928-114630,editscore_72b,serial,,3,judge,judge_service,9,54.10,57.88,52.40,8
20260928-114630,editscore_72b,serial,,3,judge,judge_service,10,57.88,61.68,56.06,8
20260928-114630,editscore_72b,serial,,3,judge,judge_service,11,61.68,65.42,59.78,8
20260928-114630,editscore_72b,serial,,3,judge,judge_service,12,65.42,69.16,63.42,8
20260928-114630,editscore_72b,serial,,3,judge,judge_service,13,69.16,73.06,66.95,8
20260928-114630,editscore_72b,serial,,3,judge,judge_service,14,73.06,77.18,70.97,8
20260928-114630,editscore_72b,serial,,3,judge,judge_service,15,77.18,80.87,75.05,8
20260928-114630,editscore_72b,serial,,3,judge,judge_service,16,80.87,84.31,78.49,8
20260928-114630,editscore_72b,serial,,3,judge,judge_service,17,84.31,87.98,82.08,8
20260928-114630,editscore_72b,serial,,3,judge,judge_service,18,87.98,92.08,85.95,8
20260928-114630,editscore_72b,serial,,3,judge,judge_service,19,92.08,95.64,89.79,8
20260928-114630,editscore_72b,serial,,3,judge,judge_service,20,95.64,99.31,93.52,8
20260928-114630,editscore_72b,serial,,3,judge,judge_service,21,99.31,103.06,97.48,8
20260928-114630,editscore_72b,serial,,3,judge,judge_service,22,103.06,107.00,101.56,8
20260928-114630,editscore_72b,serial,,3,judge,judge_service,23,107.00,110.96,105.36,8
20260928-114630,editscore_72b,serial,,3,judge,judge_service,24,110.96,115.00,108.74,8
20260928-114630,editscore_72b,serial,,3,judge,judge_service,25,115.00,118.69,112.51,8
20260928-114630,editscore_72b,serial,,3,judge,judge_service,26,118.69,122.40,116.41,8
20260928-114630,editscore_72b,serial,,3,judge,judge_service,27,122.40,126.22,120.00,8
20260928-114630,editscore_72b,serial,,3,judge,judge_service,28,126.22,129.96,123.69,8
20260928-114630,editscore_72b,serial,,3,judge,judge_service,29,129.96,133.65,127.47,8
20260928-114630,editscore_72b,serial,,3,judge,judge_service,30,133.65,137.69,131.39,8
20260928-114630,editscore_72b,serial,,3,judge,judge_service,31,137.69,141.73,135.43,8
20260928-114630,editscore_72b,serial,,3,judge,judge_service,32,141.73,145.62,139.51,8
20260928-114630,editscore_72b,overlap,queued,2,rank0,generate,1,0.00,24.16,,8
20260928-114630,editscore_72b,overlap,queued,2,rank0,generate,2,24.16,48.28,,8
20260928-114630,editscore_72b,overlap,queued,2,rank0,generate,3,48.28,72.43,,8
20260928-114630,editscore_72b,overlap,queued,2,rank0,generate,4,72.43,96.59,,8
20260928-114630,editscore_72b,overlap,queued,2,rank1,generate,1,0.00,24.38,,8
20260928-114630,editscore_72b,overlap,queued,2,rank1,generate,2,24.38,48.72,,8
20260928-114630,editscore_72b,overlap,queued,2,rank1,generate,3,48.72,73.14,,8
20260928-114630,editscore_72b,overlap,queued,2,rank1,generate,4,73.14,97.45,,8
20260928-114630,editscore_72b,overlap,queued,2,rank2,generate,1,0.01,24.35,,8
20260928-114630,editscore_72b,overlap,queued,2,rank2,generate,2,24.36,48.63,,8
20260928-114630,editscore_72b,overlap,queued,2,rank2,generate,3,48.63,72.93,,8
20260928-114630,editscore_72b,overlap,queued,2,rank2,generate,4,72.93,97.20,,8
20260928-114630,editscore_72b,overlap,queued,2,rank3,generate,1,0.01,24.37,,8
20260928-114630,editscore_72b,overlap,queued,2,rank3,generate,2,24.37,48.72,,8
20260928-114630,editscore_72b,overlap,queued,2,rank3,generate,3,48.72,73.04,,8
20260928-114630,editscore_72b,overlap,queued,2,rank3,generate,4,73.04,97.33,,8
20260928-114630,editscore_72b,overlap,queued,2,rank4,generate,1,0.02,24.39,,8
20260928-114630,editscore_72b,overlap,queued,2,rank4,generate,2,24.39,48.75,,8
20260928-114630,editscore_72b,overlap,queued,2,rank4,generate,3,48.76,73.14,,8
20260928-114630,editscore_72b,overlap,queued,2,rank4,generate,4,73.14,97.48,,8
20260928-114630,editscore_72b,overlap,queued,2,rank5,generate,1,0.02,24.23,,8
20260928-114630,editscore_72b,overlap,queued,2,rank5,generate,2,24.23,48.42,,8
20260928-114630,editscore_72b,overlap,queued,2,rank5,generate,3,48.42,72.60,,8
20260928-114630,editscore_72b,overlap,queued,2,rank5,generate,4,72.60,96.89,,8
20260928-114630,editscore_72b,overlap,queued,2,rank6,generate,1,0.03,24.36,,8
20260928-114630,editscore_72b,overlap,queued,2,rank6,generate,2,24.37,48.68,,8
20260928-114630,editscore_72b,overlap,queued,2,rank6,generate,3,48.68,73.00,,8
20260928-114630,editscore_72b,overlap,queued,2,rank6,generate,4,73.00,97.29,,8
20260928-114630,editscore_72b,overlap,queued,2,rank7,generate,1,0.03,24.48,,8
20260928-114630,editscore_72b,overlap,queued,2,rank7,generate,2,24.48,48.94,,8
20260928-114630,editscore_72b,overlap,queued,2,rank7,generate,3,48.94,73.33,,8
20260928-114630,editscore_72b,overlap,queued,2,rank7,generate,4,73.33,97.71,,8
20260928-114630,editscore_72b,overlap,queued,2,rank0,reward_wait,1,24.16,28.18,,8
20260928-114630,editscore_72b,overlap,queued,2,rank0,reward_wait,2,48.28,58.50,,8
20260928-114630,editscore_72b,overlap,queued,2,rank0,reward_wait,3,72.43,89.14,,8
20260928-114630,editscore_72b,overlap,queued,2,rank0,reward_wait,4,96.59,119.39,,8
20260928-114630,editscore_72b,overlap,queued,2,rank1,reward_wait,1,24.38,39.70,,8
20260928-114630,editscore_72b,overlap,queued,2,rank1,reward_wait,2,48.72,73.99,,8
20260928-114630,editscore_72b,overlap,queued,2,rank1,reward_wait,3,73.99,104.08,,8
20260928-114630,editscore_72b,overlap,queued,2,rank1,reward_wait,4,104.08,134.13,,8
20260928-114630,editscore_72b,overlap,queued,2,rank2,reward_wait,1,24.36,35.99,,8
20260928-114630,editscore_72b,overlap,queued,2,rank2,reward_wait,2,48.63,65.98,,8
20260928-114630,editscore_72b,overlap,queued,2,rank2,reward_wait,3,72.93,96.78,,8
20260928-114630,editscore_72b,overlap,queued,2,rank2,reward_wait,4,97.20,126.93,,8
20260928-114630,editscore_72b,overlap,queued,2,rank3,reward_wait,1,24.37,51.03,,8
20260928-114630,editscore_72b,overlap,queued,2,rank3,reward_wait,2,51.03,81.47,,8
20260928-114630,editscore_72b,overlap,queued,2,rank3,reward_wait,3,81.47,111.55,,8
20260928-114630,editscore_72b,overlap,queued,2,rank3,reward_wait,4,111.55,142.27,,8
20260928-114630,editscore_72b,overlap,queued,2,rank4,reward_wait,1,24.39,43.45,,8
20260928-114630,editscore_72b,overlap,queued,2,rank4,reward_wait,2,48.76,77.52,,8
20260928-114630,editscore_72b,overlap,queued,2,rank4,reward_wait,3,77.52,107.79,,8
20260928-114630,editscore_72b,overlap,queued,2,rank4,reward_wait,4,107.79,137.91,,8
20260928-114630,editscore_72b,overlap,queued,2,rank5,reward_wait,1,24.23,32.11,,8
20260928-114630,editscore_72b,overlap,queued,2,rank5,reward_wait,2,48.42,62.32,,8
20260928-114630,editscore_72b,overlap,queued,2,rank5,reward_wait,3,72.60,92.85,,8
20260928-114630,editscore_72b,overlap,queued,2,rank5,reward_wait,4,96.89,123.15,,8
20260928-114630,editscore_72b,overlap,queued,2,rank6,reward_wait,1,24.36,47.14,,8
20260928-114630,editscore_72b,overlap,queued,2,rank6,reward_wait,2,48.68,69.84,,8
20260928-114630,editscore_72b,overlap,queued,2,rank6,reward_wait,3,73.00,100.38,,8
20260928-114630,editscore_72b,overlap,queued,2,rank6,reward_wait,4,100.38,130.70,,8
20260928-114630,editscore_72b,overlap,queued,2,rank7,reward_wait,1,24.48,54.79,,8
20260928-114630,editscore_72b,overlap,queued,2,rank7,reward_wait,2,54.79,85.25,,8
20260928-114630,editscore_72b,overlap,queued,2,rank7,reward_wait,3,85.25,115.64,,8
20260928-114630,editscore_72b,overlap,queued,2,rank7,reward_wait,4,115.64,145.97,,8
20260928-114630,editscore_72b,overlap,queued,2,judge,judge_service,1,24.29,28.18,24.29,8
20260928-114630,editscore_72b,overlap,queued,2,judge,judge_service,2,28.18,32.11,24.36,8
20260928-114630,editscore_72b,overlap,queued,2,judge,judge_service,3,32.11,35.99,24.49,8
20260928-114630,editscore_72b,overlap,queued,2,judge,judge_service,4,35.99,39.69,24.51,8
20260928-114630,editscore_72b,overlap,queued,2,judge,judge_service,5,39.69,43.44,24.52,8
20260928-114630,editscore_72b,overlap,queued,2,judge,judge_service,6,43.44,47.14,24.53,8
20260928-114630,editscore_72b,overlap,queued,2,judge,judge_service,7,47.14,51.02,24.54,8
20260928-114630,editscore_72b,overlap,queued,2,judge,judge_service,8,51.02,54.78,24.62,8
20260928-114630,editscore_72b,overlap,queued,2,judge,judge_service,9,54.78,58.50,48.42,8
20260928-114630,editscore_72b,overlap,queued,2,judge,judge_service,10,58.50,62.32,48.57,8
20260928-114630,editscore_72b,overlap,queued,2,judge,judge_service,11,62.32,65.97,48.75,8
20260928-114630,editscore_72b,overlap,queued,2,judge,judge_service,12,65.97,69.84,48.81,8
20260928-114630,editscore_72b,overlap,queued,2,judge,judge_service,13,69.84,73.99,48.86,8
20260928-114630,editscore_72b,overlap,queued,2,judge,judge_service,14,73.99,77.52,48.88,8
20260928-114630,editscore_72b,overlap,queued,2,judge,judge_service,15,77.52,81.46,51.11,8
20260928-114630,editscore_72b,overlap,queued,2,judge,judge_service,16,81.46,85.25,54.89,8
20260928-114630,editscore_72b,overlap,queued,2,judge,judge_service,17,85.25,89.14,72.54,8
20260928-114630,editscore_72b,overlap,queued,2,judge,judge_service,18,89.14,92.85,72.73,8
20260928-114630,editscore_72b,overlap,queued,2,judge,judge_service,19,92.85,96.77,73.05,8
20260928-114630,editscore_72b,overlap,queued,2,judge,judge_service,20,96.77,100.37,73.12,8
20260928-114630,editscore_72b,overlap,queued,2,judge,judge_service,21,100.37,104.08,74.08,8
20260928-114630,editscore_72b,overlap,queued,2,judge,judge_service,22,104.08,107.79,77.62,8
20260928-114630,editscore_72b,overlap,queued,2,judge,judge_service,23,107.79,111.55,81.55,8
20260928-114630,editscore_72b,overlap,queued,2,judge,judge_service,24,111.55,115.57,85.36,8
20260928-114630,editscore_72b,overlap,queued,2,judge,judge_service,25,115.57,119.38,96.69,8
20260928-114630,editscore_72b,overlap,queued,2,judge,judge_service,26,119.38,123.14,97.01,8
20260928-114630,editscore_72b,overlap,queued,2,judge,judge_service,27,123.14,126.92,97.29,8
20260928-114630,editscore_72b,overlap,queued,2,judge,judge_service,28,126.92,130.70,100.49,8
20260928-114630,editscore_72b,overlap,queued,2,judge,judge_service,29,130.70,134.13,104.17,8
20260928-114630,editscore_72b,overlap,queued,2,judge,judge_service,30,134.13,137.91,107.88,8
20260928-114630,editscore_72b,overlap,queued,2,judge,judge_service,31,137.91,142.27,111.64,8
20260928-114630,editscore_72b,overlap,queued,2,judge,judge_service,32,142.27,145.97,115.74,8
20260928-114630,editscore_72b,overlap,queued,3,rank0,generate,1,0.00,24.12,,8
20260928-114630,editscore_72b,overlap,queued,3,rank0,generate,2,24.12,48.25,,8
20260928-114630,editscore_72b,overlap,queued,3,rank0,generate,3,48.25,72.37,,8
20260928-114630,editscore_72b,overlap,queued,3,rank0,generate,4,72.37,96.48,,8
20260928-114630,editscore_72b,overlap,queued,3,rank1,generate,1,0.01,24.35,,8
20260928-114630,editscore_72b,overlap,queued,3,rank1,generate,2,24.35,48.68,,8
20260928-114630,editscore_72b,overlap,queued,3,rank1,generate,3,48.68,73.02,,8
20260928-114630,editscore_72b,overlap,queued,3,rank1,generate,4,73.02,97.35,,8
20260928-114630,editscore_72b,overlap,queued,3,rank2,generate,1,0.01,24.28,,8
20260928-114630,editscore_72b,overlap,queued,3,rank2,generate,2,24.28,48.56,,8
20260928-114630,editscore_72b,overlap,queued,3,rank2,generate,3,48.56,72.83,,8
20260928-114630,editscore_72b,overlap,queued,3,rank2,generate,4,72.83,97.14,,8
20260928-114630,editscore_72b,overlap,queued,3,rank3,generate,1,0.02,24.33,,8
20260928-114630,editscore_72b,overlap,queued,3,rank3,generate,2,24.34,48.65,,8
20260928-114630,editscore_72b,overlap,queued,3,rank3,generate,3,48.65,72.95,,8
20260928-114630,editscore_72b,overlap,queued,3,rank3,generate,4,72.95,97.26,,8
20260928-114630,editscore_72b,overlap,queued,3,rank4,generate,1,0.02,24.40,,8
20260928-114630,editscore_72b,overlap,queued,3,rank4,generate,2,24.40,48.75,,8
20260928-114630,editscore_72b,overlap,queued,3,rank4,generate,3,48.75,73.09,,8
20260928-114630,editscore_72b,overlap,queued,3,rank4,generate,4,73.09,97.44,,8
20260928-114630,editscore_72b,overlap,queued,3,rank5,generate,1,0.03,24.21,,8
20260928-114630,editscore_72b,overlap,queued,3,rank5,generate,2,24.21,48.43,,8
20260928-114630,editscore_72b,overlap,queued,3,rank5,generate,3,48.43,72.61,,8
20260928-114630,editscore_72b,overlap,queued,3,rank5,generate,4,72.61,96.79,,8
20260928-114630,editscore_72b,overlap,queued,3,rank6,generate,1,0.03,24.36,,8
20260928-114630,editscore_72b,overlap,queued,3,rank6,generate,2,24.36,48.66,,8
20260928-114630,editscore_72b,overlap,queued,3,rank6,generate,3,48.66,72.95,,8
20260928-114630,editscore_72b,overlap,queued,3,rank6,generate,4,72.95,97.22,,8
20260928-114630,editscore_72b,overlap,queued,3,rank7,generate,1,0.04,24.43,,8
20260928-114630,editscore_72b,overlap,queued,3,rank7,generate,2,24.44,48.84,,8
20260928-114630,editscore_72b,overlap,queued,3,rank7,generate,3,48.84,73.22,,8
20260928-114630,editscore_72b,overlap,queued,3,rank7,generate,4,73.22,97.59,,8
20260928-114630,editscore_72b,overlap,queued,3,rank0,reward_wait,1,24.12,28.27,,8
20260928-114630,editscore_72b,overlap,queued,3,rank0,reward_wait,2,48.25,58.99,,8
20260928-114630,editscore_72b,overlap,queued,3,rank0,reward_wait,3,72.37,89.77,,8
20260928-114630,editscore_72b,overlap,queued,3,rank0,reward_wait,4,96.48,121.44,,8
20260928-114630,editscore_72b,overlap,queued,3,rank1,reward_wait,1,24.35,43.22,,8
20260928-114630,editscore_72b,overlap,queued,3,rank1,reward_wait,2,48.69,78.63,,8
20260928-114630,editscore_72b,overlap,queued,3,rank1,reward_wait,3,78.63,109.62,,8
20260928-114630,editscore_72b,overlap,queued,3,rank1,reward_wait,4,109.62,141.02,,8
20260928-114630,editscore_72b,overlap,queued,3,rank2,reward_wait,1,24.28,35.72,,8
20260928-114630,editscore_72b,overlap,queued,3,rank2,reward_wait,2,48.56,66.73,,8
20260928-114630,editscore_72b,overlap,queued,3,rank2,reward_wait,3,72.83,97.29,,8
20260928-114630,editscore_72b,overlap,queued,3,rank2,reward_wait,4,97.29,129.24,,8
20260928-114630,editscore_72b,overlap,queued,3,rank3,reward_wait,1,24.33,39.28,,8
20260928-114630,editscore_72b,overlap,queued,3,rank3,reward_wait,2,48.65,70.80,,8
20260928-114630,editscore_72b,overlap,queued,3,rank3,reward_wait,3,72.95,101.11,,8
20260928-114630,editscore_72b,overlap,queued,3,rank3,reward_wait,4,101.11,132.94,,8
20260928-114630,editscore_72b,overlap,queued,3,rank4,reward_wait,1,24.40,51.43,,8
20260928-114630,editscore_72b,overlap,queued,3,rank4,reward_wait,2,51.43,82.44,,8
20260928-114630,editscore_72b,overlap,queued,3,rank4,reward_wait,3,82.44,113.70,,8
20260928-114630,editscore_72b,overlap,queued,3,rank4,reward_wait,4,113.70,144.88,,8
20260928-114630,editscore_72b,overlap,queued,3,rank5,reward_wait,1,24.21,32.00,,8
20260928-114630,editscore_72b,overlap,queued,3,rank5,reward_wait,2,48.43,62.80,,8
20260928-114630,editscore_72b,overlap,queued,3,rank5,reward_wait,3,72.61,93.66,,8
20260928-114630,editscore_72b,overlap,queued,3,rank5,reward_wait,4,96.79,125.39,,8
20260928-114630,editscore_72b,overlap,queued,3,rank6,reward_wait,1,24.36,47.44,,8
20260928-114630,editscore_72b,overlap,queued,3,rank6,reward_wait,2,48.66,74.86,,8
20260928-114630,editscore_72b,overlap,queued,3,rank6,reward_wait,3,74.86,105.76,,8
20260928-114630,editscore_72b,overlap,queued,3,rank6,reward_wait,4,105.76,137.09,,8
20260928-114630,editscore_72b,overlap,queued,3,rank7,reward_wait,1,24.43,55.06,,8
20260928-114630,editscore_72b,overlap,queued,3,rank7,reward_wait,2,55.06,86.00,,8
20260928-114630,editscore_72b,overlap,queued,3,rank7,reward_wait,3,86.00,117.64,,8
20260928-114630,editscore_72b,overlap,queued,3,rank7,reward_wait,4,117.64,148.79,,8
20260928-114630,editscore_72b,overlap,queued,3,judge,judge_service,1,24.24,28.27,24.24,8
20260928-114630,editscore_72b,overlap,queued,3,judge,judge_service,2,28.27,32.00,24.35,8
20260928-114630,editscore_72b,overlap,queued,3,judge,judge_service,3,32.00,35.71,24.42,8
20260928-114630,editscore_72b,overlap,queued,3,judge,judge_service,4,35.71,39.28,24.46,8
20260928-114630,editscore_72b,overlap,queued,3,judge,judge_service,5,39.28,43.21,24.49,8
20260928-114630,editscore_72b,overlap,queued,3,judge,judge_service,6,43.21,47.44,24.50,8
20260928-114630,editscore_72b,overlap,queued,3,judge,judge_service,7,47.44,51.43,24.53,8
20260928-114630,editscore_72b,overlap,queued,3,judge,judge_service,8,51.43,55.05,24.56,8
20260928-114630,editscore_72b,overlap,queued,3,judge,judge_service,9,55.05,58.99,48.36,8
20260928-114630,editscore_72b,overlap,queued,3,judge,judge_service,10,58.99,62.80,48.56,8
20260928-114630,editscore_72b,overlap,queued,3,judge,judge_service,11,62.80,66.72,48.68,8
20260928-114630,editscore_72b,overlap,queued,3,judge,judge_service,12,66.72,70.80,48.78,8
20260928-114630,editscore_72b,overlap,queued,3,judge,judge_service,13,70.80,74.85,48.79,8
20260928-114630,editscore_72b,overlap,queued,3,judge,judge_service,14,74.85,78.63,48.82,8
20260928-114630,editscore_72b,overlap,queued,3,judge,judge_service,15,78.63,82.44,51.53,8
20260928-114630,editscore_72b,overlap,queued,3,judge,judge_service,16,82.44,85.99,55.15,8
20260928-114630,editscore_72b,overlap,queued,3,judge,judge_service,17,85.99,89.77,72.48,8
20260928-114630,editscore_72b,overlap,queued,3,judge,judge_service,18,89.77,93.66,72.75,8
20260928-114630,editscore_72b,overlap,queued,3,judge,judge_service,19,93.66,97.28,72.96,8
20260928-114630,editscore_72b,overlap,queued,3,judge,judge_service,20,97.28,101.11,73.08,8
20260928-114630,editscore_72b,overlap,queued,3,judge,judge_service,21,101.11,105.76,74.96,8
20260928-114630,editscore_72b,overlap,queued,3,judge,judge_service,22,105.76,109.61,78.73,8
20260928-114630,editscore_72b,overlap,queued,3,judge,judge_service,23,109.61,113.69,82.54,8
20260928-114630,editscore_72b,overlap,queued,3,judge,judge_service,24,113.69,117.64,86.09,8
20260928-114630,editscore_72b,overlap,queued,3,judge,judge_service,25,117.64,121.44,96.58,8
20260928-114630,editscore_72b,overlap,queued,3,judge,judge_service,26,121.44,125.38,96.89,8
20260928-114630,editscore_72b,overlap,queued,3,judge,judge_service,27,125.38,129.24,97.38,8
20260928-114630,editscore_72b,overlap,queued,3,judge,judge_service,28,129.24,132.94,101.20,8
20260928-114630,editscore_72b,overlap,queued,3,judge,judge_service,29,132.94,137.09,105.86,8
20260928-114630,editscore_72b,overlap,queued,3,judge,judge_service,30,137.09,141.01,109.72,8
20260928-114630,editscore_72b,overlap,queued,3,judge,judge_service,31,141.01,144.87,113.79,8
20260928-114630,editscore_72b,overlap,queued,3,judge,judge_service,32,144.87,148.79,117.74,8
20260928-124606,editscore_72b,overlap,depth1,2,rank0,generate,1,0.00,24.19,,8
20260928-124606,editscore_72b,overlap,depth1,2,rank0,generate,2,24.19,48.33,,8
20260928-124606,editscore_72b,overlap,depth1,2,rank0,generate,3,48.33,72.49,,8
20260928-124606,editscore_72b,overlap,depth1,2,rank0,generate,4,72.49,96.69,,8
20260928-124606,editscore_72b,overlap,depth1,2,rank1,generate,1,0.01,24.36,,8
20260928-124606,editscore_72b,overlap,depth1,2,rank1,generate,2,24.37,48.70,,8
20260928-124606,editscore_72b,overlap,depth1,2,rank1,generate,3,48.70,73.09,,8
20260928-124606,editscore_72b,overlap,depth1,2,rank1,generate,4,76.56,100.91,,8
20260928-124606,editscore_72b,overlap,depth1,2,rank2,generate,1,0.01,24.36,,8
20260928-124606,editscore_72b,overlap,depth1,2,rank2,generate,2,24.36,48.66,,8
20260928-124606,editscore_72b,overlap,depth1,2,rank2,generate,3,48.66,72.98,,8
20260928-124606,editscore_72b,overlap,depth1,2,rank2,generate,4,72.98,97.30,,8
20260928-124606,editscore_72b,overlap,depth1,2,rank3,generate,1,0.02,24.33,,8
20260928-124606,editscore_72b,overlap,depth1,2,rank3,generate,2,24.33,48.64,,8
20260928-124606,editscore_72b,overlap,depth1,2,rank3,generate,3,48.64,72.94,,8
20260928-124606,editscore_72b,overlap,depth1,2,rank3,generate,4,72.94,97.24,,8
20260928-124606,editscore_72b,overlap,depth1,2,rank4,generate,1,0.02,24.43,,8
20260928-124606,editscore_72b,overlap,depth1,2,rank4,generate,2,24.44,48.80,,8
20260928-124606,editscore_72b,overlap,depth1,2,rank4,generate,3,50.55,74.91,,8
20260928-124606,editscore_72b,overlap,depth1,2,rank4,generate,4,80.08,104.42,,8
20260928-124606,editscore_72b,overlap,depth1,2,rank5,generate,1,0.03,24.25,,8
20260928-124606,editscore_72b,overlap,depth1,2,rank5,generate,2,24.25,48.43,,8
20260928-124606,editscore_72b,overlap,depth1,2,rank5,generate,3,48.43,72.60,,8
20260928-124606,editscore_72b,overlap,depth1,2,rank5,generate,4,72.60,96.77,,8
20260928-124606,editscore_72b,overlap,depth1,2,rank6,generate,1,0.03,24.33,,8
20260928-124606,editscore_72b,overlap,depth1,2,rank6,generate,2,24.33,48.60,,8
20260928-124606,editscore_72b,overlap,depth1,2,rank6,generate,3,48.60,72.84,,8
20260928-124606,editscore_72b,overlap,depth1,2,rank6,generate,4,72.84,97.12,,8
20260928-124606,editscore_72b,overlap,depth1,2,rank7,generate,1,0.04,24.48,,8
20260928-124606,editscore_72b,overlap,depth1,2,rank7,generate,2,24.48,48.94,,8
20260928-124606,editscore_72b,overlap,depth1,2,rank7,generate,3,54.46,78.91,,8
20260928-124606,editscore_72b,overlap,depth1,2,rank7,generate,4,83.71,108.15,,8
20260928-124606,editscore_72b,overlap,depth1,2,rank0,reward_wait,1,24.19,28.22,,8
20260928-124606,editscore_72b,overlap,depth1,2,rank0,reward_wait,2,48.33,58.06,,8
20260928-124606,editscore_72b,overlap,depth1,2,rank0,reward_wait,3,72.49,87.65,,8
20260928-124606,editscore_72b,overlap,depth1,2,rank0,reward_wait,4,96.69,117.86,,8
20260928-124606,editscore_72b,overlap,depth1,2,rank1,reward_wait,1,24.36,43.18,,8
20260928-124606,editscore_72b,overlap,depth1,2,rank1,reward_wait,2,48.70,76.56,,8
20260928-124606,editscore_72b,overlap,depth1,2,rank1,reward_wait,3,76.56,106.21,,8
20260928-124606,editscore_72b,overlap,depth1,2,rank1,reward_wait,4,106.21,136.58,,8
20260928-124606,editscore_72b,overlap,depth1,2,rank2,reward_wait,1,24.36,47.09,,8
20260928-124606,editscore_72b,overlap,depth1,2,rank2,reward_wait,2,48.66,72.81,,8
20260928-124606,editscore_72b,overlap,depth1,2,rank2,reward_wait,3,72.98,102.58,,8
20260928-124606,editscore_72b,overlap,depth1,2,rank2,reward_wait,4,102.58,132.88,,8
20260928-124606,editscore_72b,overlap,depth1,2,rank3,reward_wait,1,24.33,35.77,,8
20260928-124606,editscore_72b,overlap,depth1,2,rank3,reward_wait,2,48.64,69.05,,8
20260928-124606,editscore_72b,overlap,depth1,2,rank3,reward_wait,3,72.94,98.83,,8
20260928-124606,editscore_72b,overlap,depth1,2,rank3,reward_wait,4,98.83,129.38,,8
20260928-124606,editscore_72b,overlap,depth1,2,rank4,reward_wait,1,24.43,50.55,,8
20260928-124606,editscore_72b,overlap,depth1,2,rank4,reward_wait,2,50.55,80.08,,8
20260928-124606,editscore_72b,overlap,depth1,2,rank4,reward_wait,3,80.08,110.30,,8
20260928-124606,editscore_72b,overlap,depth1,2,rank4,reward_wait,4,110.30,140.38,,8
20260928-124606,editscore_72b,overlap,depth1,2,rank5,reward_wait,1,24.25,31.89,,8
20260928-124606,editscore_72b,overlap,depth1,2,rank5,reward_wait,2,48.43,61.53,,8
20260928-124606,editscore_72b,overlap,depth1,2,rank5,reward_wait,3,72.60,91.39,,8
20260928-124606,editscore_72b,overlap,depth1,2,rank5,reward_wait,4,96.77,121.48,,8
20260928-124606,editscore_72b,overlap,depth1,2,rank6,reward_wait,1,24.33,39.50,,8
20260928-124606,editscore_72b,overlap,depth1,2,rank6,reward_wait,2,48.60,65.26,,8
20260928-124606,editscore_72b,overlap,depth1,2,rank6,reward_wait,3,72.84,94.99,,8
20260928-124606,editscore_72b,overlap,depth1,2,rank6,reward_wait,4,97.12,125.24,,8
20260928-124606,editscore_72b,overlap,depth1,2,rank7,reward_wait,1,24.48,54.46,,8
20260928-124606,editscore_72b,overlap,depth1,2,rank7,reward_wait,2,54.46,83.71,,8
20260928-124606,editscore_72b,overlap,depth1,2,rank7,reward_wait,3,83.71,114.16,,8
20260928-124606,editscore_72b,overlap,depth1,2,rank7,reward_wait,4,114.16,143.89,,8
20260928-124606,editscore_72b,overlap,depth1,2,judge,judge_service,1,24.34,28.21,24.34,8
20260928-124606,editscore_72b,overlap,depth1,2,judge,judge_service,2,28.21,31.88,24.40,8
20260928-124606,editscore_72b,overlap,depth1,2,judge,judge_service,3,31.88,35.76,24.47,8
20260928-124606,editscore_72b,overlap,depth1,2,judge,judge_service,4,35.76,39.50,24.49,8
20260928-124606,editscore_72b,overlap,depth1,2,judge,judge_service,5,39.50,43.17,24.51,8
20260928-124606,editscore_72b,overlap,depth1,2,judge,judge_service,6,43.17,47.01,24.52,8
20260928-124606,editscore_72b,overlap,depth1,2,judge,judge_service,7,47.01,50.55,24.57,8
20260928-124606,editscore_72b,overlap,depth1,2,judge,judge_service,8,50.55,54.46,24.62,8
20260928-124606,editscore_72b,overlap,depth1,2,judge,judge_service,9,54.46,58.06,48.46,8
20260928-124606,editscore_72b,overlap,depth1,2,judge,judge_service,10,58.06,61.53,48.56,8
20260928-124606,editscore_72b,overlap,depth1,2,judge,judge_service,11,61.53,65.26,48.73,8
20260928-124606,editscore_72b,overlap,depth1,2,judge,judge_service,12,65.26,69.04,48.76,8
20260928-124606,editscore_72b,overlap,depth1,2,judge,judge_service,13,69.04,72.81,48.79,8
20260928-124606,editscore_72b,overlap,depth1,2,judge,judge_service,14,72.81,76.56,48.83,8
20260928-124606,editscore_72b,overlap,depth1,2,judge,judge_service,15,76.56,80.07,50.68,8
20260928-124606,editscore_72b,overlap,depth1,2,judge,judge_service,16,80.07,83.70,54.59,8
20260928-124606,editscore_72b,overlap,depth1,2,judge,judge_service,17,83.70,87.64,72.62,8
20260928-124606,editscore_72b,overlap,depth1,2,judge,judge_service,18,87.64,91.39,72.72,8
20260928-124606,editscore_72b,overlap,depth1,2,judge,judge_service,19,91.39,94.94,72.99,8
20260928-124606,editscore_72b,overlap,depth1,2,judge,judge_service,20,94.94,98.82,73.08,8
20260928-124606,editscore_72b,overlap,depth1,2,judge,judge_service,21,98.82,102.58,73.11,8
20260928-124606,editscore_72b,overlap,depth1,2,judge,judge_service,22,102.58,106.21,76.68,8
20260928-124606,editscore_72b,overlap,depth1,2,judge,judge_service,23,106.21,110.30,80.20,8
20260928-124606,editscore_72b,overlap,depth1,2,judge,judge_service,24,110.30,114.15,83.84,8
20260928-124606,editscore_72b,overlap,depth1,2,judge,judge_service,25,114.15,117.86,96.79,8
20260928-124606,editscore_72b,overlap,depth1,2,judge,judge_service,26,117.86,121.48,96.87,8
20260928-124606,editscore_72b,overlap,depth1,2,judge,judge_service,27,121.48,125.24,97.23,8
20260928-124606,editscore_72b,overlap,depth1,2,judge,judge_service,28,125.24,129.38,98.92,8
20260928-124606,editscore_72b,overlap,depth1,2,judge,judge_service,29,129.38,132.88,102.67,8
20260928-124606,editscore_72b,overlap,depth1,2,judge,judge_service,30,132.88,136.57,106.31,8
20260928-124606,editscore_72b,overlap,depth1,2,judge,judge_service,31,136.57,140.38,110.39,8
20260928-124606,editscore_72b,overlap,depth1,2,judge,judge_service,32,140.38,143.88,114.25,8
20260928-124606,editscore_72b,overlap,depth1,3,rank0,generate,1,0.00,24.17,,8
20260928-124606,editscore_72b,overlap,depth1,3,rank0,generate,2,24.17,48.33,,8
20260928-124606,editscore_72b,overlap,depth1,3,rank0,generate,3,48.33,72.49,,8
20260928-124606,editscore_72b,overlap,depth1,3,rank0,generate,4,72.49,96.62,,8
20260928-124606,editscore_72b,overlap,depth1,3,rank1,generate,1,0.01,24.31,,8
20260928-124606,editscore_72b,overlap,depth1,3,rank1,generate,2,24.31,48.62,,8
20260928-124606,editscore_72b,overlap,depth1,3,rank1,generate,3,48.62,72.94,,8
20260928-124606,editscore_72b,overlap,depth1,3,rank1,generate,4,72.94,97.29,,8
20260928-124606,editscore_72b,overlap,depth1,3,rank2,generate,1,0.01,24.32,,8
20260928-124606,editscore_72b,overlap,depth1,3,rank2,generate,2,24.32,48.63,,8
20260928-124606,editscore_72b,overlap,depth1,3,rank2,generate,3,48.63,72.95,,8
20260928-124606,editscore_72b,overlap,depth1,3,rank2,generate,4,78.07,102.43,,8
20260928-124606,editscore_72b,overlap,depth1,3,rank3,generate,1,0.02,24.31,,8
20260928-124606,editscore_72b,overlap,depth1,3,rank3,generate,2,24.31,48.60,,8
20260928-124606,editscore_72b,overlap,depth1,3,rank3,generate,3,48.60,72.88,,8
20260928-124606,editscore_72b,overlap,depth1,3,rank3,generate,4,72.88,97.15,,8
20260928-124606,editscore_72b,overlap,depth1,3,rank4,generate,1,0.02,24.40,,8
20260928-124606,editscore_72b,overlap,depth1,3,rank4,generate,2,24.41,48.77,,8
20260928-124606,editscore_72b,overlap,depth1,3,rank4,generate,3,51.25,75.63,,8
20260928-124606,editscore_72b,overlap,depth1,3,rank4,generate,4,81.69,106.02,,8
20260928-124606,editscore_72b,overlap,depth1,3,rank5,generate,1,0.03,24.20,,8
20260928-124606,editscore_72b,overlap,depth1,3,rank5,generate,2,24.20,48.42,,8
20260928-124606,editscore_72b,overlap,depth1,3,rank5,generate,3,48.42,72.59,,8
20260928-124606,editscore_72b,overlap,depth1,3,rank5,generate,4,72.59,96.78,,8
20260928-124606,editscore_72b,overlap,depth1,3,rank6,generate,1,0.03,24.35,,8
20260928-124606,editscore_72b,overlap,depth1,3,rank6,generate,2,24.36,48.62,,8
20260928-124606,editscore_72b,overlap,depth1,3,rank6,generate,3,48.62,72.92,,8
20260928-124606,editscore_72b,overlap,depth1,3,rank6,generate,4,74.18,98.48,,8
20260928-124606,editscore_72b,overlap,depth1,3,rank7,generate,1,0.04,24.48,,8
20260928-124606,editscore_72b,overlap,depth1,3,rank7,generate,2,24.48,48.93,,8
20260928-124606,editscore_72b,overlap,depth1,3,rank7,generate,3,55.14,79.58,,8
20260928-124606,editscore_72b,overlap,depth1,3,rank7,generate,4,85.13,109.56,,8
20260928-124606,editscore_72b,overlap,depth1,3,rank0,reward_wait,1,24.17,28.22,,8
20260928-124606,editscore_72b,overlap,depth1,3,rank0,reward_wait,2,48.33,58.93,,8
20260928-124606,editscore_72b,overlap,depth1,3,rank0,reward_wait,3,72.49,88.92,,8
20260928-124606,editscore_72b,overlap,depth1,3,rank0,reward_wait,4,96.62,119.53,,8
20260928-124606,editscore_72b,overlap,depth1,3,rank1,reward_wait,1,24.31,39.33,,8
20260928-124606,editscore_72b,overlap,depth1,3,rank1,reward_wait,2,48.62,70.27,,8
20260928-124606,editscore_72b,overlap,depth1,3,rank1,reward_wait,3,72.94,100.30,,8
20260928-124606,editscore_72b,overlap,depth1,3,rank1,reward_wait,4,100.30,131.04,,8
20260928-124606,editscore_72b,overlap,depth1,3,rank2,reward_wait,1,24.32,43.23,,8
20260928-124606,editscore_72b,overlap,depth1,3,rank2,reward_wait,2,48.63,78.07,,8
20260928-124606,editscore_72b,overlap,depth1,3,rank2,reward_wait,3,78.07,107.95,,8
20260928-124606,editscore_72b,overlap,depth1,3,rank2,reward_wait,4,107.95,139.10,,8
20260928-124606,editscore_72b,overlap,depth1,3,rank3,reward_wait,1,24.31,35.45,,8
20260928-124606,editscore_72b,overlap,depth1,3,rank3,reward_wait,2,48.60,66.57,,8
20260928-124606,editscore_72b,overlap,depth1,3,rank3,reward_wait,3,72.88,96.49,,8
20260928-124606,editscore_72b,overlap,depth1,3,rank3,reward_wait,4,97.15,127.16,,8
20260928-124606,editscore_72b,overlap,depth1,3,rank4,reward_wait,1,24.40,51.25,,8
20260928-124606,editscore_72b,overlap,depth1,3,rank4,reward_wait,2,51.25,81.69,,8
20260928-124606,editscore_72b,overlap,depth1,3,rank4,reward_wait,3,81.69,111.88,,8
20260928-124606,editscore_72b,overlap,depth1,3,rank4,reward_wait,4,111.88,142.90,,8
20260928-124606,editscore_72b,overlap,depth1,3,rank5,reward_wait,1,24.20,31.89,,8
20260928-124606,editscore_72b,overlap,depth1,3,rank5,reward_wait,2,48.42,62.67,,8
20260928-124606,editscore_72b,overlap,depth1,3,rank5,reward_wait,3,72.59,92.70,,8
20260928-124606,editscore_72b,overlap,depth1,3,rank5,reward_wait,4,96.78,123.46,,8
20260928-124606,editscore_72b,overlap,depth1,3,rank6,reward_wait,1,24.36,47.39,,8
20260928-124606,editscore_72b,overlap,depth1,3,rank6,reward_wait,2,48.62,74.18,,8
20260928-124606,editscore_72b,overlap,depth1,3,rank6,reward_wait,3,74.18,104.36,,8
20260928-124606,editscore_72b,overlap,depth1,3,rank6,reward_wait,4,104.36,135.31,,8
20260928-124606,editscore_72b,overlap,depth1,3,rank7,reward_wait,1,24.48,55.14,,8
20260928-124606,editscore_72b,overlap,depth1,3,rank7,reward_wait,2,55.14,85.13,,8
20260928-124606,editscore_72b,overlap,depth1,3,rank7,reward_wait,3,85.13,115.80,,8
20260928-124606,editscore_72b,overlap,depth1,3,rank7,reward_wait,4,115.80,146.74,,8
20260928-124606,editscore_72b,overlap,depth1,3,judge,judge_service,1,24.31,28.21,24.31,8
20260928-124606,editscore_72b,overlap,depth1,3,judge,judge_service,2,28.21,31.89,24.34,8
20260928-124606,editscore_72b,overlap,depth1,3,judge,judge_service,3,31.89,35.44,24.44,8
20260928-124606,editscore_72b,overlap,depth1,3,judge,judge_service,4,35.44,39.33,24.46,8
20260928-124606,editscore_72b,overlap,depth1,3,judge,judge_service,5,39.33,43.22,24.47,8
20260928-124606,editscore_72b,overlap,depth1,3,judge,judge_service,6,43.22,47.39,24.51,8
20260928-124606,editscore_72b,overlap,depth1,3,judge,judge_service,7,47.39,51.24,24.54,8
20260928-124606,editscore_72b,overlap,depth1,3,judge,judge_service,8,51.24,55.14,24.60,8
20260928-124606,editscore_72b,overlap,depth1,3,judge,judge_service,9,55.14,58.93,48.45,8
20260928-124606,editscore_72b,overlap,depth1,3,judge,judge_service,10,58.93,62.67,48.57,8
20260928-124606,editscore_72b,overlap,depth1,3,judge,judge_service,11,62.67,66.56,48.73,8
20260928-124606,editscore_72b,overlap,depth1,3,judge,judge_service,12,66.56,70.26,48.75,8
20260928-124606,editscore_72b,overlap,depth1,3,judge,judge_service,13,70.26,74.17,48.76,8
20260928-124606,editscore_72b,overlap,depth1,3,judge,judge_service,14,74.17,78.07,48.77,8
20260928-124606,editscore_72b,overlap,depth1,3,judge,judge_service,15,78.07,81.69,51.37,8
20260928-124606,editscore_72b,overlap,depth1,3,judge,judge_service,16,81.69,85.12,55.26,8
20260928-124606,editscore_72b,overlap,depth1,3,judge,judge_service,17,85.12,88.91,72.61,8
20260928-124606,editscore_72b,overlap,depth1,3,judge,judge_service,18,88.91,92.70,72.74,8
20260928-124606,editscore_72b,overlap,depth1,3,judge,judge_service,19,92.70,96.49,73.01,8
20260928-124606,editscore_72b,overlap,depth1,3,judge,judge_service,20,96.49,100.30,73.07,8
20260928-124606,editscore_72b,overlap,depth1,3,judge,judge_service,21,100.30,104.36,74.31,8
20260928-124606,editscore_72b,overlap,depth1,3,judge,judge_service,22,104.36,107.95,78.20,8
20260928-124606,editscore_72b,overlap,depth1,3,judge,judge_service,23,107.95,111.87,81.82,8
20260928-124606,editscore_72b,overlap,depth1,3,judge,judge_service,24,111.87,115.80,85.25,8
20260928-124606,editscore_72b,overlap,depth1,3,judge,judge_service,25,115.80,119.53,96.72,8
20260928-124606,editscore_72b,overlap,depth1,3,judge,judge_service,26,119.53,123.45,96.88,8
20260928-124606,editscore_72b,overlap,depth1,3,judge,judge_service,27,123.45,127.16,97.25,8
20260928-124606,editscore_72b,overlap,depth1,3,judge,judge_service,28,127.16,131.03,100.39,8
20260928-124606,editscore_72b,overlap,depth1,3,judge,judge_service,29,131.03,135.30,104.49,8
20260928-124606,editscore_72b,overlap,depth1,3,judge,judge_service,30,135.30,139.10,108.08,8
20260928-124606,editscore_72b,overlap,depth1,3,judge,judge_service,31,139.10,142.89,111.97,8
20260928-124606,editscore_72b,overlap,depth1,3,judge,judge_service,32,142.89,146.74,115.90,8
20260928-131525,editscore_8b,overlap,queued,2,rank0,generate,1,0.00,24.15,,8
20260928-131525,editscore_8b,overlap,queued,2,rank0,generate,2,24.15,48.26,,8
20260928-131525,editscore_8b,overlap,queued,2,rank0,generate,3,48.26,72.40,,8
20260928-131525,editscore_8b,overlap,queued,2,rank0,generate,4,72.40,96.56,,8
20260928-131525,editscore_8b,overlap,queued,2,rank1,generate,1,0.00,24.35,,8
20260928-131525,editscore_8b,overlap,queued,2,rank1,generate,2,24.35,48.68,,8
20260928-131525,editscore_8b,overlap,queued,2,rank1,generate,3,48.68,73.05,,8
20260928-131525,editscore_8b,overlap,queued,2,rank1,generate,4,73.05,97.39,,8
20260928-131525,editscore_8b,overlap,queued,2,rank2,generate,1,0.01,24.37,,8
20260928-131525,editscore_8b,overlap,queued,2,rank2,generate,2,24.37,48.63,,8
20260928-131525,editscore_8b,overlap,queued,2,rank2,generate,3,48.63,72.92,,8
20260928-131525,editscore_8b,overlap,queued,2,rank2,generate,4,72.92,97.20,,8
20260928-131525,editscore_8b,overlap,queued,2,rank3,generate,1,0.01,24.36,,8
20260928-131525,editscore_8b,overlap,queued,2,rank3,generate,2,24.36,48.73,,8
20260928-131525,editscore_8b,overlap,queued,2,rank3,generate,3,48.73,73.05,,8
20260928-131525,editscore_8b,overlap,queued,2,rank3,generate,4,73.05,97.40,,8
20260928-131525,editscore_8b,overlap,queued,2,rank4,generate,1,0.01,24.16,,8
20260928-131525,editscore_8b,overlap,queued,2,rank4,generate,2,24.16,48.28,,8
20260928-131525,editscore_8b,overlap,queued,2,rank4,generate,3,48.28,72.44,,8
20260928-131525,editscore_8b,overlap,queued,2,rank4,generate,4,72.44,96.58,,8
20260928-131525,editscore_8b,overlap,queued,2,rank5,generate,1,0.02,24.30,,8
20260928-131525,editscore_8b,overlap,queued,2,rank5,generate,2,24.30,48.55,,8
20260928-131525,editscore_8b,overlap,queued,2,rank5,generate,3,48.55,72.81,,8
20260928-131525,editscore_8b,overlap,queued,2,rank5,generate,4,72.81,97.10,,8
20260928-131525,editscore_8b,overlap,queued,2,rank6,generate,1,0.02,24.35,,8
20260928-131525,editscore_8b,overlap,queued,2,rank6,generate,2,24.35,48.63,,8
20260928-131525,editscore_8b,overlap,queued,2,rank6,generate,3,48.63,72.95,,8
20260928-131525,editscore_8b,overlap,queued,2,rank6,generate,4,72.95,97.25,,8
20260928-131525,editscore_8b,overlap,queued,2,rank7,generate,1,0.02,24.47,,8
20260928-131525,editscore_8b,overlap,queued,2,rank7,generate,2,24.47,48.88,,8
20260928-131525,editscore_8b,overlap,queued,2,rank7,generate,3,48.88,73.30,,8
20260928-131525,editscore_8b,overlap,queued,2,rank7,generate,4,73.30,97.67,,8
20260928-131525,editscore_8b,overlap,queued,2,rank0,reward_wait,1,24.15,26.78,,8
20260928-131525,editscore_8b,overlap,queued,2,rank0,reward_wait,2,48.26,49.51,,8
20260928-131525,editscore_8b,overlap,queued,2,rank0,reward_wait,3,72.40,73.80,,8
20260928-131525,editscore_8b,overlap,queued,2,rank0,reward_wait,4,96.56,97.90,,8
20260928-131525,editscore_8b,overlap,queued,2,rank1,reward_wait,1,24.35,30.50,,8
20260928-131525,editscore_8b,overlap,queued,2,rank1,reward_wait,2,48.68,55.58,,8
20260928-131525,editscore_8b,overlap,queued,2,rank1,reward_wait,3,73.05,79.89,,8
20260928-131525,editscore_8b,overlap,queued,2,rank1,reward_wait,4,97.39,103.88,,8
20260928-131525,editscore_8b,overlap,queued,2,rank2,reward_wait,1,24.37,31.81,,8
20260928-131525,editscore_8b,overlap,queued,2,rank2,reward_wait,2,48.63,53.12,,8
20260928-131525,editscore_8b,overlap,queued,2,rank2,reward_wait,3,72.92,77.47,,8
20260928-131525,editscore_8b,overlap,queued,2,rank2,reward_wait,4,97.20,101.56,,8
20260928-131525,editscore_8b,overlap,queued,2,rank3,reward_wait,1,24.36,33.17,,8
20260928-131525,editscore_8b,overlap,queued,2,rank3,reward_wait,2,48.73,56.79,,8
20260928-131525,editscore_8b,overlap,queued,2,rank3,reward_wait,3,73.05,81.07,,8
20260928-131525,editscore_8b,overlap,queued,2,rank3,reward_wait,4,97.40,105.16,,8
20260928-131525,editscore_8b,overlap,queued,2,rank4,reward_wait,1,24.16,25.49,,8
20260928-131525,editscore_8b,overlap,queued,2,rank4,reward_wait,2,48.28,50.76,,8
20260928-131525,editscore_8b,overlap,queued,2,rank4,reward_wait,3,72.44,75.11,,8
20260928-131525,editscore_8b,overlap,queued,2,rank4,reward_wait,4,96.58,99.11,,8
20260928-131525,editscore_8b,overlap,queued,2,rank5,reward_wait,1,24.30,27.99,,8
20260928-131525,editscore_8b,overlap,queued,2,rank5,reward_wait,2,48.55,51.96,,8
20260928-131525,editscore_8b,overlap,queued,2,rank5,reward_wait,3,72.81,76.31,,8
20260928-131525,editscore_8b,overlap,queued,2,rank5,reward_wait,4,97.10,100.37,,8
20260928-131525,editscore_8b,overlap,queued,2,rank6,reward_wait,1,24.35,29.28,,8
20260928-131525,editscore_8b,overlap,queued,2,rank6,reward_wait,2,48.63,54.40,,8
20260928-131525,editscore_8b,overlap,queued,2,rank6,reward_wait,3,72.95,78.63,,8
20260928-131525,editscore_8b,overlap,queued,2,rank6,reward_wait,4,97.25,102.72,,8
20260928-131525,editscore_8b,overlap,queued,2,rank7,reward_wait,1,24.47,34.46,,8
20260928-131525,editscore_8b,overlap,queued,2,rank7,reward_wait,2,48.88,58.01,,8
20260928-131525,editscore_8b,overlap,queued,2,rank7,reward_wait,3,73.30,82.43,,8
20260928-131525,editscore_8b,overlap,queued,2,rank7,reward_wait,4,97.67,106.29,,8
20260928-131525,editscore_8b,overlap,queued,2,judge,judge_service,1,24.28,25.49,24.28,8
20260928-131525,editscore_8b,overlap,queued,2,judge,judge_service,2,25.49,26.78,24.29,8
20260928-131525,editscore_8b,overlap,queued,2,judge,judge_service,3,26.78,27.99,24.44,8
20260928-131525,editscore_8b,overlap,queued,2,judge,judge_service,4,27.99,29.28,24.49,8
20260928-131525,editscore_8b,overlap,queued,2,judge,judge_service,5,29.28,30.50,24.49,8
20260928-131525,editscore_8b,overlap,queued,2,judge,judge_service,6,30.50,31.81,24.51,8
20260928-131525,editscore_8b,overlap,queued,2,judge,judge_service,7,31.81,33.16,24.52,8
20260928-131525,editscore_8b,overlap,queued,2,judge,judge_service,8,33.16,34.46,24.61,8
20260928-131525,editscore_8b,overlap,queued,2,judge,judge_service,9,48.39,49.51,48.39,8
20260928-131525,editscore_8b,overlap,queued,2,judge,judge_service,10,49.51,50.75,48.41,8
20260928-131525,editscore_8b,overlap,queued,2,judge,judge_service,11,50.75,51.96,48.68,8
20260928-131525,editscore_8b,overlap,queued,2,judge,judge_service,12,51.96,53.12,48.76,8
20260928-131525,editscore_8b,overlap,queued,2,judge,judge_service,13,53.12,54.40,48.77,8
20260928-131525,editscore_8b,overlap,queued,2,judge,judge_service,14,54.40,55.57,48.80,8
20260928-131525,editscore_8b,overlap,queued,2,judge,judge_service,15,55.57,56.78,48.86,8
20260928-131525,editscore_8b,overlap,queued,2,judge,judge_service,16,56.78,58.00,49.01,8
20260928-131525,editscore_8b,overlap,queued,2,judge,judge_service,17,72.54,73.79,72.54,8
20260928-131525,editscore_8b,overlap,queued,2,judge,judge_service,18,73.79,75.10,72.57,8
20260928-131525,editscore_8b,overlap,queued,2,judge,judge_service,19,75.10,76.31,72.94,8
20260928-131525,editscore_8b,overlap,queued,2,judge,judge_service,20,76.31,77.47,73.06,8
20260928-131525,editscore_8b,overlap,queued,2,judge,judge_service,21,77.47,78.62,73.07,8
20260928-131525,editscore_8b,overlap,queued,2,judge,judge_service,22,78.62,79.89,73.17,8
20260928-131525,editscore_8b,overlap,queued,2,judge,judge_service,23,79.89,81.06,73.18,8
20260928-131525,editscore_8b,overlap,queued,2,judge,judge_service,24,81.06,82.43,73.43,8
20260928-131525,editscore_8b,overlap,queued,2,judge,judge_service,25,96.67,97.89,96.67,8
20260928-131525,editscore_8b,overlap,queued,2,judge,judge_service,26,97.89,99.11,96.68,8
20260928-131525,editscore_8b,overlap,queued,2,judge,judge_service,27,99.11,100.37,97.20,8
20260928-131525,editscore_8b,overlap,queued,2,judge,judge_service,28,100.37,101.55,97.30,8
20260928-131525,editscore_8b,overlap,queued,2,judge,judge_service,29,101.55,102.72,97.37,8
20260928-131525,editscore_8b,overlap,queued,2,judge,judge_service,30,102.72,103.87,97.50,8
20260928-131525,editscore_8b,overlap,queued,2,judge,judge_service,31,103.87,105.15,97.51,8
20260928-131525,editscore_8b,overlap,queued,2,judge,judge_service,32,105.15,106.28,97.77,8
20260928-131525,editscore_8b,overlap,queued,3,rank0,generate,1,0.00,24.17,,8
20260928-131525,editscore_8b,overlap,queued,3,rank0,generate,2,24.17,48.32,,8
20260928-131525,editscore_8b,overlap,queued,3,rank0,generate,3,48.32,72.45,,8
20260928-131525,editscore_8b,overlap,queued,3,rank0,generate,4,72.46,96.58,,8
20260928-131525,editscore_8b,overlap,queued,3,rank1,generate,1,0.00,24.35,,8
20260928-131525,editscore_8b,overlap,queued,3,rank1,generate,2,24.35,48.71,,8
20260928-131525,editscore_8b,overlap,queued,3,rank1,generate,3,48.71,73.05,,8
20260928-131525,editscore_8b,overlap,queued,3,rank1,generate,4,73.05,97.38,,8
20260928-131525,editscore_8b,overlap,queued,3,rank2,generate,1,0.00,24.31,,8
20260928-131525,editscore_8b,overlap,queued,3,rank2,generate,2,24.31,48.60,,8
20260928-131525,editscore_8b,overlap,queued,3,rank2,generate,3,48.60,72.87,,8
20260928-131525,editscore_8b,overlap,queued,3,rank2,generate,4,72.87,97.16,,8
20260928-131525,editscore_8b,overlap,queued,3,rank3,generate,1,0.01,24.35,,8
20260928-131525,editscore_8b,overlap,queued,3,rank3,generate,2,24.35,48.68,,8
20260928-131525,editscore_8b,overlap,queued,3,rank3,generate,3,48.68,73.01,,8
20260928-131525,editscore_8b,overlap,queued,3,rank3,generate,4,73.01,97.33,,8
20260928-131525,editscore_8b,overlap,queued,3,rank4,generate,1,0.01,24.18,,8
20260928-131525,editscore_8b,overlap,queued,3,rank4,generate,2,24.18,48.32,,8
20260928-131525,editscore_8b,overlap,queued,3,rank4,generate,3,48.32,72.46,,8
20260928-131525,editscore_8b,overlap,queued,3,rank4,generate,4,72.46,96.59,,8
20260928-131525,editscore_8b,overlap,queued,3,rank5,generate,1,0.02,24.31,,8
20260928-131525,editscore_8b,overlap,queued,3,rank5,generate,2,24.31,48.61,,8
20260928-131525,editscore_8b,overlap,queued,3,rank5,generate,3,48.61,72.85,,8
20260928-131525,editscore_8b,overlap,queued,3,rank5,generate,4,72.85,97.12,,8
20260928-131525,editscore_8b,overlap,queued,3,rank6,generate,1,0.02,24.37,,8
20260928-131525,editscore_8b,overlap,queued,3,rank6,generate,2,24.37,48.68,,8
20260928-131525,editscore_8b,overlap,queued,3,rank6,generate,3,48.68,72.99,,8
20260928-131525,editscore_8b,overlap,queued,3,rank6,generate,4,72.99,97.31,,8
20260928-131525,editscore_8b,overlap,queued,3,rank7,generate,1,0.03,24.44,,8
20260928-131525,editscore_8b,overlap,queued,3,rank7,generate,2,24.44,48.85,,8
20260928-131525,editscore_8b,overlap,queued,3,rank7,generate,3,48.85,73.26,,8
20260928-131525,editscore_8b,overlap,queued,3,rank7,generate,4,73.26,97.65,,8
20260928-131525,editscore_8b,overlap,queued,3,rank0,reward_wait,1,24.17,26.58,,8
20260928-131525,editscore_8b,overlap,queued,3,rank0,reward_wait,2,48.32,49.61,,8
20260928-131525,editscore_8b,overlap,queued,3,rank0,reward_wait,3,72.46,73.71,,8
20260928-131525,editscore_8b,overlap,queued,3,rank0,reward_wait,4,96.58,97.85,,8
20260928-131525,editscore_8b,overlap,queued,3,rank1,reward_wait,1,24.35,31.23,,8
20260928-131525,editscore_8b,overlap,queued,3,rank1,reward_wait,2,48.71,56.80,,8
20260928-131525,editscore_8b,overlap,queued,3,rank1,reward_wait,3,73.05,80.55,,8
20260928-131525,editscore_8b,overlap,queued,3,rank1,reward_wait,4,97.38,105.20,,8
20260928-131525,editscore_8b,overlap,queued,3,rank2,reward_wait,1,24.31,27.74,,8
20260928-131525,editscore_8b,overlap,queued,3,rank2,reward_wait,2,48.60,52.02,,8
20260928-131525,editscore_8b,overlap,queued,3,rank2,reward_wait,3,72.87,77.03,,8
20260928-131525,editscore_8b,overlap,queued,3,rank2,reward_wait,4,97.16,101.51,,8
20260928-131525,editscore_8b,overlap,queued,3,rank3,reward_wait,1,24.35,30.08,,8
20260928-131525,editscore_8b,overlap,queued,3,rank3,reward_wait,2,48.68,54.36,,8
20260928-131525,editscore_8b,overlap,queued,3,rank3,reward_wait,3,73.01,79.37,,8
20260928-131525,editscore_8b,overlap,queued,3,rank3,reward_wait,4,97.33,104.03,,8
20260928-131525,editscore_8b,overlap,queued,3,rank4,reward_wait,1,24.18,25.44,,8
20260928-131525,editscore_8b,overlap,queued,3,rank4,reward_wait,2,48.32,50.86,,8
20260928-131525,editscore_8b,overlap,queued,3,rank4,reward_wait,3,72.46,74.86,,8
20260928-131525,editscore_8b,overlap,queued,3,rank4,reward_wait,4,96.59,99.07,,8
20260928-131525,editscore_8b,overlap,queued,3,rank5,reward_wait,1,24.31,28.86,,8
20260928-131525,editscore_8b,overlap,queued,3,rank5,reward_wait,2,48.61,53.17,,8
20260928-131525,editscore_8b,overlap,queued,3,rank5,reward_wait,3,72.85,75.90,,8
20260928-131525,editscore_8b,overlap,queued,3,rank5,reward_wait,4,97.12,100.38,,8
20260928-131525,editscore_8b,overlap,queued,3,rank6,reward_wait,1,24.37,32.53,,8
20260928-131525,editscore_8b,overlap,queued,3,rank6,reward_wait,2,48.68,55.57,,8
20260928-131525,editscore_8b,overlap,queued,3,rank6,reward_wait,3,72.99,78.21,,8
20260928-131525,editscore_8b,overlap,queued,3,rank6,reward_wait,4,97.31,102.85,,8
20260928-131525,editscore_8b,overlap,queued,3,rank7,reward_wait,1,24.44,33.68,,8
20260928-131525,editscore_8b,overlap,queued,3,rank7,reward_wait,2,48.85,57.88,,8
20260928-131525,editscore_8b,overlap,queued,3,rank7,reward_wait,3,73.26,81.71,,8
20260928-131525,editscore_8b,overlap,queued,3,rank7,reward_wait,4,97.65,106.30,,8
20260928-131525,editscore_8b,overlap,queued,3,judge,judge_service,1,24.30,25.44,24.30,8
20260928-131525,editscore_8b,overlap,queued,3,judge,judge_service,2,25.44,26.58,24.32,8
20260928-131525,editscore_8b,overlap,queued,3,judge,judge_service,3,26.58,27.73,24.44,8
20260928-131525,editscore_8b,overlap,queued,3,judge,judge_service,4,27.73,28.86,24.45,8
20260928-131525,editscore_8b,overlap,queued,3,judge,judge_service,5,28.86,30.08,24.48,8
20260928-131525,editscore_8b,overlap,queued,3,judge,judge_service,6,30.08,31.23,24.50,8
20260928-131525,editscore_8b,overlap,queued,3,judge,judge_service,7,31.23,32.52,24.52,8
20260928-131525,editscore_8b,overlap,queued,3,judge,judge_service,8,32.52,33.67,24.57,8
20260928-131525,editscore_8b,overlap,queued,3,judge,judge_service,9,48.44,49.61,48.44,8
20260928-131525,editscore_8b,overlap,queued,3,judge,judge_service,10,49.61,50.85,48.46,8
20260928-131525,editscore_8b,overlap,queued,3,judge,judge_service,11,50.85,52.02,48.73,8
20260928-131525,editscore_8b,overlap,queued,3,judge,judge_service,12,52.02,53.17,48.74,8
20260928-131525,editscore_8b,overlap,queued,3,judge,judge_service,13,53.17,54.35,48.81,8
20260928-131525,editscore_8b,overlap,queued,3,judge,judge_service,14,54.35,55.56,48.83,8
20260928-131525,editscore_8b,overlap,queued,3,judge,judge_service,15,55.56,56.80,48.84,8
20260928-131525,editscore_8b,overlap,queued,3,judge,judge_service,16,56.80,57.88,48.98,8
20260928-131525,editscore_8b,overlap,queued,3,judge,judge_service,17,72.58,73.70,72.58,8
20260928-131525,editscore_8b,overlap,queued,3,judge,judge_service,18,73.70,74.86,72.59,8
20260928-131525,editscore_8b,overlap,queued,3,judge,judge_service,19,74.86,75.90,72.99,8
20260928-131525,editscore_8b,overlap,queued,3,judge,judge_service,20,75.90,77.03,73.00,8
20260928-131525,editscore_8b,overlap,queued,3,judge,judge_service,21,77.03,78.20,73.12,8
20260928-131525,editscore_8b,overlap,queued,3,judge,judge_service,22,78.20,79.37,73.15,8
20260928-131525,editscore_8b,overlap,queued,3,judge,judge_service,23,79.37,80.55,73.18,8
20260928-131525,editscore_8b,overlap,queued,3,judge,judge_service,24,80.55,81.70,73.40,8
20260928-131525,editscore_8b,overlap,queued,3,judge,judge_service,25,96.68,97.84,96.68,8
20260928-131525,editscore_8b,overlap,queued,3,judge,judge_service,26,97.84,99.06,96.69,8
20260928-131525,editscore_8b,overlap,queued,3,judge,judge_service,27,99.06,100.38,97.22,8
20260928-131525,editscore_8b,overlap,queued,3,judge,judge_service,28,100.38,101.51,97.25,8
20260928-131525,editscore_8b,overlap,queued,3,judge,judge_service,29,101.51,102.85,97.41,8
20260928-131525,editscore_8b,overlap,queued,3,judge,judge_service,30,102.85,104.02,97.43,8
20260928-131525,editscore_8b,overlap,queued,3,judge,judge_service,31,104.02,105.20,97.48,8
20260928-131525,editscore_8b,overlap,queued,3,judge,judge_service,32,105.20,106.30,97.74,8
